DVt-12,DVt-11,DVt-10,DVt-9,DVt-8,DVt-7,DVt-6,DVt-5,DVt-4,DVt-3,DVt-2,DVt-1
,,,,,,,,,,,
,,,,,,,,,,,45.87
,,,,,,,,,,45.87,60.52
,,,,,,,,,45.87,60.52,57.14
,,,,,,,,45.87,60.52,57.14,52.93
,,,,,,,45.87,60.52,57.14,52.93,70.67
,,,,,,45.87,60.52,57.14,52.93,70.67,46.99
,,,,,45.87,60.52,57.14,52.93,70.67,46.99,61.59
,,,,45.87,60.52,57.14,52.93,70.67,46.99,61.59,51.73
,,,45.87,60.52,57.14,52.93,70.67,46.99,61.59,51.73,60.21
,,45.87,60.52,57.14,52.93,70.67,46.99,61.59,51.73,60.21,62.86
,45.87,60.52,57.14,52.93,70.67,46.99,61.59,51.73,60.21,62.86,51.35
45.87,60.52,57.14,52.93,70.67,46.99,61.59,51.73,60.21,62.86,51.35,74.69
60.52,57.14,52.93,70.67,46.99,61.59,51.73,60.21,62.86,51.35,74.69,40.37
57.14,52.93,70.67,46.99,61.59,51.73,60.21,62.86,51.35,74.69,40.37,64.95
52.93,70.67,46.99,61.59,51.73,60.21,62.86,51.35,74.69,40.37,64.95,55.15
70.67,46.99,61.59,51.73,60.21,62.86,51.35,74.69,40.37,64.95,55.15,61.89
46.99,61.59,51.73,60.21,62.86,51.35,74.69,40.37,64.95,55.15,61.89,65.62
61.59,51.73,60.21,62.86,51.35,74.69,40.37,64.95,55.15,61.89,65.62,51.54
51.73,60.21,62.86,51.35,74.69,40.37,64.95,55.15,61.89,65.62,51.54,75.25
60.21,62.86,51.35,74.69,40.37,64.95,55.15,61.89,65.62,51.54,75.25,35.42
62.86,51.35,74.69,40.37,64.95,55.15,61.89,65.62,51.54,75.25,35.42,67.41
51.35,74.69,40.37,64.95,55.15,61.89,65.62,51.54,75.25,35.42,67.41,56.36
74.69,40.37,64.95,55.15,61.89,65.62,51.54,75.25,35.42,67.41,56.36,67.29
40.37,64.95,55.15,61.89,65.62,51.54,75.25,35.42,67.41,56.36,67.29,68.44
64.95,55.15,61.89,65.62,51.54,75.25,35.42,67.41,56.36,67.29,68.44,52.34
55.15,61.89,65.62,51.54,75.25,35.42,67.41,56.36,67.29,68.44,52.34,77.27
61.89,65.62,51.54,75.25,35.42,67.41,56.36,67.29,68.44,52.34,77.27,34.09
65.62,51.54,75.25,35.42,67.41,56.36,67.29,68.44,52.34,77.27,34.09,75.21
51.54,75.25,35.42,67.41,56.36,67.29,68.44,52.34,77.27,34.09,75.21,58.48
75.25,35.42,67.41,56.36,67.29,68.44,52.34,77.27,34.09,75.21,58.48,65.09
35.42,67.41,56.36,67.29,68.44,52.34,77.27,34.09,75.21,58.48,65.09,69.82
67.41,56.36,67.29,68.44,52.34,77.27,34.09,75.21,58.48,65.09,69.82,53.02
56.36,67.29,68.44,52.34,77.27,34.09,75.21,58.48,65.09,69.82,53.02,77.45
67.29,68.44,52.34,77.27,34.09,75.21,58.48,65.09,69.82,53.02,77.45,31.05
68.44,52.34,77.27,34.09,75.21,58.48,65.09,69.82,53.02,77.45,31.05,75.9
52.34,77.27,34.09,75.21,58.48,65.09,69.82,53.02,77.45,31.05,75.9,58.96
77.27,34.09,75.21,58.48,65.09,69.82,53.02,77.45,31.05,75.9,58.96,62.67
34.09,75.21,58.48,65.09,69.82,53.02,77.45,31.05,75.9,58.96,62.67,72.49
75.21,58.48,65.09,69.82,53.02,77.45,31.05,75.9,58.96,62.67,72.49,57.12
58.48,65.09,69.82,53.02,77.45,31.05,75.9,58.96,62.67,72.49,57.12,76.1
65.09,69.82,53.02,77.45,31.05,75.9,58.96,62.67,72.49,57.12,76.1,32.15
69.82,53.02,77.45,31.05,75.9,58.96,62.67,72.49,57.12,76.1,32.15,78.5
53.02,77.45,31.05,75.9,58.96,62.67,72.49,57.12,76.1,32.15,78.5,60.3
77.45,31.05,75.9,58.96,62.67,72.49,57.12,76.1,32.15,78.5,60.3,64.38
31.05,75.9,58.96,62.67,72.49,57.12,76.1,32.15,78.5,60.3,64.38,76.19
75.9,58.96,62.67,72.49,57.12,76.1,32.15,78.5,60.3,64.38,76.19,61.78
58.96,62.67,72.49,57.12,76.1,32.15,78.5,60.3,64.38,76.19,61.78,79.23
62.67,72.49,57.12,76.1,32.15,78.5,60.3,64.38,76.19,61.78,79.23,31.55
72.49,57.12,76.1,32.15,78.5,60.3,64.38,76.19,61.78,79.23,31.55,82.71
57.12,76.1,32.15,78.5,60.3,64.38,76.19,61.78,79.23,31.55,82.71,62.7
76.1,32.15,78.5,60.3,64.38,76.19,61.78,79.23,31.55,82.71,62.7,61.98
32.15,78.5,60.3,64.38,76.19,61.78,79.23,31.55,82.71,62.7,61.98,75.4
78.5,60.3,64.38,76.19,61.78,79.23,31.55,82.71,62.7,61.98,75.4,63.37
60.3,64.38,76.19,61.78,79.23,31.55,82.71,62.7,61.98,75.4,63.37,80.11
64.38,76.19,61.78,79.23,31.55,82.71,62.7,61.98,75.4,63.37,80.11,31.34
76.19,61.78,79.23,31.55,82.71,62.7,61.98,75.4,63.37,80.11,31.34,85.02
61.78,79.23,31.55,82.71,62.7,61.98,75.4,63.37,80.11,31.34,85.02,64.16
79.23,31.55,82.71,62.7,61.98,75.4,63.37,80.11,31.34,85.02,64.16,63.34
31.55,82.71,62.7,61.98,75.4,63.37,80.11,31.34,85.02,64.16,63.34,74.44
82.71,62.7,61.98,75.4,63.37,80.11,31.34,85.02,64.16,63.34,74.44,64.36
62.7,61.98,75.4,63.37,80.11,31.34,85.02,64.16,63.34,74.44,64.36,80.46
61.98,75.4,63.37,80.11,31.34,85.02,64.16,63.34,74.44,64.36,80.46,36.75
75.4,63.37,80.11,31.34,85.02,64.16,63.34,74.44,64.36,80.46,36.75,83.72
63.37,80.11,31.34,85.02,64.16,63.34,74.44,64.36,80.46,36.75,83.72,65.74
80.11,31.34,85.02,64.16,63.34,74.44,64.36,80.46,36.75,83.72,65.74,61.22
31.34,85.02,64.16,63.34,74.44,64.36,80.46,36.75,83.72,65.74,61.22,72.02
85.02,64.16,63.34,74.44,64.36,80.46,36.75,83.72,65.74,61.22,72.02,59.08
64.16,63.34,74.44,64.36,80.46,36.75,83.72,65.74,61.22,72.02,59.08,76.93
63.34,74.44,64.36,80.46,36.75,83.72,65.74,61.22,72.02,59.08,76.93,35.26
74.44,64.36,80.46,36.75,83.72,65.74,61.22,72.02,59.08,76.93,35.26,82.18
64.36,80.46,36.75,83.72,65.74,61.22,72.02,59.08,76.93,35.26,82.18,64.87
80.46,36.75,83.72,65.74,61.22,72.02,59.08,76.93,35.26,82.18,64.87,60.1
36.75,83.72,65.74,61.22,72.02,59.08,76.93,35.26,82.18,64.87,60.1,73.11
83.72,65.74,61.22,72.02,59.08,76.93,35.26,82.18,64.87,60.1,73.11,58.72
65.74,61.22,72.02,59.08,76.93,35.26,82.18,64.87,60.1,73.11,58.72,73.49
61.22,72.02,59.08,76.93,35.26,82.18,64.87,60.1,73.11,58.72,73.49,35.43
72.02,59.08,76.93,35.26,82.18,64.87,60.1,73.11,58.72,73.49,35.43,81.29
59.08,76.93,35.26,82.18,64.87,60.1,73.11,58.72,73.49,35.43,81.29,64.56
76.93,35.26,82.18,64.87,60.1,73.11,58.72,73.49,35.43,81.29,64.56,59.64
35.26,82.18,64.87,60.1,73.11,58.72,73.49,35.43,81.29,64.56,59.64,71.63
82.18,64.87,60.1,73.11,58.72,73.49,35.43,81.29,64.56,59.64,71.63,56.99
64.87,60.1,73.11,58.72,73.49,35.43,81.29,64.56,59.64,71.63,56.99,71.99
60.1,73.11,58.72,73.49,35.43,81.29,64.56,59.64,71.63,56.99,71.99,33.0
73.11,58.72,73.49,35.43,81.29,64.56,59.64,71.63,56.99,71.99,33.0,81.27
58.72,73.49,35.43,81.29,64.56,59.64,71.63,56.99,71.99,33.0,81.27,63.85
73.49,35.43,81.29,64.56,59.64,71.63,56.99,71.99,33.0,81.27,63.85,57.76
35.43,81.29,64.56,59.64,71.63,56.99,71.99,33.0,81.27,63.85,57.76,70.93
81.29,64.56,59.64,71.63,56.99,71.99,33.0,81.27,63.85,57.76,70.93,59.7
64.56,59.64,71.63,56.99,71.99,33.0,81.27,63.85,57.76,70.93,59.7,68.62
59.64,71.63,56.99,71.99,33.0,81.27,63.85,57.76,70.93,59.7,68.62,37.54
71.63,56.99,71.99,33.0,81.27,63.85,57.76,70.93,59.7,68.62,37.54,82.2
56.99,71.99,33.0,81.27,63.85,57.76,70.93,59.7,68.62,37.54,82.2,61.38
71.99,33.0,81.27,63.85,57.76,70.93,59.7,68.62,37.54,82.2,61.38,57.18
33.0,81.27,63.85,57.76,70.93,59.7,68.62,37.54,82.2,61.38,57.18,67.54
81.27,63.85,57.76,70.93,59.7,68.62,37.54,82.2,61.38,57.18,67.54,60.51
63.85,57.76,70.93,59.7,68.62,37.54,82.2,61.38,57.18,67.54,60.51,65.34
57.76,70.93,59.7,68.62,37.54,82.2,61.38,57.18,67.54,60.51,65.34,44.93
70.93,59.7,68.62,37.54,82.2,61.38,57.18,67.54,60.51,65.34,44.93,82.55
59.7,68.62,37.54,82.2,61.38,57.18,67.54,60.51,65.34,44.93,82.55,59.98
68.62,37.54,82.2,61.38,57.18,67.54,60.51,65.34,44.93,82.55,59.98,54.92
37.54,82.2,61.38,57.18,67.54,60.51,65.34,44.93,82.55,59.98,54.92,65.36
82.2,61.38,57.18,67.54,60.51,65.34,44.93,82.55,59.98,54.92,65.36,62.52
61.38,57.18,67.54,60.51,65.34,44.93,82.55,59.98,54.92,65.36,62.52,63.95
57.18,67.54,60.51,65.34,44.93,82.55,59.98,54.92,65.36,62.52,63.95,52.38
67.54,60.51,65.34,44.93,82.55,59.98,54.92,65.36,62.52,63.95,52.38,80.6
60.51,65.34,44.93,82.55,59.98,54.92,65.36,62.52,63.95,52.38,80.6,58.47
65.34,44.93,82.55,59.98,54.92,65.36,62.52,63.95,52.38,80.6,58.47,53.62
44.93,82.55,59.98,54.92,65.36,62.52,63.95,52.38,80.6,58.47,53.62,61.83
82.55,59.98,54.92,65.36,62.52,63.95,52.38,80.6,58.47,53.62,61.83,62.43
59.98,54.92,65.36,62.52,63.95,52.38,80.6,58.47,53.62,61.83,62.43,60.93
54.92,65.36,62.52,63.95,52.38,80.6,58.47,53.62,61.83,62.43,60.93,55.72
65.36,62.52,63.95,52.38,80.6,58.47,53.62,61.83,62.43,60.93,55.72,74.76
62.52,63.95,52.38,80.6,58.47,53.62,61.83,62.43,60.93,55.72,74.76,55.03
63.95,52.38,80.6,58.47,53.62,61.83,62.43,60.93,55.72,74.76,55.03,50.79
52.38,80.6,58.47,53.62,61.83,62.43,60.93,55.72,74.76,55.03,50.79,59.52
80.6,58.47,53.62,61.83,62.43,60.93,55.72,74.76,55.03,50.79,59.52,60.87
58.47,53.62,61.83,62.43,60.93,55.72,74.76,55.03,50.79,59.52,60.87,61.33
53.62,61.83,62.43,60.93,55.72,74.76,55.03,50.79,59.52,60.87,61.33,56.85
61.83,62.43,60.93,55.72,74.76,55.03,50.79,59.52,60.87,61.33,56.85,73.74
62.43,60.93,55.72,74.76,55.03,50.79,59.52,60.87,61.33,56.85,73.74,51.99
60.93,55.72,74.76,55.03,50.79,59.52,60.87,61.33,56.85,73.74,51.99,47.91
55.72,74.76,55.03,50.79,59.52,60.87,61.33,56.85,73.74,51.99,47.91,52.52
74.76,55.03,50.79,59.52,60.87,61.33,56.85,73.74,51.99,47.91,52.52,60.26
55.03,50.79,59.52,60.87,61.33,56.85,73.74,51.99,47.91,52.52,60.26,58.78
50.79,59.52,60.87,61.33,56.85,73.74,51.99,47.91,52.52,60.26,58.78,56.27
59.52,60.87,61.33,56.85,73.74,51.99,47.91,52.52,60.26,58.78,56.27,69.09
60.87,61.33,56.85,73.74,51.99,47.91,52.52,60.26,58.78,56.27,69.09,47.92
61.33,56.85,73.74,51.99,47.91,52.52,60.26,58.78,56.27,69.09,47.92,41.97
56.85,73.74,51.99,47.91,52.52,60.26,58.78,56.27,69.09,47.92,41.97,44.94
73.74,51.99,47.91,52.52,60.26,58.78,56.27,69.09,47.92,41.97,44.94,60.6
51.99,47.91,52.52,60.26,58.78,56.27,69.09,47.92,41.97,44.94,60.6,54.43
47.91,52.52,60.26,58.78,56.27,69.09,47.92,41.97,44.94,60.6,54.43,55.93
52.52,60.26,58.78,56.27,69.09,47.92,41.97,44.94,60.6,54.43,55.93,64.62
60.26,58.78,56.27,69.09,47.92,41.97,44.94,60.6,54.43,55.93,64.62,42.47
58.78,56.27,69.09,47.92,41.97,44.94,60.6,54.43,55.93,64.62,42.47,40.03
56.27,69.09,47.92,41.97,44.94,60.6,54.43,55.93,64.62,42.47,40.03,39.31
69.09,47.92,41.97,44.94,60.6,54.43,55.93,64.62,42.47,40.03,39.31,59.85
47.92,41.97,44.94,60.6,54.43,55.93,64.62,42.47,40.03,39.31,59.85,49.79
41.97,44.94,60.6,54.43,55.93,64.62,42.47,40.03,39.31,59.85,49.79,54.32
44.94,60.6,54.43,55.93,64.62,42.47,40.03,39.31,59.85,49.79,54.32,60.77
60.6,54.43,55.93,64.62,42.47,40.03,39.31,59.85,49.79,54.32,60.77,37.8
54.43,55.93,64.62,42.47,40.03,39.31,59.85,49.79,54.32,60.77,37.8,36.29
55.93,64.62,42.47,40.03,39.31,59.85,49.79,54.32,60.77,37.8,36.29,40.73
64.62,42.47,40.03,39.31,59.85,49.79,54.32,60.77,37.8,36.29,40.73,60.17
42.47,40.03,39.31,59.85,49.79,54.32,60.77,37.8,36.29,40.73,60.17,46.22
40.03,39.31,59.85,49.79,54.32,60.77,37.8,36.29,40.73,60.17,46.22,50.81
39.31,59.85,49.79,54.32,60.77,37.8,36.29,40.73,60.17,46.22,50.81,60.74
59.85,49.79,54.32,60.77,37.8,36.29,40.73,60.17,46.22,50.81,60.74,33.13
49.79,54.32,60.77,37.8,36.29,40.73,60.17,46.22,50.81,60.74,33.13,34.79
54.32,60.77,37.8,36.29,40.73,60.17,46.22,50.81,60.74,33.13,34.79,41.89
60.77,37.8,36.29,40.73,60.17,46.22,50.81,60.74,33.13,34.79,41.89,61.11
37.8,36.29,40.73,60.17,46.22,50.81,60.74,33.13,34.79,41.89,61.11,43.39
36.29,40.73,60.17,46.22,50.81,60.74,33.13,34.79,41.89,61.11,43.39,50.41
40.73,60.17,46.22,50.81,60.74,33.13,34.79,41.89,61.11,43.39,50.41,60.78
60.17,46.22,50.81,60.74,33.13,34.79,41.89,61.11,43.39,50.41,60.78,30.02
46.22,50.81,60.74,33.13,34.79,41.89,61.11,43.39,50.41,60.78,30.02,34.02
50.81,60.74,33.13,34.79,41.89,61.11,43.39,50.41,60.78,30.02,34.02,40.62
60.74,33.13,34.79,41.89,61.11,43.39,50.41,60.78,30.02,34.02,40.62,62.01
33.13,34.79,41.89,61.11,43.39,50.41,60.78,30.02,34.02,40.62,62.01,44.58
34.79,41.89,61.11,43.39,50.41,60.78,30.02,34.02,40.62,62.01,44.58,50.62
41.89,61.11,43.39,50.41,60.78,30.02,34.02,40.62,62.01,44.58,50.62,57.14
61.11,43.39,50.41,60.78,30.02,34.02,40.62,62.01,44.58,50.62,57.14,27.41
43.39,50.41,60.78,30.02,34.02,40.62,62.01,44.58,50.62,57.14,27.41,33.76
50.41,60.78,30.02,34.02,40.62,62.01,44.58,50.62,57.14,27.41,33.76,38.8
60.78,30.02,34.02,40.62,62.01,44.58,50.62,57.14,27.41,33.76,38.8,62.24
30.02,34.02,40.62,62.01,44.58,50.62,57.14,27.41,33.76,38.8,62.24,44.31
34.02,40.62,62.01,44.58,50.62,57.14,27.41,33.76,38.8,62.24,44.31,49.41
40.62,62.01,44.58,50.62,57.14,27.41,33.76,38.8,62.24,44.31,49.41,53.24
62.01,44.58,50.62,57.14,27.41,33.76,38.8,62.24,44.31,49.41,53.24,25.57
44.58,50.62,57.14,27.41,33.76,38.8,62.24,44.31,49.41,53.24,25.57,36.08
50.62,57.14,27.41,33.76,38.8,62.24,44.31,49.41,53.24,25.57,36.08,39.1
57.14,27.41,33.76,38.8,62.24,44.31,49.41,53.24,25.57,36.08,39.1,60.97
27.41,33.76,38.8,62.24,44.31,49.41,53.24,25.57,36.08,39.1,60.97,44.3
33.76,38.8,62.24,44.31,49.41,53.24,25.57,36.08,39.1,60.97,44.3,49.19
38.8,62.24,44.31,49.41,53.24,25.57,36.08,39.1,60.97,44.3,49.19,50.19
62.24,44.31,49.41,53.24,25.57,36.08,39.1,60.97,44.3,49.19,50.19,23.49
44.31,49.41,53.24,25.57,36.08,39.1,60.97,44.3,49.19,50.19,23.49,34.72
49.41,53.24,25.57,36.08,39.1,60.97,44.3,49.19,50.19,23.49,34.72,41.05
53.24,25.57,36.08,39.1,60.97,44.3,49.19,50.19,23.49,34.72,41.05,60.7
25.57,36.08,39.1,60.97,44.3,49.19,50.19,23.49,34.72,41.05,60.7,44.62
36.08,39.1,60.97,44.3,49.19,50.19,23.49,34.72,41.05,60.7,44.62,48.16
39.1,60.97,44.3,49.19,50.19,23.49,34.72,41.05,60.7,44.62,48.16,49.86
60.97,44.3,49.19,50.19,23.49,34.72,41.05,60.7,44.62,48.16,49.86,21.36
44.3,49.19,50.19,23.49,34.72,41.05,60.7,44.62,48.16,49.86,21.36,36.45
49.19,50.19,23.49,34.72,41.05,60.7,44.62,48.16,49.86,21.36,36.45,41.89
50.19,23.49,34.72,41.05,60.7,44.62,48.16,49.86,21.36,36.45,41.89,59.65
23.49,34.72,41.05,60.7,44.62,48.16,49.86,21.36,36.45,41.89,59.65,45.7
34.72,41.05,60.7,44.62,48.16,49.86,21.36,36.45,41.89,59.65,45.7,46.58
41.05,60.7,44.62,48.16,49.86,21.36,36.45,41.89,59.65,45.7,46.58,50.16
60.7,44.62,48.16,49.86,21.36,36.45,41.89,59.65,45.7,46.58,50.16,19.08
44.62,48.16,49.86,21.36,36.45,41.89,59.65,45.7,46.58,50.16,19.08,37.75
48.16,49.86,21.36,36.45,41.89,59.65,45.7,46.58,50.16,19.08,37.75,44.65
49.86,21.36,36.45,41.89,59.65,45.7,46.58,50.16,19.08,37.75,44.65,57.82
21.36,36.45,41.89,59.65,45.7,46.58,50.16,19.08,37.75,44.65,57.82,41.65
36.45,41.89,59.65,45.7,46.58,50.16,19.08,37.75,44.65,57.82,41.65,42.86
41.89,59.65,45.7,46.58,50.16,19.08,37.75,44.65,57.82,41.65,42.86,48.6
59.65,45.7,46.58,50.16,19.08,37.75,44.65,57.82,41.65,42.86,48.6,17.22
45.7,46.58,50.16,19.08,37.75,44.65,57.82,41.65,42.86,48.6,17.22,36.93
46.58,50.16,19.08,37.75,44.65,57.82,41.65,42.86,48.6,17.22,36.93,48.86
50.16,19.08,37.75,44.65,57.82,41.65,42.86,48.6,17.22,36.93,48.86,57.11
19.08,37.75,44.65,57.82,41.65,42.86,48.6,17.22,36.93,48.86,57.11,41.78
37.75,44.65,57.82,41.65,42.86,48.6,17.22,36.93,48.86,57.11,41.78,43.29
44.65,57.82,41.65,42.86,48.6,17.22,36.93,48.86,57.11,41.78,43.29,47.46
57.82,41.65,42.86,48.6,17.22,36.93,48.86,57.11,41.78,43.29,47.46,14.95
41.65,42.86,48.6,17.22,36.93,48.86,57.11,41.78,43.29,47.46,14.95,35.07
42.86,48.6,17.22,36.93,48.86,57.11,41.78,43.29,47.46,14.95,35.07,52.12
48.6,17.22,36.93,48.86,57.11,41.78,43.29,47.46,14.95,35.07,52.12,55.83
17.22,36.93,48.86,57.11,41.78,43.29,47.46,14.95,35.07,52.12,55.83,43.7
36.93,48.86,57.11,41.78,43.29,47.46,14.95,35.07,52.12,55.83,43.7,42.49
48.86,57.11,41.78,43.29,47.46,14.95,35.07,52.12,55.83,43.7,42.49,43.65
57.11,41.78,43.29,47.46,14.95,35.07,52.12,55.83,43.7,42.49,43.65,13.03
41.78,43.29,47.46,14.95,35.07,52.12,55.83,43.7,42.49,43.65,13.03,35.56
43.29,47.46,14.95,35.07,52.12,55.83,43.7,42.49,43.65,13.03,35.56,55.42
47.46,14.95,35.07,52.12,55.83,43.7,42.49,43.65,13.03,35.56,55.42,55.05
14.95,35.07,52.12,55.83,43.7,42.49,43.65,13.03,35.56,55.42,55.05,44.71
35.07,52.12,55.83,43.7,42.49,43.65,13.03,35.56,55.42,55.05,44.71,45.33
52.12,55.83,43.7,42.49,43.65,13.03,35.56,55.42,55.05,44.71,45.33,40.34
55.83,43.7,42.49,43.65,13.03,35.56,55.42,55.05,44.71,45.33,40.34,11.61
43.7,42.49,43.65,13.03,35.56,55.42,55.05,44.71,45.33,40.34,11.61,32.69
42.49,43.65,13.03,35.56,55.42,55.05,44.71,45.33,40.34,11.61,32.69,54.49
43.65,13.03,35.56,55.42,55.05,44.71,45.33,40.34,11.61,32.69,54.49,54.77
13.03,35.56,55.42,55.05,44.71,45.33,40.34,11.61,32.69,54.49,54.77,43.6
35.56,55.42,55.05,44.71,45.33,40.34,11.61,32.69,54.49,54.77,43.6,52.02
55.42,55.05,44.71,45.33,40.34,11.61,32.69,54.49,54.77,43.6,52.02,31.61
55.05,44.71,45.33,40.34,11.61,32.69,54.49,54.77,43.6,52.02,31.61,9.67
44.71,45.33,40.34,11.61,32.69,54.49,54.77,43.6,52.02,31.61,9.67,30.47
45.33,40.34,11.61,32.69,54.49,54.77,43.6,52.02,31.61,9.67,30.47,53.12
40.34,11.61,32.69,54.49,54.77,43.6,52.02,31.61,9.67,30.47,53.12,53.72
11.61,32.69,54.49,54.77,43.6,52.02,31.61,9.67,30.47,53.12,53.72,38.13
32.69,54.49,54.77,43.6,52.02,31.61,9.67,30.47,53.12,53.72,38.13,55.02
54.49,54.77,43.6,52.02,31.61,9.67,30.47,53.12,53.72,38.13,55.02,25.76
54.77,43.6,52.02,31.61,9.67,30.47,53.12,53.72,38.13,55.02,25.76,8.23
43.6,52.02,31.61,9.67,30.47,53.12,53.72,38.13,55.02,25.76,8.23,25.97
52.02,31.61,9.67,30.47,53.12,53.72,38.13,55.02,25.76,8.23,25.97,48.03
31.61,9.67,30.47,53.12,53.72,38.13,55.02,25.76,8.23,25.97,48.03,50.13
9.67,30.47,53.12,53.72,38.13,55.02,25.76,8.23,25.97,48.03,50.13,33.27
30.47,53.12,53.72,38.13,55.02,25.76,8.23,25.97,48.03,50.13,33.27,52.03
53.12,53.72,38.13,55.02,25.76,8.23,25.97,48.03,50.13,33.27,52.03,18.63
53.72,38.13,55.02,25.76,8.23,25.97,48.03,50.13,33.27,52.03,18.63,7.1
38.13,55.02,25.76,8.23,25.97,48.03,50.13,33.27,52.03,18.63,7.1,23.07
55.02,25.76,8.23,25.97,48.03,50.13,33.27,52.03,18.63,7.1,23.07,41.68
25.76,8.23,25.97,48.03,50.13,33.27,52.03,18.63,7.1,23.07,41.68,45.61
8.23,25.97,48.03,50.13,33.27,52.03,18.63,7.1,23.07,41.68,45.61,28.46
25.97,48.03,50.13,33.27,52.03,18.63,7.1,23.07,41.68,45.61,28.46,50.92
48.03,50.13,33.27,52.03,18.63,7.1,23.07,41.68,45.61,28.46,50.92,15.56
50.13,33.27,52.03,18.63,7.1,23.07,41.68,45.61,28.46,50.92,15.56,6.33
33.27,52.03,18.63,7.1,23.07,41.68,45.61,28.46,50.92,15.56,6.33,19.17
52.03,18.63,7.1,23.07,41.68,45.61,28.46,50.92,15.56,6.33,19.17,38.27
18.63,7.1,23.07,41.68,45.61,28.46,50.92,15.56,6.33,19.17,38.27,45.53
7.1,23.07,41.68,45.61,28.46,50.92,15.56,6.33,19.17,38.27,45.53,24.57
23.07,41.68,45.61,28.46,50.92,15.56,6.33,19.17,38.27,45.53,24.57,52.57
41.68,45.61,28.46,50.92,15.56,6.33,19.17,38.27,45.53,24.57,52.57,15.0
45.61,28.46,50.92,15.56,6.33,19.17,38.27,45.53,24.57,52.57,15.0,5.79
28.46,50.92,15.56,6.33,19.17,38.27,45.53,24.57,52.57,15.0,5.79,15.98
50.92,15.56,6.33,19.17,38.27,45.53,24.57,52.57,15.0,5.79,15.98,33.4
15.56,6.33,19.17,38.27,45.53,24.57,52.57,15.0,5.79,15.98,33.4,42.77
6.33,19.17,38.27,45.53,24.57,52.57,15.0,5.79,15.98,33.4,42.77,19.71
19.17,38.27,45.53,24.57,52.57,15.0,5.79,15.98,33.4,42.77,19.71,48.44
38.27,45.53,24.57,52.57,15.0,5.79,15.98,33.4,42.77,19.71,48.44,13.2
45.53,24.57,52.57,15.0,5.79,15.98,33.4,42.77,19.71,48.44,13.2,5.36
24.57,52.57,15.0,5.79,15.98,33.4,42.77,19.71,48.44,13.2,5.36,15.41
52.57,15.0,5.79,15.98,33.4,42.77,19.71,48.44,13.2,5.36,15.41,30.49
15.0,5.79,15.98,33.4,42.77,19.71,48.44,13.2,5.36,15.41,30.49,40.17
5.79,15.98,33.4,42.77,19.71,48.44,13.2,5.36,15.41,30.49,40.17,18.09
15.98,33.4,42.77,19.71,48.44,13.2,5.36,15.41,30.49,40.17,18.09,45.62
33.4,42.77,19.71,48.44,13.2,5.36,15.41,30.49,40.17,18.09,45.62,11.37
42.77,19.71,48.44,13.2,5.36,15.41,30.49,40.17,18.09,45.62,11.37,4.98
19.71,48.44,13.2,5.36,15.41,30.49,40.17,18.09,45.62,11.37,4.98,14.97
48.44,13.2,5.36,15.41,30.49,40.17,18.09,45.62,11.37,4.98,14.97,28.9
13.2,5.36,15.41,30.49,40.17,18.09,45.62,11.37,4.98,14.97,28.9,38.56
5.36,15.41,30.49,40.17,18.09,45.62,11.37,4.98,14.97,28.9,38.56,16.95
15.41,30.49,40.17,18.09,45.62,11.37,4.98,14.97,28.9,38.56,16.95,39.25
30.49,40.17,18.09,45.62,11.37,4.98,14.97,28.9,38.56,16.95,39.25,10.0
40.17,18.09,45.62,11.37,4.98,14.97,28.9,38.56,16.95,39.25,10.0,4.76
18.09,45.62,11.37,4.98,14.97,28.9,38.56,16.95,39.25,10.0,4.76,13.63
45.62,11.37,4.98,14.97,28.9,38.56,16.95,39.25,10.0,4.76,13.63,26.89
11.37,4.98,14.97,28.9,38.56,16.95,39.25,10.0,4.76,13.63,26.89,38.35
4.98,14.97,28.9,38.56,16.95,39.25,10.0,4.76,13.63,26.89,38.35,17.45
14.97,28.9,38.56,16.95,39.25,10.0,4.76,13.63,26.89,38.35,17.45,39.49
28.9,38.56,16.95,39.25,10.0,4.76,13.63,26.89,38.35,17.45,39.49,10.25
38.56,16.95,39.25,10.0,4.76,13.63,26.89,38.35,17.45,39.49,10.25,4.59
16.95,39.25,10.0,4.76,13.63,26.89,38.35,17.45,39.49,10.25,4.59,14.25
39.25,10.0,4.76,13.63,26.89,38.35,17.45,39.49,10.25,4.59,14.25,21.87
10.0,4.76,13.63,26.89,38.35,17.45,39.49,10.25,4.59,14.25,21.87,36.4
4.76,13.63,26.89,38.35,17.45,39.49,10.25,4.59,14.25,21.87,36.4,16.36
13.63,26.89,38.35,17.45,39.49,10.25,4.59,14.25,21.87,36.4,16.36,37.55
26.89,38.35,17.45,39.49,10.25,4.59,14.25,21.87,36.4,16.36,37.55,10.15
38.35,17.45,39.49,10.25,4.59,14.25,21.87,36.4,16.36,37.55,10.15,5.02
17.45,39.49,10.25,4.59,14.25,21.87,36.4,16.36,37.55,10.15,5.02,14.2
39.49,10.25,4.59,14.25,21.87,36.4,16.36,37.55,10.15,5.02,14.2,18.14
10.25,4.59,14.25,21.87,36.4,16.36,37.55,10.15,5.02,14.2,18.14,34.73
4.59,14.25,21.87,36.4,16.36,37.55,10.15,5.02,14.2,18.14,34.73,15.91
14.25,21.87,36.4,16.36,37.55,10.15,5.02,14.2,18.14,34.73,15.91,36.28
21.87,36.4,16.36,37.55,10.15,5.02,14.2,18.14,34.73,15.91,36.28,11.36
36.4,16.36,37.55,10.15,5.02,14.2,18.14,34.73,15.91,36.28,11.36,4.58
16.36,37.55,10.15,5.02,14.2,18.14,34.73,15.91,36.28,11.36,4.58,13.38
37.55,10.15,5.02,14.2,18.14,34.73,15.91,36.28,11.36,4.58,13.38,17.41
10.15,5.02,14.2,18.14,34.73,15.91,36.28,11.36,4.58,13.38,17.41,31.47
5.02,14.2,18.14,34.73,15.91,36.28,11.36,4.58,13.38,17.41,31.47,14.37
14.2,18.14,34.73,15.91,36.28,11.36,4.58,13.38,17.41,31.47,14.37,27.04
18.14,34.73,15.91,36.28,11.36,4.58,13.38,17.41,31.47,14.37,27.04,11.02
34.73,15.91,36.28,11.36,4.58,13.38,17.41,31.47,14.37,27.04,11.02,5.46
15.91,36.28,11.36,4.58,13.38,17.41,31.47,14.37,27.04,11.02,5.46,17.97
36.28,11.36,4.58,13.38,17.41,31.47,14.37,27.04,11.02,5.46,17.97,20.39
11.36,4.58,13.38,17.41,31.47,14.37,27.04,11.02,5.46,17.97,20.39,31.68
4.58,13.38,17.41,31.47,14.37,27.04,11.02,5.46,17.97,20.39,31.68,16.63
13.38,17.41,31.47,14.37,27.04,11.02,5.46,17.97,20.39,31.68,16.63,18.02
17.41,31.47,14.37,27.04,11.02,5.46,17.97,20.39,31.68,16.63,18.02,14.66
31.47,14.37,27.04,11.02,5.46,17.97,20.39,31.68,16.63,18.02,14.66,7.32
14.37,27.04,11.02,5.46,17.97,20.39,31.68,16.63,18.02,14.66,7.32,22.52
27.04,11.02,5.46,17.97,20.39,31.68,16.63,18.02,14.66,7.32,22.52,22.12
11.02,5.46,17.97,20.39,31.68,16.63,18.02,14.66,7.32,22.52,22.12,32.53
5.46,17.97,20.39,31.68,16.63,18.02,14.66,7.32,22.52,22.12,32.53,20.73
17.97,20.39,31.68,16.63,18.02,14.66,7.32,22.52,22.12,32.53,20.73,14.39
20.39,31.68,16.63,18.02,14.66,7.32,22.52,22.12,32.53,20.73,14.39,19.67
31.68,16.63,18.02,14.66,7.32,22.52,22.12,32.53,20.73,14.39,19.67,9.96
16.63,18.02,14.66,7.32,22.52,22.12,32.53,20.73,14.39,19.67,9.96,27.1
18.02,14.66,7.32,22.52,22.12,32.53,20.73,14.39,19.67,9.96,27.1,24.94
14.66,7.32,22.52,22.12,32.53,20.73,14.39,19.67,9.96,27.1,24.94,35.48
7.32,22.52,22.12,32.53,20.73,14.39,19.67,9.96,27.1,24.94,35.48,25.59
22.52,22.12,32.53,20.73,14.39,19.67,9.96,27.1,24.94,35.48,25.59,16.53
22.12,32.53,20.73,14.39,19.67,9.96,27.1,24.94,35.48,25.59,16.53,27.11
32.53,20.73,14.39,19.67,9.96,27.1,24.94,35.48,25.59,16.53,27.11,13.86
20.73,14.39,19.67,9.96,27.1,24.94,35.48,25.59,16.53,27.11,13.86,28.87
14.39,19.67,9.96,27.1,24.94,35.48,25.59,16.53,27.11,13.86,28.87,28.99
19.67,9.96,27.1,24.94,35.48,25.59,16.53,27.11,13.86,28.87,28.99,37.89
9.96,27.1,24.94,35.48,25.59,16.53,27.11,13.86,28.87,28.99,37.89,30.8
27.1,24.94,35.48,25.59,16.53,27.11,13.86,28.87,28.99,37.89,30.8,17.64
24.94,35.48,25.59,16.53,27.11,13.86,28.87,28.99,37.89,30.8,17.64,34.06
35.48,25.59,16.53,27.11,13.86,28.87,28.99,37.89,30.8,17.64,34.06,17.66
25.59,16.53,27.11,13.86,28.87,28.99,37.89,30.8,17.64,34.06,17.66,32.2
16.53,27.11,13.86,28.87,28.99,37.89,30.8,17.64,34.06,17.66,32.2,33.4
27.11,13.86,28.87,28.99,37.89,30.8,17.64,34.06,17.66,32.2,33.4,38.02
13.86,28.87,28.99,37.89,30.8,17.64,34.06,17.66,32.2,33.4,38.02,35.96
28.87,28.99,37.89,30.8,17.64,34.06,17.66,32.2,33.4,38.02,35.96,18.38
28.99,37.89,30.8,17.64,34.06,17.66,32.2,33.4,38.02,35.96,18.38,35.78
37.89,30.8,17.64,34.06,17.66,32.2,33.4,38.02,35.96,18.38,35.78,20.49
30.8,17.64,34.06,17.66,32.2,33.4,38.02,35.96,18.38,35.78,20.49,34.67
17.64,34.06,17.66,32.2,33.4,38.02,35.96,18.38,35.78,20.49,34.67,37.68
34.06,17.66,32.2,33.4,38.02,35.96,18.38,35.78,20.49,34.67,37.68,39.1
17.66,32.2,33.4,38.02,35.96,18.38,35.78,20.49,34.67,37.68,39.1,42.72
32.2,33.4,38.02,35.96,18.38,35.78,20.49,34.67,37.68,39.1,42.72,20.45
33.4,38.02,35.96,18.38,35.78,20.49,34.67,37.68,39.1,42.72,20.45,39.28
38.02,35.96,18.38,35.78,20.49,34.67,37.68,39.1,42.72,20.45,39.28,23.44
35.96,18.38,35.78,20.49,34.67,37.68,39.1,42.72,20.45,39.28,23.44,35.23
18.38,35.78,20.49,34.67,37.68,39.1,42.72,20.45,39.28,23.44,35.23,41.22
35.78,20.49,34.67,37.68,39.1,42.72,20.45,39.28,23.44,35.23,41.22,40.19
20.49,34.67,37.68,39.1,42.72,20.45,39.28,23.44,35.23,41.22,40.19,44.86
34.67,37.68,39.1,42.72,20.45,39.28,23.44,35.23,41.22,40.19,44.86,20.97
37.68,39.1,42.72,20.45,39.28,23.44,35.23,41.22,40.19,44.86,20.97,41.76
39.1,42.72,20.45,39.28,23.44,35.23,41.22,40.19,44.86,20.97,41.76,28.17
42.72,20.45,39.28,23.44,35.23,41.22,40.19,44.86,20.97,41.76,28.17,36.6
20.45,39.28,23.44,35.23,41.22,40.19,44.86,20.97,41.76,28.17,36.6,45.21
39.28,23.44,35.23,41.22,40.19,44.86,20.97,41.76,28.17,36.6,45.21,40.71
23.44,35.23,41.22,40.19,44.86,20.97,41.76,28.17,36.6,45.21,40.71,47.87
35.23,41.22,40.19,44.86,20.97,41.76,28.17,36.6,45.21,40.71,47.87,22.49
41.22,40.19,44.86,20.97,41.76,28.17,36.6,45.21,40.71,47.87,22.49,43.88
40.19,44.86,20.97,41.76,28.17,36.6,45.21,40.71,47.87,22.49,43.88,32.43
44.86,20.97,41.76,28.17,36.6,45.21,40.71,47.87,22.49,43.88,32.43,38.12
20.97,41.76,28.17,36.6,45.21,40.71,47.87,22.49,43.88,32.43,38.12,46.99
41.76,28.17,36.6,45.21,40.71,47.87,22.49,43.88,32.43,38.12,46.99,41.12
28.17,36.6,45.21,40.71,47.87,22.49,43.88,32.43,38.12,46.99,41.12,51.74
36.6,45.21,40.71,47.87,22.49,43.88,32.43,38.12,46.99,41.12,51.74,20.89
45.21,40.71,47.87,22.49,43.88,32.43,38.12,46.99,41.12,51.74,20.89,42.05
40.71,47.87,22.49,43.88,32.43,38.12,46.99,41.12,51.74,20.89,42.05,29.4
47.87,22.49,43.88,32.43,38.12,46.99,41.12,51.74,20.89,42.05,29.4,34.1
22.49,43.88,32.43,38.12,46.99,41.12,51.74,20.89,42.05,29.4,34.1,49.23
43.88,32.43,38.12,46.99,41.12,51.74,20.89,42.05,29.4,34.1,49.23,41.09
32.43,38.12,46.99,41.12,51.74,20.89,42.05,29.4,34.1,49.23,41.09,50.28
38.12,46.99,41.12,51.74,20.89,42.05,29.4,34.1,49.23,41.09,50.28,19.75
46.99,41.12,51.74,20.89,42.05,29.4,34.1,49.23,41.09,50.28,19.75,39.87
41.12,51.74,20.89,42.05,29.4,34.1,49.23,41.09,50.28,19.75,39.87,24.59
51.74,20.89,42.05,29.4,34.1,49.23,41.09,50.28,19.75,39.87,24.59,30.85
20.89,42.05,29.4,34.1,49.23,41.09,50.28,19.75,39.87,24.59,30.85,49.96
42.05,29.4,34.1,49.23,41.09,50.28,19.75,39.87,24.59,30.85,49.96,38.46
29.4,34.1,49.23,41.09,50.28,19.75,39.87,24.59,30.85,49.96,38.46,46.03
34.1,49.23,41.09,50.28,19.75,39.87,24.59,30.85,49.96,38.46,46.03,20.09
49.23,41.09,50.28,19.75,39.87,24.59,30.85,49.96,38.46,46.03,20.09,34.96
41.09,50.28,19.75,39.87,24.59,30.85,49.96,38.46,46.03,20.09,34.96,20.44
50.28,19.75,39.87,24.59,30.85,49.96,38.46,46.03,20.09,34.96,20.44,26.26
19.75,39.87,24.59,30.85,49.96,38.46,46.03,20.09,34.96,20.44,26.26,50.82
39.87,24.59,30.85,49.96,38.46,46.03,20.09,34.96,20.44,26.26,50.82,37.61
24.59,30.85,49.96,38.46,46.03,20.09,34.96,20.44,26.26,50.82,37.61,42.58
30.85,49.96,38.46,46.03,20.09,34.96,20.44,26.26,50.82,37.61,42.58,19.03
49.96,38.46,46.03,20.09,34.96,20.44,26.26,50.82,37.61,42.58,19.03,30.49
38.46,46.03,20.09,34.96,20.44,26.26,50.82,37.61,42.58,19.03,30.49,20.66
46.03,20.09,34.96,20.44,26.26,50.82,37.61,42.58,19.03,30.49,20.66,23.2
20.09,34.96,20.44,26.26,50.82,37.61,42.58,19.03,30.49,20.66,23.2,51.8
34.96,20.44,26.26,50.82,37.61,42.58,19.03,30.49,20.66,23.2,51.8,38.43
20.44,26.26,50.82,37.61,42.58,19.03,30.49,20.66,23.2,51.8,38.43,40.83
26.26,50.82,37.61,42.58,19.03,30.49,20.66,23.2,51.8,38.43,40.83,20.47
50.82,37.61,42.58,19.03,30.49,20.66,23.2,51.8,38.43,40.83,20.47,27.64
37.61,42.58,19.03,30.49,20.66,23.2,51.8,38.43,40.83,20.47,27.64,20.7
42.58,19.03,30.49,20.66,23.2,51.8,38.43,40.83,20.47,27.64,20.7,19.54
19.03,30.49,20.66,23.2,51.8,38.43,40.83,20.47,27.64,20.7,19.54,54.4
30.49,20.66,23.2,51.8,38.43,40.83,20.47,27.64,20.7,19.54,54.4,39.91
20.66,23.2,51.8,38.43,40.83,20.47,27.64,20.7,19.54,54.4,39.91,41.72
23.2,51.8,38.43,40.83,20.47,27.64,20.7,19.54,54.4,39.91,41.72,20.69
51.8,38.43,40.83,20.47,27.64,20.7,19.54,54.4,39.91,41.72,20.69,25.95
38.43,40.83,20.47,27.64,20.7,19.54,54.4,39.91,41.72,20.69,25.95,21.95
40.83,20.47,27.64,20.7,19.54,54.4,39.91,41.72,20.69,25.95,21.95,15.79
20.47,27.64,20.7,19.54,54.4,39.91,41.72,20.69,25.95,21.95,15.79,54.94
27.64,20.7,19.54,54.4,39.91,41.72,20.69,25.95,21.95,15.79,54.94,39.87
20.7,19.54,54.4,39.91,41.72,20.69,25.95,21.95,15.79,54.94,39.87,37.9
19.54,54.4,39.91,41.72,20.69,25.95,21.95,15.79,54.94,39.87,37.9,18.55
54.4,39.91,41.72,20.69,25.95,21.95,15.79,54.94,39.87,37.9,18.55,21.46
39.91,41.72,20.69,25.95,21.95,15.79,54.94,39.87,37.9,18.55,21.46,17.14
41.72,20.69,25.95,21.95,15.79,54.94,39.87,37.9,18.55,21.46,17.14,12.44
20.69,25.95,21.95,15.79,54.94,39.87,37.9,18.55,21.46,17.14,12.44,51.23
25.95,21.95,15.79,54.94,39.87,37.9,18.55,21.46,17.14,12.44,51.23,40.01
21.95,15.79,54.94,39.87,37.9,18.55,21.46,17.14,12.44,51.23,40.01,35.69
15.79,54.94,39.87,37.9,18.55,21.46,17.14,12.44,51.23,40.01,35.69,21.4
54.94,39.87,37.9,18.55,21.46,17.14,12.44,51.23,40.01,35.69,21.4,18.41
39.87,37.9,18.55,21.46,17.14,12.44,51.23,40.01,35.69,21.4,18.41,13.95
37.9,18.55,21.46,17.14,12.44,51.23,40.01,35.69,21.4,18.41,13.95,13.2
18.55,21.46,17.14,12.44,51.23,40.01,35.69,21.4,18.41,13.95,13.2,45.57
21.46,17.14,12.44,51.23,40.01,35.69,21.4,18.41,13.95,13.2,45.57,39.71
17.14,12.44,51.23,40.01,35.69,21.4,18.41,13.95,13.2,45.57,39.71,34.07
12.44,51.23,40.01,35.69,21.4,18.41,13.95,13.2,45.57,39.71,34.07,22.17
51.23,40.01,35.69,21.4,18.41,13.95,13.2,45.57,39.71,34.07,22.17,16.43
40.01,35.69,21.4,18.41,13.95,13.2,45.57,39.71,34.07,22.17,16.43,14.67
35.69,21.4,18.41,13.95,13.2,45.57,39.71,34.07,22.17,16.43,14.67,20.46
21.4,18.41,13.95,13.2,45.57,39.71,34.07,22.17,16.43,14.67,20.46,45.43
18.41,13.95,13.2,45.57,39.71,34.07,22.17,16.43,14.67,20.46,45.43,39.03
13.95,13.2,45.57,39.71,34.07,22.17,16.43,14.67,20.46,45.43,39.03,32.68
13.2,45.57,39.71,34.07,22.17,16.43,14.67,20.46,45.43,39.03,32.68,28.06
45.57,39.71,34.07,22.17,16.43,14.67,20.46,45.43,39.03,32.68,28.06,19.13
39.71,34.07,22.17,16.43,14.67,20.46,45.43,39.03,32.68,28.06,19.13,15.51
34.07,22.17,16.43,14.67,20.46,45.43,39.03,32.68,28.06,19.13,15.51,24.74
22.17,16.43,14.67,20.46,45.43,39.03,32.68,28.06,19.13,15.51,24.74,44.62
16.43,14.67,20.46,45.43,39.03,32.68,28.06,19.13,15.51,24.74,44.62,36.28
14.67,20.46,45.43,39.03,32.68,28.06,19.13,15.51,24.74,44.62,36.28,30.91
20.46,45.43,39.03,32.68,28.06,19.13,15.51,24.74,44.62,36.28,30.91,32.16
45.43,39.03,32.68,28.06,19.13,15.51,24.74,44.62,36.28,30.91,32.16,20.06
39.03,32.68,28.06,19.13,15.51,24.74,44.62,36.28,30.91,32.16,20.06,10.92
32.68,28.06,19.13,15.51,24.74,44.62,36.28,30.91,32.16,20.06,10.92,37.51
28.06,19.13,15.51,24.74,44.62,36.28,30.91,32.16,20.06,10.92,37.51,39.47
19.13,15.51,24.74,44.62,36.28,30.91,32.16,20.06,10.92,37.51,39.47,28.81
15.51,24.74,44.62,36.28,30.91,32.16,20.06,10.92,37.51,39.47,28.81,22.61
24.74,44.62,36.28,30.91,32.16,20.06,10.92,37.51,39.47,28.81,22.61,25.0
44.62,36.28,30.91,32.16,20.06,10.92,37.51,39.47,28.81,22.61,25.0,24.55
36.28,30.91,32.16,20.06,10.92,37.51,39.47,28.81,22.61,25.0,24.55,10.67
30.91,32.16,20.06,10.92,37.51,39.47,28.81,22.61,25.0,24.55,10.67,40.51
32.16,20.06,10.92,37.51,39.47,28.81,22.61,25.0,24.55,10.67,40.51,37.3
20.06,10.92,37.51,39.47,28.81,22.61,25.0,24.55,10.67,40.51,37.3,28.84
10.92,37.51,39.47,28.81,22.61,25.0,24.55,10.67,40.51,37.3,28.84,20.7
37.51,39.47,28.81,22.61,25.0,24.55,10.67,40.51,37.3,28.84,20.7,26.19
39.47,28.81,22.61,25.0,24.55,10.67,40.51,37.3,28.84,20.7,26.19,22.68
28.81,22.61,25.0,24.55,10.67,40.51,37.3,28.84,20.7,26.19,22.68,11.9
22.61,25.0,24.55,10.67,40.51,37.3,28.84,20.7,26.19,22.68,11.9,32.74
25.0,24.55,10.67,40.51,37.3,28.84,20.7,26.19,22.68,11.9,32.74,32.74
24.55,10.67,40.51,37.3,28.84,20.7,26.19,22.68,11.9,32.74,32.74,30.48
10.67,40.51,37.3,28.84,20.7,26.19,22.68,11.9,32.74,32.74,30.48,18.21
40.51,37.3,28.84,20.7,26.19,22.68,11.9,32.74,32.74,30.48,18.21,30.48
37.3,28.84,20.7,26.19,22.68,11.9,32.74,32.74,30.48,18.21,30.48,17.36
28.84,20.7,26.19,22.68,11.9,32.74,32.74,30.48,18.21,30.48,17.36,13.76
20.7,26.19,22.68,11.9,32.74,32.74,30.48,18.21,30.48,17.36,13.76,30.22
26.19,22.68,11.9,32.74,32.74,30.48,18.21,30.48,17.36,13.76,30.22,28.52
22.68,11.9,32.74,32.74,30.48,18.21,30.48,17.36,13.76,30.22,28.52,34.36
11.9,32.74,32.74,30.48,18.21,30.48,17.36,13.76,30.22,28.52,34.36,23.19
32.74,32.74,30.48,18.21,30.48,17.36,13.76,30.22,28.52,34.36,23.19,34.24
32.74,30.48,18.21,30.48,17.36,13.76,30.22,28.52,34.36,23.19,34.24,20.99
30.48,18.21,30.48,17.36,13.76,30.22,28.52,34.36,23.19,34.24,20.99,13.77
18.21,30.48,17.36,13.76,30.22,28.52,34.36,23.19,34.24,20.99,13.77,30.63
30.48,17.36,13.76,30.22,28.52,34.36,23.19,34.24,20.99,13.77,30.63,33.49
17.36,13.76,30.22,28.52,34.36,23.19,34.24,20.99,13.77,30.63,33.49,39.72
13.76,30.22,28.52,34.36,23.19,34.24,20.99,13.77,30.63,33.49,39.72,27.57
30.22,28.52,34.36,23.19,34.24,20.99,13.77,30.63,33.49,39.72,27.57,36.95
28.52,34.36,23.19,34.24,20.99,13.77,30.63,33.49,39.72,27.57,36.95,20.17
34.36,23.19,34.24,20.99,13.77,30.63,33.49,39.72,27.57,36.95,20.17,8.06
23.19,34.24,20.99,13.77,30.63,33.49,39.72,27.57,36.95,20.17,8.06,20.98
34.24,20.99,13.77,30.63,33.49,39.72,27.57,36.95,20.17,8.06,20.98,42.09
20.99,13.77,30.63,33.49,39.72,27.57,36.95,20.17,8.06,20.98,42.09,43.79
13.77,30.63,33.49,39.72,27.57,36.95,20.17,8.06,20.98,42.09,43.79,25.43
30.63,33.49,39.72,27.57,36.95,20.17,8.06,20.98,42.09,43.79,25.43,36.07
33.49,39.72,27.57,36.95,20.17,8.06,20.98,42.09,43.79,25.43,36.07,16.67
39.72,27.57,36.95,20.17,8.06,20.98,42.09,43.79,25.43,36.07,16.67,7.52
27.57,36.95,20.17,8.06,20.98,42.09,43.79,25.43,36.07,16.67,7.52,18.87
36.95,20.17,8.06,20.98,42.09,43.79,25.43,36.07,16.67,7.52,18.87,39.14
20.17,8.06,20.98,42.09,43.79,25.43,36.07,16.67,7.52,18.87,39.14,42.42
8.06,20.98,42.09,43.79,25.43,36.07,16.67,7.52,18.87,39.14,42.42,25.1
20.98,42.09,43.79,25.43,36.07,16.67,7.52,18.87,39.14,42.42,25.1,36.07
42.09,43.79,25.43,36.07,16.67,7.52,18.87,39.14,42.42,25.1,36.07,13.02
43.79,25.43,36.07,16.67,7.52,18.87,39.14,42.42,25.1,36.07,13.02,9.03
25.43,36.07,16.67,7.52,18.87,39.14,42.42,25.1,36.07,13.02,9.03,19.13
36.07,16.67,7.52,18.87,39.14,42.42,25.1,36.07,13.02,9.03,19.13,37.21
16.67,7.52,18.87,39.14,42.42,25.1,36.07,13.02,9.03,19.13,37.21,39.72
7.52,18.87,39.14,42.42,25.1,36.07,13.02,9.03,19.13,37.21,39.72,25.32
18.87,39.14,42.42,25.1,36.07,13.02,9.03,19.13,37.21,39.72,25.32,33.88
