DT,MLP,MPC,SFL,SFG,IV,DV,TNV,BSI,PTR,MHI,MSP
2010-10-05,207.4016962,3.594023841,27.06,72.94,35.77,45.87,5.1736,0.680529301,14.69,8.933901919,214.8461
2010-10-10,256.2820513,4.349717268,22.28503613,76.00094654,24.34,60.52,5.3296,2.854442344,17.22,3.304904051,230.1215
2010-10-15,140.6666667,5.074339753,29.51497228,72.23290293,27.31,57.14,4.821357471,6.29489603,11.75,0.698134248,219.6001139
2010-10-18,166.307955,6.002265006,25.86893932,78.11827967,33.99,52.93,4.7309,2.060570234,12.12,0.490405117,132.5781
2010-10-20,142.9084565,3.827281649,21.8,78.2,14.9,70.67,4.7021,3.074427731,11.76,3.176972281,142.2952
2010-10-25,244.2629836,5.818813104,27.80202204,69.11414897,42.59,46.99,5.088372336,4.480151229,17.68,7.292110874,191.2350875
2010-10-28,147.1276334,4.166666667,31.71,68.29,22.14,61.59,5.2037,5.236294896,12.22,1.663113006,145.5343
2010-11-05,206.9230769,3.615328995,28.62,71.38,30.48,51.73,5.4117,0.680529301,14.65,8.933901919,210.0178
2010-11-10,255,4.474968411,34.29037593,70.27329414,24.88,60.21,5.7817,2.854442344,16.99,3.304904051,230.1553
2010-11-15,140.1785714,5.17195419,36.14741818,70.31906472,23.31,62.86,5.634768618,6.29489603,11.86,6.977767181,226.9432356
2010-11-18,164.84375,6.472491909,27.2948797,65.5988141,35.46,51.35,4.4776,1.973539711,12.15,0.490405117,129.5548
2010-11-20,142.2597865,4.218682578,24.82,75.18,12.58,74.69,4.9656,4.290363416,11.72,3.176972281,138.4103
2010-11-25,179.1922426,4.705754725,34.51173112,73.60297033,49.85,40.37,4.955132175,4.480151229,17.62,7.292110874,208.3606937
2010-11-28,146.0117133,4.301667445,36.27,63.73,19.61,64.95,5.4128,5.236294896,12.3,1.663113006,147.5122
2010-12-05,203.7037037,4.118858488,26.05,73.95,27.81,55.15,5.4101,0.680529301,14.81,8.933901919,211.3451
2010-12-10,252.2321429,4.489795918,29.70409912,69.28378604,23.73,61.89,5.7889,2.854442344,17.06,3.304904051,232.4509
2010-12-15,140.0224215,6.15606631,28.02849064,72.14111005,21.78,65.62,5.532555144,6.29489603,11.84,7.709873215,144.8732919
2010-12-18,164.084507,7.704160247,32.76166893,71.57231669,35.17,51.54,4.5356,4.645340599,12.19,0.490405117,134.6848
2010-12-20,138.8310185,4.544507181,23.3,76.7,12.64,75.25,4.9719,4.280436161,11.66,3.176972281,135.3118
2010-12-25,220.4820554,4.329854088,26.40753285,73.25557678,54.82,35.42,5.076654649,4.480151229,17.81,7.292110874,179.3694676
2010-12-28,142.5456389,4.546488073,33.33,66.67,17.68,67.41,5.3544,5.236294896,12.41,1.663113006,145.7691
2011-01-05,201.1627907,4.12371134,30.6,69.4,27.16,56.36,5.4295,0.680529301,14.89,8.933901919,208.1171
2011-01-10,249.5779289,4.780952381,31.46978529,67.95886551,19.86,67.29,5.7831,2.854442344,17.05,3.304904051,228.5356
2011-01-15,138.6913229,6.577693041,29.94044772,66.26035344,19.47,68.44,4.688369668,6.29489603,11.8,3.724691316,134.8633964
2011-01-18,163.0842391,6.060606061,32.57281606,72.72943979,34.2,52.34,4.6071,3.993998241,12.09,0.490405117,130.4943
2011-01-20,137.8212123,4.140786749,27.27,72.73,11.73,77.27,4.9736,5.970776455,11.55,3.176972281,133.205
2011-01-25,167.4062221,5.569509623,34.06905571,69.61310018,55.34,34.09,5.46352579,4.480151229,17.77,7.292110874,145.7740407
2011-01-28,141.3359898,4.517782351,35.05,64.95,13.04,75.21,5.3934,5.236294896,12.7,1.663113006,139.1754
2011-02-05,199.5295699,4.000336051,34.99,65.01,25.66,58.48,5.4067,0.680529301,14.75,8.933901919,202.4189
2011-02-10,246.3627424,4.41826215,33.63038785,63.6110334,21.53,65.09,5.8057,2.854442344,17.22,3.304904051,222.5335
2011-02-15,137.816245,5.775172515,37.84520831,59.77945239,18.13,69.82,5.465087801,6.29489603,11.63,4.66585105,182.2373261
2011-02-18,162.9974598,6.410849129,31.21518153,69.76629035,33.18,53.02,4.597,1.833988808,11.84,0.490405117,131.7599
2011-02-20,137.4223602,4.428697963,29.93,70.07,11.42,77.45,5.123,5.864474869,11.37,3.176972281,133.2206
2011-02-25,163.275848,4.041096436,37.07692133,60.13473493,59.34,31.05,4.819852715,4.480151229,17.8,7.292110874,164.3026006
2011-02-28,141.8478261,5,40.36,59.64,12.49,75.9,5.3446,5.236294896,12.8,1.663113006,140.1525
2011-03-05,202.6315789,3.64298725,31.68,68.32,25.35,58.96,5.3638,0.680529301,14.63,8.933901919,200.8698
2011-03-10,250.6613757,4.349717268,32.56261106,66.29826933,23.78,62.67,5.7608,2.854442344,17.32,3.304904051,217.9197
2011-03-15,138.1233562,6.503267974,37.05517063,72.92091573,16.69,72.49,5.573630293,6.29489603,11.59,7.021319749,165.5229004
2011-03-18,162.7635053,6.50099551,26.10716854,72.26334669,29.59,57.12,4.5234,4.52150581,11.83,0.490405117,124.8101
2011-03-20,136.7081168,3.628330223,23.63,76.37,12.59,76.1,5.0924,2.339164762,11.57,3.176972281,132.7041
2011-03-25,155.3876885,4.716983872,27.20384729,69.80729397,57.88,32.15,4.976050829,4.480151229,17.51,7.292110874,169.4154891
2011-03-28,142.4159231,4.375210838,39.85,60.15,11.17,78.5,5.325,5.236294896,12.81,1.663113006,139.7676
2011-04-05,204.6437574,3.498950315,28.68,71.32,23.97,60.3,5.2784,0.680529301,14.51,8.933901919,203.8977
2011-04-10,252.7191299,4.370666299,37.01036012,73.66415575,21.9,64.38,5.7168,2.854442344,17.52,3.304904051,215.2847
2011-04-15,136.5226552,4.035059156,35.07331575,74.61565726,13.26,76.19,4.50943181,6.29489603,11.34,4.175552502,164.5073418
2011-04-18,161.6331096,5.016736437,26.97750421,64.52906958,25.56,61.78,4.4524,4.460282159,11.68,0.490405117,131.7977
2011-04-20,138.1543867,3.76146789,24.77,75.23,10.18,79.23,4.9992,4.153208196,11.33,3.176972281,133.1086
2011-04-25,146.1754609,4.52790576,36.39943939,72.79674932,58.45,31.55,5.045133057,4.480151229,17.23,7.292110874,201.3107192
2011-04-28,143.2225769,3.773921939,37.53,62.47,8.79,82.71,5.2383,5.236294896,12.68,1.663113006,138.2507
2011-05-05,208.2738095,3.44918372,27.64,72.36,21.78,62.7,5.158,0.680529301,14.39,8.933901919,210.1308
2011-05-10,254.4374016,4.184100418,21.62804441,74.28094171,23.03,61.98,5.656,2.854442344,17.36,3.304904051,221.7169
2011-05-15,138.3982036,4.763038819,23.18978774,63.44189658,13.17,75.4,5.519218326,6.29489603,11.05,1.906348208,201.0811156
2011-05-18,163.3696563,5.590566825,33.51399727,65.42391771,23.71,63.37,4.3451,2.567677972,11.24,0.490405117,130.4553
2011-05-20,138.7820513,3.334444815,21.38,78.62,9.75,80.11,4.8826,3.57531595,10.99,3.176972281,132.1858
2011-05-25,152.807602,5.587962523,36.02354217,75.44945093,58.76,31.34,4.871431571,4.480151229,16.59,7.292110874,138.634794
2011-05-28,143.9001211,3.706449222,37.33,62.67,7.74,85.02,5.1276,5.236294896,12.42,1.663113006,141.6511
2011-06-05,206.3358884,3.382899628,26.19,73.81,20.43,64.16,5.0549,0.680529301,14.25,8.933901919,219.1392
2011-06-10,254.5576408,4.169098902,28.41772174,78.85084542,22.1,63.34,5.5284,2.854442344,16.97,3.304904051,221.9197
2011-06-15,141.8245467,5.130836326,27.10741893,73.46322844,13.44,74.44,4.798965365,6.29489603,10.84,3.255287906,209.6578701
2011-06-18,166.1609425,5.72327044,23.35039878,80.72453992,22.91,64.36,4.2142,2.881923281,11.06,0.490405117,136.721
2011-06-20,139.1364903,3.658536585,18.02,81.98,9.54,80.46,4.659,2.018657312,10.88,3.176972281,136.097
2011-06-25,171.697878,3.987640077,30.56825666,73.52059057,51.41,36.75,4.737916276,4.480151229,16.92,7.292110874,209.3087659
2011-06-28,144.3364574,3.891050584,33.94,66.06,8.43,83.72,4.9907,5.236294896,12.22,1.663113006,144.4356
2011-07-05,202.3034768,3.502501787,26.26,73.74,19.28,65.74,5.1842,0.680529301,14.08,8.933901919,221.2518
2011-07-10,253.55273,4.282655246,26.04823992,68.39595568,23.69,61.22,5.5636,2.854442344,16.61,3.304904051,219.7415
2011-07-15,140.8633561,4.349717268,28.77142106,67.48243337,16,72.02,5.012016837,6.29489603,10.57,8.774018726,152.6425988
2011-07-18,165.4120772,6.114108863,31.77305049,73.13534068,26.55,59.08,4.3501,5.404062755,10.72,0.490405117,125.8736
2011-07-20,139.1194332,3.705075954,23.19,76.81,11.45,76.93,4.8,4.265285886,10.58,3.176972281,136.1516
2011-07-25,217.2060795,4.914263739,25.43466209,73.22752861,52.77,35.26,5.383339904,4.480151229,17.25,7.292110874,125.9871351
2011-07-28,143.92,4.001303002,33.13,66.87,9.21,82.18,5.0934,5.236294896,12.04,1.663113006,147.8325
2011-08-05,200.0805153,3.555878084,28.16,71.84,19.87,64.87,5.2913,0.680529301,14.02,8.933901919,219.9172
2011-08-10,253.2855436,4.386302424,28.06253753,71.15835817,24.64,60.1,5.609,2.854442344,16.74,3.304904051,213.3765
2011-08-15,140.5141349,4.547521601,35.31929565,65.39040723,15.57,73.11,4.47973431,6.29489603,10.74,5.567544593,218.1564163
2011-08-18,164.1255869,5.602240896,32.96449815,66.64189037,26.77,58.72,4.4433,5.663190404,10.85,0.490405117,124.3721
2011-08-20,139.7166728,3.745318352,16.93,83.07,13.58,73.49,4.9865,0.999827613,10.61,3.176972281,138.8965
2011-08-25,244.5705606,5.049843778,20.31694819,74.92263746,52.5,35.43,5.516841334,4.480151229,17.09,7.292110874,182.6981989
2011-08-28,142.9353006,4.003202562,39.08,60.92,9.66,81.29,5.1687,5.236294896,11.93,1.663113006,145.4735
2011-09-05,199.27905,3.483336303,27.81,72.19,20.18,64.56,5.2993,0.680529301,13.97,8.933901919,214.0416
2011-09-10,253.4366097,4.020100503,29.46577592,67.1214918,25.24,59.64,5.5923,2.854442344,17.06,3.304904051,213.6502
2011-09-15,142.8571429,4.343137571,31.8625868,66.03032644,17.09,71.63,5.214636191,6.29489603,10.92,0.763898037,180.8150588
2011-09-18,164.5408163,5.955926147,32.84332178,71.06996057,27.3,56.99,4.4842,5.431366989,10.88,0.490405117,127.3712
2011-09-20,138.1599676,3.723142839,29.55,70.45,14.65,71.99,5.0088,3.287639702,10.67,3.176972281,134.1841
2011-09-25,203.8283682,5.067139535,33.69653394,65.1555848,55.23,33,5.233428146,4.480151229,17.08,7.292110874,167.745336
2011-09-28,141.9373129,4.082465979,36.93,63.07,9.61,81.27,5.1334,5.236294896,11.84,1.663113006,142.0231
2011-10-05,197.578426,3.51000351,28.26,71.74,20.93,63.85,5.3027,0.680529301,14.05,8.933901919,203.4429
2011-10-10,251.8132975,4.016064257,30.83213604,71.74947686,26.58,57.76,5.6564,2.854442344,17.37,3.304904051,211.8937
2011-10-15,140.0862069,4.556434618,31.0539253,70.91972877,17.98,70.93,5.060135194,6.29489603,11.08,6.556341472,131.8328431
2011-10-18,165.3311966,5.265929437,23.90164997,75.04067934,25.77,59.7,4.4528,4.421548633,10.96,0.490405117,129.0827
2011-10-20,137.6530612,3.806750765,23.62,76.38,16.93,68.62,5.0248,6.002612711,10.95,3.176972281,130.6906
2011-10-25,250.3337465,4.809355927,24.60304915,70.10979091,50.73,37.54,5.50776666,4.480151229,17.22,7.292110874,187.8344731
2011-10-28,140.5814806,4.000016,31.77,68.23,9.04,82.2,5.1768,5.236294896,11.88,1.663113006,143.1748
2011-11-05,192.2147002,3.514938489,28.53,71.47,23.1,61.38,5.3277,0.680529301,14.09,8.933901919,200.6229
2011-11-10,251.0917031,4.383561644,27.31445241,70.70311663,27.03,57.18,5.6094,2.854442344,17.54,3.304904051,213.1844
2011-11-15,136.4003026,4.577360653,30.51451961,67.79704129,20.6,67.54,5.033019948,6.29489603,10.94,3.389332123,193.9606585
2011-11-18,163.591997,5.889281508,34.92987447,67.9709184,25.26,60.51,4.4546,2.064483819,10.85,0.490405117,128.8197
2011-11-20,135.1127321,3.989361702,25.49,74.51,19.36,65.34,5.0265,1.879319581,11.37,3.176972281,130.0653
2011-11-25,157.719589,4.509882053,29.96746538,72.88962959,42.84,44.93,5.567644352,4.480151229,17.06,7.292110874,208.5319506
2011-11-28,137.3626374,4.109589041,35,65,9.08,82.55,5.1753,5.236294896,11.88,1.663113006,140.7677
2011-12-05,188.7899705,4.00160064,32.34,67.66,24.26,59.98,5.2712,0.680529301,14.06,8.933901919,197.5298
2011-12-10,252.5826446,5.197844181,21.9667764,68.45774801,29.3,54.92,5.5401,2.854442344,17.83,3.304904051,216.554
2011-12-15,134.529148,9.201103195,25.1284961,67.94986625,22.55,65.36,5.421181269,6.29489603,11.29,3.256950898,209.37095
2011-12-18,164.5,6.806523498,25.80057814,64.0968593,23.89,62.52,4.3631,2.321614247,11.1,0.490405117,126.0081
2011-12-20,132.9678549,4.348834527,21.15,78.85,20.7,63.95,4.9407,1.257597086,11.3,3.176972281,130.2332
2011-12-25,156.4951487,4.202123794,22.4367777,65.32269724,35.74,52.38,4.643787335,4.480151229,14.57,7.292110874,143.2763551
2011-12-28,136.0619075,4.767581205,36.89,63.11,10.2,80.6,5.113,5.236294896,11.92,1.663113006,138.6175
2012-01-05,190.5857544,3.572704537,31.31,68.69,25.76,58.47,5.3625,0.680529301,14.04,8.933901919,193.2583
2012-01-10,250.68353,4.050008804,32.21902154,59.52834293,30.6,53.62,5.6354,2.854442344,17.81,3.304904051,217.0298
2012-01-15,130.5774278,4.615384615,39.56679575,58.80509087,25.56,61.83,5.335991418,6.29489603,11.25,4.206960257,146.4868383
2012-01-18,162.1360392,6.325060048,43.26647011,65.4487239,24.36,62.43,4.4367,1.993722093,10.51,0.490405117,117.1669
2012-01-20,133.0195377,3.942307692,32.35,67.65,22.98,60.93,5.0418,3.122093371,11.14,3.176972281,123.9385
2012-01-25,213.5313147,6.128433415,36.01001159,58.29421822,33.1,55.72,4.765275369,4.480151229,13.61,7.292110874,132.1349279
2012-01-28,137.0513676,4.373610082,43.28,56.72,13.81,74.76,5.1767,5.236294896,11.88,1.663113006,136.9242
2012-02-05,193.2666667,3.584229391,33.37,66.63,28.9,55.03,5.4431,0.680529301,14.02,8.933901919,187.8511
2012-02-10,249.5831017,4.08997955,37.33867202,70.1432133,33.11,50.79,5.6448,2.854442344,17.75,3.304904051,213.5626
2012-02-15,130.6040292,5.835123538,32.67204355,66.09111539,27.71,59.52,5.400783251,6.29489603,11.37,4.828408376,158.1196912
2012-02-18,161.8705036,5.981931486,26.16419042,74.21581554,25.64,60.87,4.4835,3.163279937,10.43,0.490405117,112.4091
2012-02-20,133.1961594,3.450655625,25.75,74.25,23.24,61.33,4.9198,3.519371662,11.16,3.176972281,126.4212
2012-02-25,238.2065715,4.532155903,37.37531264,70.00939558,32.49,56.85,4.795240493,4.480151229,13.31,7.292110874,211.7575684
2012-02-28,134.9635036,4.545454545,38.51,61.49,14.62,73.74,5.2654,5.236294896,11.91,1.663113006,133.6789
2012-03-05,198.2127885,3.432835821,31.83,68.17,32.03,51.99,5.4837,0.680529301,13.94,8.933901919,191.9017
2012-03-10,249.0820188,3.994137032,38.32697525,64.0481047,36.55,47.91,5.677,2.854442344,17.61,3.304904051,212.3
2012-03-15,134.4430218,3.812705742,33.78544139,69.42573259,33.67,52.52,4.844203073,6.29489603,11.35,2.408200121,137.337357
2012-03-18,162.4109785,5.219206681,33.03326815,67.43326855,26.81,60.26,4.5145,3.168648355,10.05,0.490405117,110.7645
2012-03-20,134.7222222,3.571084181,29.15,70.85,25.34,58.78,4.9456,6.267656697,10.98,3.176972281,124.917
2012-03-25,167.5653098,5.108971646,29.69510581,62.92396953,32.75,56.27,5.033197032,4.480151229,13.14,7.292110874,145.5983138
2012-03-28,136.9156002,4.141414141,38.4,61.6,18.34,69.09,5.2616,5.236294896,11.95,1.663113006,135.7289
2012-04-05,202.4488389,3.333344444,32.09,67.91,35.38,47.92,5.5263,0.680529301,13.88,8.933901919,198.4896
2012-04-10,248.9583333,3.705762588,33.65384895,75.50311843,41.16,41.97,5.7402,2.854442344,17.31,3.304904051,220.1588
2012-04-15,137.1428571,4.00160064,25.594096,74.33185194,39.47,44.94,5.333325954,6.29489603,11.19,3.579230926,131.0315112
2012-04-18,164.8622047,5.885815185,30.5970496,71.98947055,26.75,60.6,4.5573,5.508607534,11.65,0.490405117,111.0876
2012-04-20,136.7982216,3.684573368,21.88,78.12,28.62,54.43,4.9387,0.980328384,10.91,3.176972281,123.3062
2012-04-25,222.7299337,5.288509569,30.03807,69.59182111,32.46,55.93,5.189749746,4.480151229,13,7.292110874,183.6756591
2012-04-28,138.3663366,3.964691109,36.01,63.99,21.33,64.62,5.3118,5.236294896,11.91,1.663113006,139.1581
2012-05-05,203.6652835,3.290322581,28.4,71.6,40.61,42.47,5.6782,0.680529301,13.74,8.933901919,208.553
2012-05-10,249.9233129,3.926556751,29.77285165,62.68356743,42.38,40.03,5.9421,2.854442344,16.86,3.304904051,217.6544
2012-05-15,143.0713312,4.357298475,36.35070985,74.19716449,45.68,39.31,5.476684812,6.29489603,10.68,3.719736478,180.3576904
2012-05-18,165.9539535,5.245901639,38.28835128,61.03060688,27.3,59.85,4.6638,2.895354381,11.85,0.490405117,113.1047
2012-05-20,138.113678,3.573981415,24.15,75.85,31.78,49.79,5.0898,0.841931721,10.88,3.176972281,128.6435
2012-05-25,210.1269812,4.705684108,28.95996188,67.79340768,35.1,54.32,4.874262964,4.480151229,12.88,7.292110874,132.4025076
2012-05-28,138.6577926,3.602401601,39.41,60.59,24.41,60.77,5.4467,5.236294896,11.86,1.663113006,142.2194
2012-06-05,202.1886792,3.193535064,26.08,73.92,45.26,37.8,5.783,0.680529301,13.75,8.933901919,218.4403
2012-06-10,251.585652,3.749964632,26.88154506,68.49716748,46.4,36.29,6.0566,2.854442344,16.35,3.304904051,217.2166
2012-06-15,140.0442478,4.729422465,32.33909486,68.59433635,43.52,40.73,5.355556728,6.29489603,10.28,3.913414942,203.2537693
2012-06-18,164.7013671,5.637525348,27.5524055,68.07447003,26.82,60.17,4.715,2.859675345,11.49,0.490405117,117.5946
2012-06-20,139.1079159,3.572704537,28.78,71.22,34.32,46.22,5.2019,5.965348163,10.9,3.176972281,131.9071
2012-06-25,183.4822701,5.328477059,26.63847384,73.35699773,38.05,50.81,5.860072786,4.480151229,14.98,7.292110874,156.9048228
2012-06-28,137.6190476,3.706325586,32.98,67.02,24.27,60.74,5.5732,5.236294896,11.81,1.663113006,143.311
2012-07-05,199.828085,3.255813953,28.89,71.11,50.66,33.13,5.8837,0.680529301,13.66,8.933901919,221.0968
2012-07-10,254.8689942,4.016064257,28.76797566,61.94666568,48.01,34.79,6.2079,2.854442344,14.77,3.304904051,214.1942
2012-07-15,139.8433128,4.349717268,38.37502602,69.1879589,43.45,41.89,5.656850714,6.29489603,10.03,1.396160965,207.3499284
2012-07-18,165.719697,5.423728814,25.24046486,61.70984122,25.72,61.11,4.7729,2.948435978,12.8,0.490405117,122.8737
2012-07-20,138.8313413,3.460207612,23.12,76.88,36.79,43.39,5.2537,6.120439054,10.9,3.176972281,134.0315
2012-07-25,191.1672888,4.138727748,30.89872811,64.05160097,38.76,50.41,5.972443718,4.480151229,14.14,7.292110874,183.7299972
2012-07-28,136.787031,3.846647069,39.58,60.42,24.19,60.78,5.6689,5.236294896,11.71,1.663113006,144.4426
2012-08-05,197.2972973,3.366340594,27.33,72.67,54.59,30.02,6.0025,0.680529301,13.66,8.933901919,219.1591
2012-08-10,252.4417375,3.835141968,27.9910277,69.76990264,48.54,34.02,6.3224,2.854442344,15.26,3.304904051,212.9739
2012-08-15,137.7479928,4.178465907,26.81626872,71.18827965,45.18,40.62,5.627340893,6.29489603,10.16,2.652376602,169.8088425
2012-08-18,162.5822841,5.628834842,27.98341526,72.92267637,25.51,62.01,4.9332,4.540385444,11.64,0.490405117,123.7736
2012-08-20,138.3410642,3.510157525,25.65,74.35,35.88,44.58,5.2806,5.615348424,10.84,3.176972281,134.8139
2012-08-25,548.8893677,4.284050865,29.80123301,65.66017476,39.22,50.62,5.490263731,4.480151229,13.59,7.292110874,191.6544464
2012-08-28,136.787031,3.847633705,35.3,64.7,27.44,57.14,5.7356,5.236294896,11.75,1.663113006,143.3179
2012-09-05,198.4126984,3.334444815,27.82,72.18,58.14,27.41,6.0659,0.680529301,13.68,8.933901919,213.3334
2012-09-10,257.8651685,4,26.89104265,71.82229411,48.8,33.76,6.4547,2.854442344,15.96,3.304904051,218.7727
2012-09-15,136.2540193,4.100035315,30.4316383,68.55290135,46.34,38.8,5.360957562,6.29489603,10.37,1.066707541,147.3909055
2012-09-18,163.7547249,6.007067138,28.77284227,67.65359344,25.47,62.24,4.9674,5.248380154,11.65,0.490405117,120.2393
2012-09-20,137.0767494,3.390405153,23.64,76.36,37,44.31,5.3155,2.935793683,10.77,3.176972281,133.6734
2012-09-25,532.5159915,4.697215903,25.6895426,68.11171984,39.55,49.41,5.673471366,4.480151229,13.3,7.292110874,207.2691045
2012-09-28,136.6173121,3.740562482,32.75,67.25,31.14,53.24,5.791,5.236294896,11.91,1.663113006,142.8802
2012-10-05,198.9695583,3.334463346,29.11,70.89,60.76,25.57,6.1567,0.680529301,13.72,8.933901919,207.4576
2012-10-10,256.3274573,3.642578359,23.5697777,75.57848385,46.1,36.08,6.5115,2.854442344,16.8,3.304904051,217.6177
2012-10-15,135.7663879,3.922084759,34.84617512,72.33645467,46.85,39.1,5.496837397,6.29489603,10.47,5.845811588,138.2739968
2012-10-18,162.4015748,5.576524643,31.36890876,77.28777488,26.7,60.97,5.0608,5.15037733,12.3,0.490405117,121.1702
2012-10-20,136.1802847,3.386365068,21.81,78.19,37.04,44.3,5.3803,5.397090791,10.89,3.176972281,131.5969
2012-10-25,521.9548063,3.899415171,29.05219192,69.33675155,39.57,49.19,6.142279673,4.480151229,13.18,7.292110874,180.9325638
2012-10-28,137.1652515,3.773940971,37.12,62.88,34.01,50.19,5.8454,5.236294896,12.03,1.663113006,139.3294
2012-11-05,199.1398823,3.440860215,29.35,70.65,63.85,23.49,6.2327,0.680529301,13.87,8.933901919,206.7416
2012-11-10,259.5375723,3.636363636,32.83979535,68.98750878,48.05,34.72,6.6093,2.854442344,17.5,3.304904051,219.6869
2012-11-15,134.6819957,4.54195535,30.52751144,67.93218759,44.71,41.05,6.542347554,6.29489603,10.57,7.437134287,155.7675638
2012-11-18,163.0649094,5.560189476,33.47588345,67.79504961,27.06,60.7,5.205,5.143645828,12.68,0.490405117,123.1036
2012-11-20,136.0315394,3.505249961,27.2,72.8,37,44.62,5.416,3.600454738,11.06,3.176972281,128.6448
2012-11-25,506.4363144,4.370188284,28.24088291,66.94275198,40.5,48.16,6.187730433,4.480151229,13.1,7.292110874,155.8197178
2012-11-28,138.3589744,4.00160064,34.16,65.84,34.79,49.86,5.9063,5.236294896,12.08,1.663113006,135.9193
2012-12-05,196.0976624,3.658830116,29.02,70.98,66.84,21.36,6.319,0.680529301,13.91,8.933901919,206.2097
2012-12-10,260.9986505,3.627227044,34.01987191,64.84769833,46.42,36.45,6.902,2.854442344,17.51,3.304904051,219.9947
2012-12-15,134.5875543,4.148471616,35.66370992,64.25314425,43.81,41.89,5.876594825,6.29489603,10.63,7.289433676,152.5461015
2012-12-18,163.7106006,6.015037594,27.14347418,68.5275544,28.46,59.65,5.354,5.830536068,13.56,0.490405117,123.8596
2012-12-20,134.6751326,4.067027027,25.53,74.47,36.22,45.7,5.4516,2.235018827,11.24,3.176972281,126.9323
2012-12-25,521.2510024,3.914069775,36.65935299,68.87886274,42.31,46.58,5.439162804,4.480151229,13.06,7.292110874,219.8333944
2012-12-28,136.6295124,4.546488073,36.88,63.12,34.55,50.16,5.918,5.236294896,12.15,1.663113006,133.8179
2013-01-05,196.0784314,3.509387612,33.5,66.5,69.86,19.08,6.3938,0.680529301,13.93,8.933901919,200.9456
2013-01-10,260.9612142,3.548387097,37.73312745,64.67000451,45.54,37.75,6.9588,2.854442344,17.69,3.304904051,211.4506
2013-01-15,130.9055118,6.889411603,35.18605597,62.84488488,40.92,44.65,6.636126453,6.29489603,10.51,7.828016904,127.3399775
2013-01-18,163.1668558,5.857740586,33.23585896,66.75159356,30.56,57.82,5.354,0.913402008,14.64,0.490405117,123.0077
2013-01-20,135.2814191,3.268845897,30.48,69.52,40.17,41.65,5.4736,5.32809047,11.41,3.176972281,124.7088
2013-01-25,514.2857143,4.290797346,33.96477789,62.39778343,45.88,42.86,5.572634254,4.480151229,13.06,7.292110874,201.8849272
2013-01-28,135.6485594,4.032258065,39.08,60.92,35.94,48.6,5.9641,5.236294896,12.13,1.663113006,134.6488
2013-02-05,201.0053619,3.448275862,32.99,67.01,72.33,17.22,6.3868,0.680529301,13.9,8.933901919,197.2861
2013-02-10,264.7854441,3.847140292,35.27740717,61.41261148,46.63,36.93,6.9732,2.854442344,17.36,3.304904051,204.0597
2013-02-15,127.7139208,4.166666667,35.51194211,52.96039855,37.16,48.86,6.487439228,6.29489603,10.5,4.478545861,126.5909807
2013-02-18,158.839307,6.675567423,47.92087862,64.79347664,31.27,57.11,5.3229,2.353834521,15.45,0.490405117,122.6622
2013-02-20,136.5437158,3.572704537,33.13,66.87,40.69,41.78,5.4578,2.193511836,11.45,3.176972281,122.8786
2013-02-25,524.5663689,4.425210601,39.36313156,53.62924136,46.06,43.29,5.59680015,4.480151229,15.01,7.292110874,144.5132481
2013-02-28,136.9426752,4.00160064,49.6,50.4,37.28,47.46,5.9722,5.236294896,12.01,1.663113006,134.5123
2013-03-05,208.3333333,3.265306122,32.46,67.54,75.56,14.95,6.3715,0.680529301,13.92,8.933901919,199.7343
2013-03-10,264.7951442,3.573981415,35.94978523,73.42713352,48.46,35.07,6.8816,2.854442344,17.16,3.304904051,212.9383
2013-03-15,129.7662181,5.217092902,36.0317101,70.35402394,33.79,52.12,6.085244114,6.29489603,10.61,8.411158737,179.3002748
2013-03-18,159.0621678,5.889281508,36.39837566,62.6112439,31.91,55.83,5.3343,0.792149051,15.24,0.490405117,122.4476
2013-03-20,138.7896825,3.700850311,25.1,74.9,38.59,43.7,5.3837,3.173634083,11.52,3.176972281,124.5541
2013-03-25,512.864494,4.753833714,33.51196737,64.55787789,47.25,42.49,6.627579723,4.480151229,14.25,7.292110874,191.8146804
2013-03-28,140.1136364,3.721287765,38,62,40.63,43.65,5.968,5.236294896,11.96,1.663113006,135.9406
2013-04-05,213.5292108,3.22684737,28.58,71.42,78.29,13.03,6.4156,0.680529301,14.01,8.933901919,207.5261
2013-04-10,263.7987013,3.50877193,35.08845094,65.419413,47.71,35.56,6.8431,2.854442344,16.59,3.304904051,216.1031
2013-04-15,133.9914089,4.200014668,30.78226945,68.44315601,31.51,55.42,6.469673201,6.29489603,10.72,6.039983813,169.1799662
2013-04-18,163.1668558,5.018828478,24.54829684,65.50859368,32.37,55.05,5.3623,5.279205122,15.85,0.490405117,115.3266
2013-04-20,141.0377358,3.174603175,24.33,75.67,37.59,44.71,5.3855,2.661517752,11.59,3.176972281,128.8291
2013-04-25,490.1477833,5.011679457,28.77746528,64.36408188,44.64,45.33,5.760232695,4.480151229,15.54,7.292110874,141.4824618
2013-04-28,143.5279667,3.22684737,39.44,60.56,43.87,40.34,5.9732,5.236294896,11.87,1.663113006,139.1717
2013-05-05,216.1120169,3.134796238,24.18,75.82,80.31,11.61,6.4588,0.680529301,14.05,8.933901919,216.9433
2013-05-10,263.7962963,3.818181818,27.00379129,71.59763093,50.67,32.69,6.8536,2.854442344,16.08,3.304904051,222.5326
2013-05-15,139.6207585,4.055314136,25.22137139,72.61923199,31.57,54.49,5.569161126,6.29489603,10.35,4.711053915,124.3837215
2013-05-18,162.6670553,6.257822278,22.88279838,76.13934231,32.33,54.77,5.48,6.170468952,13.87,0.490405117,116.0616
2013-05-20,143.3018344,3.090909091,22.38,77.62,37.8,43.6,5.3789,1.415793325,11.48,3.176972281,133.5544
2013-05-25,526.4741276,5.738460499,29.78389171,75.22650669,38.63,52.02,5.559022076,4.480151229,14.41,7.292110874,168.3707386
2013-05-28,145.3076923,3.227888961,35.71,64.29,53.34,31.61,6.0038,5.236294896,12.03,1.663113006,143.3832
2013-06-05,218.0239736,3.229278794,20.81,79.19,83.27,9.67,6.4591,0.680529301,14.07,8.933901919,227.4903
2013-06-10,265.5266889,3.793103448,21.9762722,70.24529131,52.74,30.47,6.7816,2.854442344,15.45,3.304904051,224.9573
2013-06-15,139.4927536,4.170141785,27.29264366,70.86889051,32.53,53.12,5.681937775,6.29489603,10.24,2.519269664,162.2552023
2013-06-18,164.3640351,5.355048041,29.43638922,71.45685005,33.3,53.72,5.4956,1.385245424,12.99,0.490405117,121.1579
2013-06-20,143.1556949,3.104813503,19.8,80.2,42.52,38.13,5.2815,3.701586229,11.57,3.176972281,136.2671
2013-06-25,527.3553888,4.545204378,31.79426293,72.39107823,35.57,55.02,6.738973188,4.480151229,13.58,7.292110874,216.4426328
2013-06-28,146.7329545,3.125126181,34.22,65.78,60.63,25.76,6.0362,5.236294896,12.12,1.663113006,147.74
2013-07-05,215.7202606,3.227888961,20.47,79.53,85.76,8.23,6.5793,0.680529301,14.15,8.933901919,230.3851
2013-07-10,268.1077694,3.795883362,33.27959862,70.64755491,58.55,25.97,6.8201,2.854442344,15.51,3.304904051,225.6926
2013-07-15,139.0498296,4.173110048,37.97487809,79.43124565,35.06,48.03,6.691734384,6.29489603,10.13,8.561387779,172.5031012
2013-07-18,169.1794189,5.416881153,25.4168788,72.7213637,36.24,50.13,5.5697,2.590873217,12.04,0.490405117,129.855
2013-07-20,142.971246,3.193373721,19.03,80.97,48,33.27,5.3632,3.054900203,11.73,3.176972281,140.0987
2013-07-25,503.7715517,4.107400017,35.26255762,71.94260401,38.54,52.03,6.314210733,4.480151229,14.82,7.292110874,166.5824437
2013-07-28,146.1069525,3.572704537,38.66,61.34,70.34,18.63,6.0807,5.236294896,12.19,1.663113006,149.0373
2013-08-05,212.3918175,3.227888961,21.12,78.88,87.73,7.1,6.6293,0.680529301,14.18,8.933901919,230.8164
2013-08-10,268.2100508,3.664484147,18.10663746,64.7065289,63.06,23.07,6.7321,2.854442344,15.69,3.304904051,224.295
2013-08-15,138.6130952,4.183862453,29.4243081,75.30913051,41.78,41.68,6.040718682,6.29489603,9.96,4.184169485,166.3515807
2013-08-18,166.1923734,5.714285714,29.71111609,79.57460087,39.62,45.61,5.574,4.64721963,11.63,0.490405117,132.1447
2013-08-20,142.1871423,3.204272363,17.96,82.04,54.71,28.46,5.3806,0.721914929,11.75,3.176972281,141.9287
2013-08-25,493.0931961,4.009814666,19.42288598,70.49707672,39.82,50.92,6.122560793,4.480151229,14.25,7.292110874,181.6947659
2013-08-28,145.8348276,3.484998426,37.05,62.95,75.03,15.56,6.136,5.236294896,12.22,1.663113006,151.8804
2013-09-05,214.4298389,3.196176905,22.32,77.68,89.19,6.33,6.6962,0.680529301,14.35,8.933901919,225.5027
2013-09-10,269.6560367,3.584229391,23.95223621,76.71288332,68.79,19.17,6.8047,2.854442344,16.32,3.304904051,227.9447
2013-09-15,137.5676022,4.366812227,24.70123521,75.66394907,46.91,38.27,6.279991791,6.29489603,10.12,1.762679269,167.8771494
2013-09-18,164.9547175,5.439189189,34.72263594,74.04763957,41.21,45.53,5.6336,5.742982624,11.58,0.490405117,136.8085
2013-09-20,141.4027149,3.053013289,22.99,77.01,60.6,24.57,5.4163,3.656105809,11.92,3.176972281,139.401
2013-09-25,493.3333333,4.472764957,34.02133939,75.95882282,37.43,52.57,6.687509589,4.480151229,14.89,7.292110874,220.4829667
2013-09-28,146.0063898,3.379213527,35.08,64.92,75.75,15,6.1857,5.236294896,12.08,1.663113006,148.7966
2013-10-05,215.0297619,3.13528774,21.47,78.53,90.14,5.79,6.8177,0.680529301,14.45,8.933901919,221.8626
2013-10-10,269.0104167,3.717472119,27.36549586,69.79140115,73.69,15.98,6.8934,2.854442344,17.27,3.304904051,227.9463
2013-10-15,134.9798747,4.004008016,26.91128696,79.82124341,52.4,33.4,5.2562,6.29489603,10.25,5.187844371,118.2905
2013-10-18,163.6795021,5.459226661,22.56034689,71.95241959,43.7,42.77,5.6262,3.106131173,11.45,0.490405117,137.4789
2013-10-20,139.7755035,3.126954346,18.91,81.09,67.75,19.71,5.4841,3.817547325,12.04,3.176972281,137.6904
2013-10-25,515.625,5.088842322,30.21924316,69.51596952,41.51,48.44,6.4388,4.480151229,15.19,7.292110874,381.9228
2013-10-28,144.8467967,3.448870597,31.4,68.6,78.74,13.2,6.0255,5.236294896,12.07,1.663113006,143.0397
2013-11-05,213.0434783,3.253424658,21.23,78.77,90.83,5.36,6.7355,0.680529301,14.56,8.933901919,218.6832
2013-11-10,270.1878827,3.511142722,27.0703493,71.42854215,74.71,15.41,6.8086,2.854442344,17.94,3.304904051,226.3351
2013-11-15,133.6084906,4.8672303,23.93437813,75.30344454,56.22,30.49,5.2605,6.29489603,10.29,6.84608846,116.6615
2013-11-18,162.2420482,5.257142857,23.7312113,73.73533849,47.04,40.17,5.5463,3.285582837,11.7,0.490405117,130.7675
2013-11-20,138.2488479,3.333333333,23.01,76.99,70.4,18.09,5.4515,0.75496375,12.22,3.176972281,133.788
2013-11-25,516.9516053,5.246676738,26.59513796,75.90854829,45.45,45.62,6.35,4.480151229,14.7,7.292110874,353.0942
2013-11-28,143.6875,3.571428571,33.01,66.99,81.81,11.37,6.0266,5.236294896,12.23,1.663113006,142.594
2013-12-05,209.6938776,3.472222222,20.57,79.43,91.46,4.98,6.6786,0.680529301,14.77,8.933901919,219.082
2013-12-10,269.6103896,3.584229391,27.78261904,74.62107742,75.84,14.97,6.4985,2.854442344,18.35,3.304904051,221.0858
2013-12-15,130.3623188,4.893515195,30.58230947,71.42709712,57.74,28.9,5.2061,6.29489603,10.55,8.783299145,123.5126
2013-12-18,162.7604167,5.555555556,25.10777591,78.15776073,49.36,38.56,5.4554,2.354090117,11.87,0.490405117,122.2799
2013-12-20,138.202765,3.806662041,19.5,80.5,72.32,16.95,5.4298,4.334601298,12.31,3.176972281,131.0564
2013-12-25,520.8333333,3.611517777,27.87039663,72.48379047,51.86,39.25,5.429,4.480151229,15.82,7.292110874,360.2014
2013-12-28,141.9533972,4.354066986,32.62,67.38,84.08,10,5.9857,5.236294896,12.4,1.663113006,142.0295
2014-01-05,210.1962086,3.226587099,18.91,81.09,91.93,4.76,6.6274,0.680529301,14.84,8.933901919,218.2659
2014-01-10,269.1511387,3.691308252,20.62667202,79.8040391,78.21,13.63,6.3978,2.854442344,18.55,3.304904051,221.4418
2014-01-15,132.6832151,5.714285714,33.01416293,67.77244799,60.57,26.89,5.2784,6.29489603,10.58,2.447968306,117.1043
2014-01-18,162.7604167,5.520938018,19.79588181,66.94705874,50.09,38.35,5.5349,1.663979515,12.42,0.490405117,123.1843
2014-01-20,137.1284865,3.584229391,25.15,74.85,72,17.45,5.4119,4.831756347,12.54,3.176972281,129.8105
2014-01-25,529.5339179,5.530819712,25.41579659,65.08320177,51.77,39.49,5.5098,4.480151229,15.3,7.292110874,349.6296
2014-01-28,140.8753709,4.109589041,35.11,64.89,83.98,10.25,5.9544,5.236294896,12.55,1.663113006,141.6468
2014-02-05,218.9485214,3.130875292,22.07,77.93,92.21,4.59,6.5092,0.680529301,14.92,8.933901919,213.0914
2014-02-10,272.8908189,3.51000351,23.38976619,76.5112046,77.44,14.25,6.2677,2.854442344,18.09,3.304904051,222.5208
2014-02-15,136.1386139,3.669724771,24.30692518,75.45749986,67.3,21.87,5.2376,6.29489603,10.78,0.857876681,112.594
2014-02-18,163.0434783,5.916800272,24.52082904,77.3837789,52.31,36.4,5.4306,1.431365512,12.32,0.490405117,125.0655
2014-02-20,138.8305054,3.449465743,21.59,78.41,73.58,16.36,5.3108,2.795340856,12.56,3.176972281,130.4667
2014-02-25,521.375445,5.685617412,22.27941912,75.7021152,53.31,37.55,5.3967,4.480151229,15.76,7.292110874,355.6871
2014-02-28,144.2887964,3.689207799,25,75,84.35,10.15,5.8532,5.236294896,12.78,1.663113006,141.3889
2014-03-05,223.534202,3.085454545,24.61,75.39,91.36,5.02,6.3449,0.680529301,15.01,8.933901919,214.41
2014-03-10,274.122807,3.334444815,25.08640475,66.64678079,77.47,14.2,6.0389,2.854442344,17.81,3.304904051,222.4125
2014-03-15,137.0128784,4.026666667,31.67105674,71.6533915,72.95,18.14,5.0606,6.29489603,10.72,4.607079459,117.3641
2014-03-18,163.0561854,4.558472554,26.77898982,69.15895615,53.95,34.73,5.282,4.964514641,12.46,0.490405117,124.6514
2014-03-20,139.9896266,2.912621359,22.47,77.53,74.17,15.91,5.1369,1.400462995,12.64,3.176972281,130.1398
2014-03-25,553.5714286,3.152224723,29.94470335,74.60443804,55,36.28,5.2054,4.480151229,16.37,7.292110874,360.2911
2014-03-28,144.141318,3.290322581,34.62,65.38,82.47,11.36,5.7008,5.236294896,12.94,1.663113006,141.4777
2014-04-05,227.7868186,3.076923077,21.17,78.83,91.74,4.58,6.1578,0.680529301,14.99,8.933901919,220.5073
2014-04-10,271.3009213,3.150152039,23.52115123,66.23673983,78.22,13.38,5.8124,2.854442344,17.49,3.304904051,224.8306
2014-04-15,138.2327209,3.158559697,37.25707124,76.16260539,73.23,17.41,4.9545,6.29489603,10.68,1.292410608,123.7558
2014-04-18,163.0797306,4.906440183,23.76612255,62.23188289,58.21,31.47,5.0711,1.267111949,12.88,0.490405117,130.3892
2014-04-20,142.3734694,2.942907593,21.95,78.05,75.43,14.37,4.9927,2.086968827,12.88,3.176972281,130.9386
2014-04-25,553.9264131,3.379099914,27.85418965,64.05810924,64.95,27.04,5.132,4.480151229,18.94,7.292110874,408.6316
2014-04-28,146.8464276,3.056597874,40,60,82.57,11.02,5.5247,5.236294896,13,1.663113006,143.6765
2014-05-05,229.3862018,3.030915336,21.26,78.74,90.31,5.46,5.9632,0.680529301,14.95,8.933901919,228.9682
2014-05-10,271.2537929,3.437168305,36.20532945,75.39780677,72.33,17.97,5.5766,2.854442344,17.15,3.304904051,228.2653
2014-05-15,141.1239751,3.573981415,37.80746286,66.08900462,70.49,20.39,4.7654,6.29489603,10.87,1.2050981,131.2227
2014-05-18,166.4438655,4.46144222,25.90270922,62.55299268,59.15,31.68,4.8685,1.314454216,13.13,0.490405117,127.8905
2014-05-20,144.6776131,3.076923077,23.13,76.87,72.87,16.63,4.8489,2.981414877,12.92,3.176972281,135.7656
2014-05-25,553.7048281,3.594203682,33.47547582,77.61696067,75.14,18.02,4.9089,4.480151229,18.65,7.292110874,377.8325
2014-05-28,148.6607143,3.142857143,38.82,61.18,77.07,14.66,5.3314,5.236294896,12.98,1.663113006,149.1309
2014-06-05,228.550181,3.06872375,19.07,80.93,87.46,7.32,5.8239,0.680529301,14.95,8.933901919,235.7102
2014-06-10,273.7182678,3.334074239,23.52303498,80.86399054,66.92,22.52,5.3867,2.854442344,17.03,3.304904051,231.5324
2014-06-15,143.7640981,3.818240011,21.37757695,75.00636584,69.1,22.12,4.7376,6.29489603,10.95,4.082517946,128.8117
2014-06-18,165.726817,5.584585571,34.91900611,71.71728876,58.86,32.53,4.7069,5.098228291,12.41,0.490405117,123.1423
2014-06-20,143.6875,3.111802777,19.21,80.79,68.65,20.73,4.8109,5.646061171,12.88,3.176972281,141.3009
2014-06-25,543.3009382,4.533218156,35.55513465,73.64852193,80.2,14.39,4.7631,4.480151229,18.17,7.292110874,334.0266
2014-06-28,148.670031,3.011626702,37.11,62.89,70.77,19.67,5.1996,5.236294896,13.03,1.663113006,152.04
2014-07-05,225.7857519,3.043478261,18.75,81.25,83.41,9.96,5.6395,0.680529301,14.62,8.933901919,237.2937
2014-07-10,271.7475728,3.344481605,23.80749801,83.51391807,61.93,27.1,5.112,2.854442344,16.41,3.304904051,222.3806
2014-07-15,141.4525433,4.311377246,25.03681381,81.04396852,66.02,24.94,4.6009,6.29489603,10.46,8.416603301,134.1776
2014-07-18,165.6480118,5.13478819,26.05767895,80.9880285,56.5,35.48,4.4897,4.789753779,10.98,0.490405117,123.1136
2014-07-20,143.0343511,3.06441526,15.95,84.05,63.31,25.59,4.6503,2.668037369,12.38,3.176972281,143.6501
2014-07-25,514.9638803,4.176732828,21.79923911,77.16534471,78.26,16.53,4.515,4.480151229,16.64,7.292110874,346.0351
2014-07-28,147.81491,3.226977537,34.59,65.41,61.97,27.11,5.0413,5.236294896,12.85,1.663113006,154.4649
2014-08-05,223.0938335,3.06795528,21.09,78.91,77.85,13.86,5.4365,0.680529301,14.43,8.933901919,236.5779
2014-08-10,273.2035928,3.693931398,23.7656474,68.91115598,60.37,28.87,4.9455,2.854442344,16.21,3.304904051,227.0738
2014-08-15,141.2563241,4.366812227,21.22652021,73.82924072,61.69,28.99,4.5008,6.29489603,10.37,8.347598576,134.9815
2014-08-18,164.921466,5.147759771,23.19641251,69.13175508,54.45,37.89,4.2727,3.958821344,10.08,0.490405117,128.3286
2014-08-20,141.3017717,3.126954346,28.93,71.07,57.46,30.8,4.4992,3.47858117,12.03,3.176972281,143.7119
2014-08-25,493.2064591,3.805822833,27.13111735,73.47270055,77.06,17.64,4.1594,4.480151229,15.74,7.292110874,319.1688
2014-08-28,146.7231544,3.226673837,35.39,64.61,54.69,34.06,4.9109,5.236294896,12.78,1.663113006,153.3414
2014-09-05,223.172735,3.043478261,17.84,82.16,72.81,17.66,5.278,0.680529301,14.36,8.933901919,226.9263
2014-09-10,274.5913519,3.598971722,21.30913303,75.5421323,57.26,32.2,4.7087,2.854442344,16.44,3.304904051,234.8891
2014-09-15,140.9478695,3.847633705,22.6024152,78.63370787,57.18,33.4,4.4553,6.29489603,10.14,4.561847876,123.9446
2014-09-18,164.2156863,5.120481928,19.05237985,71.46264497,54.64,38.02,4.1156,1.258561005,10.4,0.490405117,129.8209
2014-09-20,139.5348837,3.228149484,21.15,78.85,52.69,35.96,4.4176,4.936017382,11.86,3.176972281,137.2096
2014-09-25,527.1378368,3.66814426,23.96709791,71.09464977,76.45,18.38,3.9114,4.480151229,14.94,7.292110874,322.5608
2014-09-28,146.1931291,3.059701493,29.15,70.85,53.31,35.78,4.7533,5.236294896,12.58,1.663113006,145.4746
2014-10-05,224.2152466,3.003003003,17.47,82.53,69.23,20.49,5.1263,0.680529301,14.43,8.933901919,214.5177
2014-10-10,274.6774964,3.334444815,25.53744354,70.13190962,54.35,34.67,4.4665,2.854442344,16.67,3.304904051,236.9216
2014-10-15,141.3459906,3.733455763,29.40603584,79.73012963,53.28,37.68,4.3308,6.29489603,10.17,6.281150848,115.7172
2014-10-18,165.7407822,5.28447987,26.67379762,74.13589244,53.45,39.1,3.9626,4.702810323,11.31,0.490405117,136.4316
2014-10-20,139.8169772,3.039513678,21.28,78.72,46.35,42.72,4.3119,5.26986869,11.75,3.176972281,133.9763
2014-10-25,537.5722543,3.631344244,27.39164258,71.83292218,74.71,20.45,3.7436,4.480151229,14.6,7.292110874,354.5916
2014-10-28,145.8759373,3.031221582,30.46,69.54,49.86,39.28,4.6187,5.236294896,12.41,1.663113006,142.9733
2014-11-05,222.8106974,2.97222478,18.02,81.98,65.82,23.44,4.9516,0.680529301,14.46,8.933901919,208.2308
2014-11-10,277.3225325,3.333333333,26.95801347,75.6658208,53.93,35.23,4.2316,2.854442344,16,3.304904051,233.3503
2014-11-15,137.4099007,4.257130694,22.40200878,72.78002691,50.41,41.22,4.1168,6.29489603,10.21,8.837429983,137.4454916
2014-11-18,165.7547473,5.307861838,20.97594794,81.0541921,52.54,40.19,3.7989,6.227954124,12.55,0.490405117,129.6793
2014-11-20,138.8256269,3.261648746,21.11,78.89,44.41,44.86,4.1845,2.748571871,11.57,3.176972281,130.9937
2014-11-25,551.7514286,4.65447805,18.34048489,73.68523323,74.13,20.97,3.4392,4.480151229,14.45,7.292110874,227.2509986
2014-11-28,144.8067633,3.192907794,27.53,72.47,47.49,41.76,4.4577,5.236294896,12.33,1.663113006,138.8884
2014-12-05,219.7844828,3.075970273,16.06,83.94,60.54,28.17,4.8074,0.680529301,14.42,8.933901919,203.3777
2014-12-10,274.4377919,3.460207612,20.53338428,70.16901773,52.53,36.6,4.023,2.854442344,14.42,3.304904051,230.1339
2014-12-15,136.7887609,4.257130694,24.8401474,74.44864894,46.45,45.21,3.9665,6.29489603,10.25,4.713009717,96.5061
2014-12-18,164.5,5.478226469,28.10749294,73.68490871,52.29,40.71,3.6461,0.734349004,13.16,0.490405117,110.4395
2014-12-20,138.6125654,3.227888961,24.47,75.53,41.94,47.87,4.0793,5.230223528,11.33,3.176972281,127.9159
2014-12-25,548.6527421,3.65249372,30.79748484,73.32751587,73,22.49,3.217,4.480151229,16.05,7.292110874,160.3132989
2014-12-28,143.5,3.766472373,32.11,67.89,45.36,43.88,4.3594,5.236294896,12.3,1.663113006,134.038
2015-01-05,219.6590339,3.132400431,19.86,80.14,56,32.43,4.6546,0.680529301,14.32,8.933901919,197.6362
2015-01-10,274.3902439,3.31569001,21.29211335,71.19142185,50.91,38.12,3.8117,2.854442344,13.8,3.304904051,221.1531
2015-01-15,137.1130212,4.825427863,22.32147231,74.67761904,44.46,46.99,3.9028,6.29489603,10.13,6.708111305,159.5608568
2015-01-18,164.5912698,5.315789474,22.22196055,70.89228075,52.04,41.12,3.4203,5.213538008,12.67,0.490405117,108.9348
2015-01-20,137.9333787,3.449465333,21.33,78.67,38.52,51.74,3.9461,1.977371455,11.14,3.176972281,128.3212
2015-01-25,520.4983923,3.493179174,22.29472106,79.39740844,74.38,20.89,2.9538,4.480151229,15.92,7.292110874,140.5001872
2015-01-28,143.3046202,3.513006655,29.86,70.14,47.68,42.05,4.1932,5.236294896,12.27,1.663113006,133.098
2015-02-05,220.6157332,3.293536435,19.13,80.87,59.33,29.4,4.6138,0.680529301,14.38,8.933901919,198.5298
2015-02-10,276.4573991,3.217623498,28.42125696,71.8029063,55.19,34.1,3.7654,2.854442344,13.74,3.304904051,221.1391
2015-02-15,134.641012,4.136986301,27.28580164,67.19736834,42.81,49.23,3.8483,6.29489603,10.08,6.228564181,179.2072508
2015-02-18,166.0181582,6,29.70534853,78.36091406,52.14,41.09,3.3849,6.158074093,12.17,0.490405117,120.6337
2015-02-20,139.3865506,3.271889401,27.43,72.57,39.81,50.28,3.9269,3.120835622,11,3.176972281,128.6986
2015-02-25,523.8181145,4.215705513,,73.16039467,76.31,19.75,3.0114,4.480151229,16.26,7.292110874,132.2647861
2015-02-28,144.0234792,3.668395702,33.83,66.17,49.86,39.87,4.1636,5.236294896,12.33,1.663113006,132.8964
2015-03-05,225.9187613,3.18616559,16.81,83.19,65.12,24.59,4.5769,0.680529301,14.48,8.933901919,196.338
2015-03-10,275.870383,3.429951691,25.38335416,72.14761966,58.52,30.85,3.7477,2.854442344,13.97,3.304904051,229.4647
2015-03-15,136.895811,5.357142857,18.72327852,82.34090153,42.23,49.96,3.8301,6.29489603,10.23,1.334098675,119.0319934
2015-03-18,168.928922,5.002501251,22.15811796,80.9606366,54.65,38.46,3.3163,2.862653343,12.01,0.490405117,195.4162223
2015-03-20,140.4266389,2.952657688,20.53,79.47,43.69,46.03,3.9212,3.708677518,10.92,3.176972281,125.8337
2015-03-25,507.5167446,4.329249729,24.35825762,72.89202499,75.62,20.09,3.0607,4.480151229,16.37,7.292110874,184.8269538
2015-03-28,146.9394168,3.37882333,27.91,72.09,55.27,34.96,4.1339,5.236294896,12.4,1.663113006,134.7605
2015-04-05,232.0954907,3.125,17.04,82.96,68.49,20.44,4.5085,0.680529301,14.39,8.933901919,196.1599
2015-04-10,275.9013981,3.378668576,21.27388376,75.41560179,61.35,26.26,3.668,2.854442344,14.11,3.304904051,238.0103
2015-04-15,138.3846154,4.764173416,21.09551386,77.30193181,39.62,50.82,3.7846,6.29489603,9.76,5.551528342,174.910556
2015-04-18,165.5273438,4.963101471,20.02513056,76.16938571,53.15,37.61,3.3141,3.921566479,11.75,0.490405117,131.3959
2015-04-20,142.7884209,2.942907593,21.4,78.6,45.12,42.58,3.8677,5.210522737,10.78,3.176972281,131.7852
2015-04-25,499.7144489,4.910022584,27.37250681,78.66933722,76.06,19.03,3.0772,4.480151229,16.31,7.292110874,169.2970175
2015-04-28,149.3817179,3.031221582,28.81,71.19,58.12,30.49,4.0965,5.236294896,12.46,1.663113006,136.5591
2015-05-05,235.7881371,3.125976868,14.01,85.99,67.77,20.66,4.4343,0.680529301,14.28,8.933901919,199.8608
2015-05-10,278.4090909,3.247311828,21.76244531,85.97814294,63.77,23.2,3.6267,2.854442344,14.26,3.304904051,228.0151
2015-05-15,138.9155983,4.357298475,21.99996229,82.90258987,37.81,51.8,3.7345,6.29489603,9.44,2.215352291,166.5876436
2015-05-18,165.7547473,4.620267386,21.10230158,76.23432835,51.59,38.43,3.2609,5.401165092,11.6,0.490405117,185.4485745
2015-05-20,143.8636364,3.178294574,20.06,79.94,45.37,40.83,3.839,1.523231935,10.64,3.176972281,135.8973
2015-05-25,551.9374796,3.542294439,20.09873882,76.23015228,73.99,20.47,3.0854,4.480151229,16.75,7.292110874,165.9367713
2015-05-28,151.9522112,3.076923077,24.5,75.5,60.65,27.64,4.0619,5.236294896,12.36,1.663113006,142.3936
2015-06-05,236.0651741,3.142857143,12.12,87.88,67.35,20.7,4.4493,0.680529301,14.07,8.933901919,202.4882
2015-06-10,279.1881443,3.341689884,22.47602654,76.90609624,67.66,19.54,3.6844,2.854442344,14.42,3.304904051,229.5073
2015-06-15,140.2879902,4.444444444,18.20941888,79.21556003,34.83,54.4,3.6799,6.29489603,9.54,4.414442706,159.1449338
2015-06-18,164.8044461,5.130836326,13.9828665,85.46325098,48.12,39.91,3.3052,4.657564968,11.43,0.490405117,122.762
2015-06-20,144.5082721,3.17510724,19.56,80.44,43.54,41.72,3.8626,2.812583498,10.54,3.176972281,144.0757
2015-06-25,522.5119097,4.375857191,23.60308707,80.72184993,73.54,20.69,3.0936,4.480151229,16.5,7.292110874,371.108
2015-06-28,152.2850123,2.961442441,23.74,76.26,62.7,25.95,4.0891,5.236294896,12.35,1.663113006,145.631
2015-07-05,232.712766,3.090909091,11.07,88.93,65.77,21.95,4.4958,0.680529301,13.86,8.933901919,203.9645
2015-07-10,281.4041803,3.449465333,15.04959348,83.3347984,72.73,15.79,3.7463,2.854442344,14.45,3.304904051,237.9261
2015-07-15,138.7070585,4.616449977,14.88197932,81.77896177,33.95,54.94,3.6527,6.29489603,9.56,0.877003467,228.1006
2015-07-18,165.6965382,4.964539007,12.93739017,87.36908163,48.12,39.87,3.3783,3.154332829,11.33,0.490405117,125.6703
2015-07-20,143.1585292,3.14067759,17.02,82.98,46.95,37.9,3.9563,5.213424302,10.51,3.176972281,146.4587
2015-07-25,589.7703549,4.076245028,11.37708373,87.53424463,76.63,18.55,3.2006,4.480151229,17.89,7.292110874,165.8976321
2015-07-28,151.1254045,3.126954346,19.75,80.25,67.6,21.46,4.1751,5.236294896,12.25,1.663113006,147.5904
2015-08-05,229.1061633,3.10304564,12.13,87.87,70.87,17.14,4.5168,0.680529301,13.86,8.933901919,198.2962
2015-08-10,281.2437561,3.449703588,13.87175045,78.09980555,78.06,12.44,3.6986,2.854442344,14.96,3.304904051,255.8197
2015-08-15,138.0969786,4.556780939,18.2280869,81.41446535,35.6,51.23,3.6481,6.29489603,9.77,2.29358354,242.0952189
2015-08-18,165.726817,5.437729394,15.81920199,87.18580531,47.63,40.01,3.4292,3.441143841,10.94,0.490405117,121.3384
2015-08-20,141.9138646,3.279456547,14.5,85.5,48.65,35.69,3.9703,6.277494897,10.44,3.176972281,143.8046
2015-08-25,582.7369306,4.722552871,22.31613674,78.33288382,73.23,21.4,3.2829,4.480151229,17.34,7.292110874,157.8324379
2015-08-28,150.2797203,3.126954346,22.93,77.07,71.37,18.41,4.2092,5.236294896,12.17,1.663113006,145.862
2015-09-05,232.4612403,3.081448296,12.75,87.25,75.14,13.95,4.5782,0.680529301,13.96,8.933901919,193.3602
2015-09-10,280.3242725,3.642857143,12.96412024,81.55743209,78.02,13.2,3.7413,2.854442344,15.87,3.304904051,264.1951
2015-09-15,136.9495166,4.175383543,17.58701152,80.82574854,41.04,45.57,3.6709,6.29489603,9.87,2.998137124,238.6808179
2015-09-18,165.625,5.263185596,17.93769317,84.79311374,48.7,39.71,3.4868,4.378002278,10.86,0.490405117,205.5225115
2015-09-20,141.6156148,3.106234214,14.52,85.48,49.82,34.07,4.0226,6.230310654,10.46,3.176972281,140.1627
2015-09-25,572.3648038,4.515100598,15.49302015,83.705481,72.34,22.17,3.3076,4.480151229,17.53,7.292110874,251.4460146
2015-09-28,149.6240602,3.261648746,19.77,80.23,73.92,16.43,4.2903,5.236294896,12.16,1.663113006,144.6482
2015-10-05,233.3330556,3.077396523,11.76,88.24,75.16,14.67,4.6022,0.680529301,14.1,8.933901919,192.0357
2015-10-10,278.8820347,3.50877193,19.37774196,77.64370462,69.86,20.46,3.7214,2.854442344,16.6,3.304904051,263.5488
2015-10-15,135.9670626,3.847633705,19.2567412,87.93017572,41.51,45.43,3.6527,6.29489603,10,4.547497142,111.5509176
2015-10-18,165.2854512,5.467654119,17.74445567,77.18549805,49.57,39.03,3.4934,3.612608326,11.1,0.490405117,126.3004
2015-10-20,140.8803105,3.226326911,22.37,77.63,51.27,32.68,4.0391,3.30534024,10.51,3.176972281,139.1157
2015-10-25,568.6572841,3.855820625,15.80701572,84.61448249,65.84,28.06,3.3651,4.480151229,17.84,7.292110874,437.6108
2015-10-28,148.7761127,3.22684737,22.82,77.18,70.49,19.13,4.3528,5.236294896,12.15,1.663113006,142.5131
2015-11-05,232.2635135,3.011333535,11.18,88.82,74.99,15.51,4.626,0.680529301,14.24,8.933901919,192.9617
2015-11-10,280.0407332,3.352913072,14.56816083,88.50639642,66.09,24.74,3.7484,2.854442344,17.03,3.304904051,253.5906
2015-11-15,134.3697479,2.947309101,14.98795536,84.71235255,42.59,44.62,3.6618,6.29489603,10.07,6.724889877,227.3141664
2015-11-18,162.5502624,5.134899913,15.09232899,82.69009162,52.85,36.28,3.5133,4.467828605,11.39,0.490405117,204.897335
2015-11-20,139.4067797,3.156060054,20.64,79.36,53.62,30.91,4.0187,3.011480888,10.59,3.176972281,135.0148
2015-11-25,588.9292196,4.112908198,22.62087908,83.08652866,61.67,32.16,3.4721,4.480151229,18.23,7.292110874,237.3105779
2015-11-28,148.3002696,3.247480403,22.74,77.26,69.84,20.06,4.3734,5.236294896,12.25,1.663113006,140.8015
2015-12-05,229.8717548,3.22684737,12.19,87.81,81.01,10.92,4.6737,0.680529301,14.46,8.933901919,193.3156
2015-12-10,277.8450363,3.236245955,15.01875528,87.40590956,49.07,37.51,3.806,2.854442344,17.03,3.304904051,239.2736
2015-12-15,135.4312642,4.582777271,12.46587203,80.72083779,47.19,39.47,3.7118,6.29489603,10.11,7.765073637,141.5127456
2015-12-18,160.6358387,6.396588486,13.24959993,87.03541462,60.49,28.81,3.5222,3.754513663,11.28,0.490405117,128.2689
2015-12-20,138.3608815,3.63175112,16.31,83.69,64.6,22.61,4.0136,4.036605293,10.75,3.176972281,134.9392
2015-12-25,599.7474747,4.677869801,15.71894072,85.2488726,70.8,25,3.4227,4.480151229,19.01,7.292110874,448.7503
2015-12-28,146.9948849,3.571428571,21.77,78.23,62.63,24.55,4.4421,5.236294896,12.44,1.663113006,139.793
2016-01-05,228.8554441,3.109617231,11.85,88.15,81.78,10.67,4.719,0.680529301,14.56,8.933901919,191.7031
2016-01-10,278.2766236,3.705075954,14.99719785,85.98004136,46.47,40.51,3.8252,2.854442344,16.68,3.304904051,255.0438
2016-01-15,132.2024152,6.200972109,21.61615186,88.03327573,49.66,37.3,3.6436,6.29489603,10.27,8.376770891,198.9942722
2016-01-18,162.1857309,5.031055901,16.44177031,83.85711662,60.2,28.84,3.5709,5.520552982,11.52,0.490405117,136.8652872
2016-01-20,137.5752365,3.573981415,19.37,80.63,66.73,20.7,4.0742,2.326338775,10.72,3.176972281,137.4576
2016-01-25,589.3621961,5.300485388,20.29972382,80.22706408,68.85,26.19,3.4721,4.480151229,14.2,7.292110874,140.3687505
2016-01-28,147.285798,3.334444815,21.9,78.1,65.26,22.68,4.5018,5.236294896,12.46,1.663113006,134.9073
2016-02-05,233.6074572,3.077633318,12.28,87.72,80.06,11.9,4.7519,0.680529301,14.62,8.933901919,187.8926
2016-02-10,279.6901893,3.450655625,14.33059167,79.95373376,54.96,32.74,3.848,2.854442344,16.58,3.304904051,255.8
2016-02-15,131.9802625,5.022291421,17.52392262,81.48445054,54.98,32.74,3.6936,6.29489603,10.23,4.532381281,96.23095429
2016-02-18,161.4059971,6.25,16.49733725,83.55734932,58.59,30.48,3.6041,2.781190704,11.26,0.490405117,106.2708
2016-02-20,138.7896825,3.225811655,17.2,82.8,70.02,18.21,4.1188,0.824197489,10.8,3.176972281,131.1405
2016-02-25,589.3621961,4.499515629,19.88511884,79.93837998,64.52,30.48,3.3734,4.480151229,14.79,7.292110874,121.8826954
2016-02-28,148.0480971,3.571938848,20.71,79.29,73.22,17.36,4.5914,5.236294896,12.49,1.663113006,133.2657
2016-03-05,241.893039,3.100775194,11.42,88.58,77.32,13.76,4.7976,0.680529301,14.5,8.933901919,188.1125
2016-03-10,283.090334,3.618817853,11.78968482,83.60086602,58.09,30.22,3.9099,2.854442344,16.19,3.304904051,240.1123
2016-03-15,136.0677765,4.764173416,22.90304577,77.19300729,60.4,28.52,3.7072,6.29489603,10.1,5.24861129,226.3717013
2016-03-18,161.2741697,5.517241379,19.84799743,80.42890691,54.45,34.36,3.6616,2.198704513,10.95,0.490405117,239.9582404
2016-03-20,141.2530497,3.009708738,18.73,81.27,62.82,23.19,4.1851,5.872112589,10.71,3.176972281,131.7687
2016-03-25,599.3670329,3.758116715,20.24776808,79.82609055,60.66,34.24,3.2746,4.480151229,15.53,7.292110874,169.968898
2016-03-28,151.1699507,3.4074419,25,75,67.93,20.99,4.6778,5.236294896,12.23,1.663113006,132.8144
2016-04-05,245.723889,3.125488358,10.85,89.15,77.28,13.77,4.848,0.680529301,14.37,8.933901919,193.7744
2016-04-10,284.0909091,3.30065605,12.33440782,82.91049516,57.41,30.63,4.0593,2.854442344,15.87,3.304904051,226.6126
2016-04-15,134.0131911,4.597680235,15.83249356,88.85153643,54.38,33.49,3.7664,6.29489603,9.91,0.874163186,167.1788442
2016-04-18,162.3006834,5.848559802,18.1447344,84.95091385,48.23,39.72,3.7502,4.866890589,11.26,0.490405117,108.7388
2016-04-20,143.8106796,3.334444815,18.61,81.39,57.11,27.57,4.2329,3.058530159,10.52,3.176972281,136.0883
2016-04-25,581.1700891,3.358842386,15.83580543,88.97169518,57.01,36.95,3.3405,4.480151229,15.81,7.292110874,188.1886633
2016-04-28,153.5999861,3.334444815,18.73,81.27,68.95,20.17,4.7383,5.236294896,12.1,1.663113006,136.892
2016-05-05,248.2445639,3.184509522,10.32,89.68,85.14,8.06,4.897,0.680529301,14.37,8.933901919,191.7437
2016-05-10,285.0241546,3.334444815,16.0023038,80.91351384,67.77,20.98,4.1013,2.854442344,15.31,3.304904051,243.5827
2016-05-15,139.3020639,3.816793893,18.10197011,84.45580088,43.48,42.09,3.8437,6.29489603,9.44,2.620312176,231.9919092
2016-05-18,164.0707071,4.819277108,17.06468942,82.05384116,41.58,43.79,3.8078,1.755501498,11.12,0.490405117,104.7059
2016-05-20,145.9057606,3.115220281,17.66,82.34,57.09,25.43,4.2916,4.957491771,10.35,3.176972281,143.4879
2016-05-25,633.3333333,4.464637524,16.14308393,81.4864782,57.28,36.07,3.3816,4.480151229,16.16,7.292110874,165.7967275
2016-05-28,155.63655,3.244997296,21.12,78.88,71.51,16.67,4.7807,5.236294896,11.89,1.663113006,141.5338
2016-06-05,249.1874323,3.125488358,8.68,91.32,85.89,7.52,4.8926,0.680529301,14.34,8.933901919,175.2249
2016-06-10,286.259542,3.533568905,19.05831534,88.2581517,70.34,18.87,4.1013,2.854442344,15.06,3.304904051,139.8495875
2016-06-15,140.5235095,3.968253968,10.87351661,80.86760549,47.34,39.14,3.8801,6.29489603,9.38,2.115486792,139.4135224
2016-06-18,163.5674931,5.020161598,15.34987765,89.95953359,42.64,42.42,3.8078,0.985133909,11.16,0.490405117,155.1258729
2016-06-20,145.715504,3.032140691,13.83,86.17,57.51,25.1,4.2929,2.499989375,10.34,3.176972281,143.8138
2016-06-25,657.498999,4.162980562,9.662754138,82.90503024,58.1,36.07,3.3898,4.480151229,16.53,7.292110874,165.3902151
2016-06-28,156.2769465,3.175611305,19.36,80.64,76.67,13.02,4.8465,5.236294896,11.89,1.663113006,134.7486
2016-07-05,247.3608693,3.077396523,8.22,91.78,83.95,9.03,4.7535,0.680529301,14.33,8.933901919,161.6474
2016-07-10,287.2477184,3.64453558,17.94435408,88.8312675,69.57,19.13,4.0472,2.854442344,15,3.304904051,136.44373
2016-07-15,141.340227,4.159460394,12.13221421,82.17328503,49.1,37.21,3.7937,6.29489603,9.29,3.435447877,152.3280104
2016-07-18,161.6467769,5.291005291,13.8432907,82.16387674,44.79,39.72,3.7768,5.814048071,10.81,0.490405117,161.2351157
2016-07-20,145.1254796,3.334444815,14.32,85.68,57.41,25.32,4.2183,6.248430112,10.34,3.176972281,146.6444
2016-07-25,656.1472715,4.291442694,17.19837996,81.38951504,59.43,33.88,3.2253,4.480151229,16.76,7.292110874,153.5678377
2016-07-28,156.128921,3.126954346,19.56,80.44,77.81,12.2,4.7885,5.236294896,11.93,1.663113006,129.9931