MSPt-1,MSPt-3,MSPt-2,MSPt-5,MSPt-6,IVt-1,IVt-2,DVt-3,MLPt-8,DVt-5,MLPt-6,MLPt-7,MLPt-5,MLPt-2,MLPt-3,MLPt-1
210.0178,191.2350875,145.5343,132.5781,219.6001139,30.48,22.14,46.99,207.4016962,52.93,140.6666667,256.2820513,166.307955,147.1276334,244.2629836,206.9230769
230.1553,145.5343,210.0178,142.2952,132.5781,24.88,30.48,61.59,256.2820513,70.67,166.307955,140.6666667,142.9084565,206.9230769,147.1276334,255.0
226.9432356,210.0178,230.1553,191.2350875,142.2952,23.31,24.88,51.73,140.6666667,46.99,142.9084565,166.307955,244.2629836,255.0,206.9230769,140.1785714
129.5548,230.1553,226.9432356,145.5343,191.2350875,35.46,23.31,60.21,166.307955,61.59,244.2629836,142.9084565,147.1276334,140.1785714,255.0,164.84375
138.4103,226.9432356,129.5548,210.0178,145.5343,12.58,35.46,62.86,142.9084565,51.73,147.1276334,244.2629836,206.9230769,164.84375,140.1785714,142.2597865
208.3606937,129.5548,138.4103,230.1553,210.0178,49.85,12.58,51.35,244.2629836,60.21,206.9230769,147.1276334,255.0,142.2597865,164.84375,179.1922426
147.5122,138.4103,208.3606937,226.9432356,230.1553,19.61,49.85,74.69,147.1276334,62.86,255.0,206.9230769,140.1785714,179.1922426,142.2597865,146.0117133
211.3451,208.3606937,147.5122,129.5548,226.9432356,27.81,19.61,40.37,206.9230769,51.35,140.1785714,255.0,164.84375,146.0117133,179.1922426,203.7037037
232.4509,147.5122,211.3451,138.4103,129.5548,23.73,27.81,64.95,255.0,74.69,164.84375,140.1785714,142.2597865,203.7037037,146.0117133,252.2321429
144.8732919,211.3451,232.4509,208.3606937,138.4103,21.78,23.73,55.15,140.1785714,40.37,142.2597865,164.84375,179.1922426,252.2321429,203.7037037,140.0224215
134.6848,232.4509,144.8732919,147.5122,208.3606937,35.17,21.78,61.89,164.84375,64.95,179.1922426,142.2597865,146.0117133,140.0224215,252.2321429,164.084507
135.3118,144.8732919,134.6848,211.3451,147.5122,12.64,35.17,65.62,142.2597865,55.15,146.0117133,179.1922426,203.7037037,164.084507,140.0224215,138.8310185
179.3694676,134.6848,135.3118,232.4509,211.3451,54.82,12.64,51.54,179.1922426,61.89,203.7037037,146.0117133,252.2321429,138.8310185,164.084507,220.4820554
145.7691,135.3118,179.3694676,144.8732919,232.4509,17.68,54.82,75.25,146.0117133,65.62,252.2321429,203.7037037,140.0224215,220.4820554,138.8310185,142.5456389
208.1171,179.3694676,145.7691,134.6848,144.8732919,27.16,17.68,35.42,203.7037037,51.54,140.0224215,252.2321429,164.084507,142.5456389,220.4820554,201.1627907
228.5356,145.7691,208.1171,135.3118,134.6848,19.86,27.16,67.41,252.2321429,75.25,164.084507,140.0224215,138.8310185,201.1627907,142.5456389,249.5779289
134.8633964,208.1171,228.5356,179.3694676,135.3118,19.47,19.86,56.36,140.0224215,35.42,138.8310185,164.084507,220.4820554,249.5779289,201.1627907,138.6913229
130.4943,228.5356,134.8633964,145.7691,179.3694676,34.2,19.47,67.29,164.084507,67.41,220.4820554,138.8310185,142.5456389,138.6913229,249.5779289,163.0842391
133.205,134.8633964,130.4943,208.1171,145.7691,11.73,34.2,68.44,138.8310185,56.36,142.5456389,220.4820554,201.1627907,163.0842391,138.6913229,137.8212123
145.7740407,130.4943,133.205,228.5356,208.1171,55.34,11.73,52.34,220.4820554,67.29,201.1627907,142.5456389,249.5779289,137.8212123,163.0842391,167.4062221
139.1754,133.205,145.7740407,134.8633964,228.5356,13.04,55.34,77.27,142.5456389,68.44,249.5779289,201.1627907,138.6913229,167.4062221,137.8212123,141.3359898
202.4189,145.7740407,139.1754,130.4943,134.8633964,25.66,13.04,34.09,201.1627907,52.34,138.6913229,249.5779289,163.0842391,141.3359898,167.4062221,199.5295699
222.5335,139.1754,202.4189,133.205,130.4943,21.53,25.66,75.21,249.5779289,77.27,163.0842391,138.6913229,137.8212123,199.5295699,141.3359898,246.3627424
182.2373261,202.4189,222.5335,145.7740407,133.205,18.13,21.53,58.48,138.6913229,34.09,137.8212123,163.0842391,167.4062221,246.3627424,199.5295699,137.816245
131.7599,222.5335,182.2373261,139.1754,145.7740407,33.18,18.13,65.09,163.0842391,75.21,167.4062221,137.8212123,141.3359898,137.816245,246.3627424,162.9974598
133.2206,182.2373261,131.7599,202.4189,139.1754,11.42,33.18,69.82,137.8212123,58.48,141.3359898,167.4062221,199.5295699,162.9974598,137.816245,137.4223602
164.3026006,131.7599,133.2206,222.5335,202.4189,59.34,11.42,53.02,167.4062221,65.09,199.5295699,141.3359898,246.3627424,137.4223602,162.9974598,163.275848
140.1525,133.2206,164.3026006,182.2373261,222.5335,12.49,59.34,77.45,141.3359898,69.82,246.3627424,199.5295699,137.816245,163.275848,137.4223602,141.8478261
200.8698,164.3026006,140.1525,131.7599,182.2373261,25.35,12.49,31.05,199.5295699,53.02,137.816245,246.3627424,162.9974598,141.8478261,163.275848,202.6315789
217.9197,140.1525,200.8698,133.2206,131.7599,23.78,25.35,75.9,246.3627424,77.45,162.9974598,137.816245,137.4223602,202.6315789,141.8478261,250.6613757
165.5229004,200.8698,217.9197,164.3026006,133.2206,16.69,23.78,58.96,137.816245,31.05,137.4223602,162.9974598,163.275848,250.6613757,202.6315789,138.1233562
124.8101,217.9197,165.5229004,140.1525,164.3026006,29.59,16.69,62.67,162.9974598,75.9,163.275848,137.4223602,141.8478261,138.1233562,250.6613757,162.7635053
132.7041,165.5229004,124.8101,200.8698,140.1525,12.59,29.59,72.49,137.4223602,58.96,141.8478261,163.275848,202.6315789,162.7635053,138.1233562,136.7081168
169.4154891,124.8101,132.7041,217.9197,200.8698,57.88,12.59,57.12,163.275848,62.67,202.6315789,141.8478261,250.6613757,136.7081168,162.7635053,155.3876885
139.7676,132.7041,169.4154891,165.5229004,217.9197,11.17,57.88,76.1,141.8478261,72.49,250.6613757,202.6315789,138.1233562,155.3876885,136.7081168,142.4159231
203.8977,169.4154891,139.7676,124.8101,165.5229004,23.97,11.17,32.15,202.6315789,57.12,138.1233562,250.6613757,162.7635053,142.4159231,155.3876885,204.6437574
215.2847,139.7676,203.8977,132.7041,124.8101,21.9,23.97,78.5,250.6613757,76.1,162.7635053,138.1233562,136.7081168,204.6437574,142.4159231,252.7191299
164.5073418,203.8977,215.2847,169.4154891,132.7041,13.26,21.9,60.3,138.1233562,32.15,136.7081168,162.7635053,155.3876885,252.7191299,204.6437574,136.5226552
131.7977,215.2847,164.5073418,139.7676,169.4154891,25.56,13.26,64.38,162.7635053,78.5,155.3876885,136.7081168,142.4159231,136.5226552,252.7191299,161.6331096
133.1086,164.5073418,131.7977,203.8977,139.7676,10.18,25.56,76.19,136.7081168,60.3,142.4159231,155.3876885,204.6437574,161.6331096,136.5226552,138.1543867
201.3107192,131.7977,133.1086,215.2847,203.8977,58.45,10.18,61.78,155.3876885,64.38,204.6437574,142.4159231,252.7191299,138.1543867,161.6331096,146.1754609
138.2507,133.1086,201.3107192,164.5073418,215.2847,8.79,58.45,79.23,142.4159231,76.19,252.7191299,204.6437574,136.5226552,146.1754609,138.1543867,143.2225769
210.1308,201.3107192,138.2507,131.7977,164.5073418,21.78,8.79,31.55,204.6437574,61.78,136.5226552,252.7191299,161.6331096,143.2225769,146.1754609,208.2738095
221.7169,138.2507,210.1308,133.1086,131.7977,23.03,21.78,82.71,252.7191299,79.23,161.6331096,136.5226552,138.1543867,208.2738095,143.2225769,254.4374016
201.0811156,210.1308,221.7169,201.3107192,133.1086,13.17,23.03,62.7,136.5226552,31.55,138.1543867,161.6331096,146.1754609,254.4374016,208.2738095,138.3982036
130.4553,221.7169,201.0811156,138.2507,201.3107192,23.71,13.17,61.98,161.6331096,82.71,146.1754609,138.1543867,143.2225769,138.3982036,254.4374016,163.3696563
132.1858,201.0811156,130.4553,210.1308,138.2507,9.75,23.71,75.4,138.1543867,62.7,143.2225769,146.1754609,208.2738095,163.3696563,138.3982036,138.7820513
138.634794,130.4553,132.1858,221.7169,210.1308,58.76,9.75,63.37,146.1754609,61.98,208.2738095,143.2225769,254.4374016,138.7820513,163.3696563,152.807602
141.6511,132.1858,138.634794,201.0811156,221.7169,7.74,58.76,80.11,143.2225769,75.4,254.4374016,208.2738095,138.3982036,152.807602,138.7820513,143.9001211
219.1392,138.634794,141.6511,130.4553,201.0811156,20.43,7.74,31.34,208.2738095,63.37,138.3982036,254.4374016,163.3696563,143.9001211,152.807602,206.3358884
221.9197,141.6511,219.1392,132.1858,130.4553,22.1,20.43,85.02,254.4374016,80.11,163.3696563,138.3982036,138.7820513,206.3358884,143.9001211,254.5576408
209.6578701,219.1392,221.9197,138.634794,132.1858,13.44,22.1,64.16,138.3982036,31.34,138.7820513,163.3696563,152.807602,254.5576408,206.3358884,141.8245467
136.721,221.9197,209.6578701,141.6511,138.634794,22.91,13.44,63.34,163.3696563,85.02,152.807602,138.7820513,143.9001211,141.8245467,254.5576408,166.1609425
136.097,209.6578701,136.721,219.1392,141.6511,9.54,22.91,74.44,138.7820513,64.16,143.9001211,152.807602,206.3358884,166.1609425,141.8245467,139.1364903
209.3087659,136.721,136.097,221.9197,219.1392,51.41,9.54,64.36,152.807602,63.34,206.3358884,143.9001211,254.5576408,139.1364903,166.1609425,171.697878
144.4356,136.097,209.3087659,209.6578701,221.9197,8.43,51.41,80.46,143.9001211,74.44,254.5576408,206.3358884,141.8245467,171.697878,139.1364903,144.3364574
221.2518,209.3087659,144.4356,136.721,209.6578701,19.28,8.43,36.75,206.3358884,64.36,141.8245467,254.5576408,166.1609425,144.3364574,171.697878,202.3034768
219.7415,144.4356,221.2518,136.097,136.721,23.69,19.28,83.72,254.5576408,80.46,166.1609425,141.8245467,139.1364903,202.3034768,144.3364574,253.55273
152.6425988,221.2518,219.7415,209.3087659,136.097,16.0,23.69,65.74,141.8245467,36.75,139.1364903,166.1609425,171.697878,253.55273,202.3034768,140.8633561
125.8736,219.7415,152.6425988,144.4356,209.3087659,26.55,16.0,61.22,166.1609425,83.72,171.697878,139.1364903,144.3364574,140.8633561,253.55273,165.4120772
136.1516,152.6425988,125.8736,221.2518,144.4356,11.45,26.55,72.02,139.1364903,65.74,144.3364574,171.697878,202.3034768,165.4120772,140.8633561,139.1194332
125.9871351,125.8736,136.1516,219.7415,221.2518,52.77,11.45,59.08,171.697878,61.22,202.3034768,144.3364574,253.55273,139.1194332,165.4120772,217.2060795
147.8325,136.1516,125.9871351,152.6425988,219.7415,9.21,52.77,76.93,144.3364574,72.02,253.55273,202.3034768,140.8633561,217.2060795,139.1194332,143.92
219.9172,125.9871351,147.8325,125.8736,152.6425988,19.87,9.21,35.26,202.3034768,59.08,140.8633561,253.55273,165.4120772,143.92,217.2060795,200.0805153
213.3765,147.8325,219.9172,136.1516,125.8736,24.64,19.87,82.18,253.55273,76.93,165.4120772,140.8633561,139.1194332,200.0805153,143.92,253.2855436
218.1564163,219.9172,213.3765,125.9871351,136.1516,15.57,24.64,64.87,140.8633561,35.26,139.1194332,165.4120772,217.2060795,253.2855436,200.0805153,140.5141349
124.3721,213.3765,218.1564163,147.8325,125.9871351,26.77,15.57,60.1,165.4120772,82.18,217.2060795,139.1194332,143.92,140.5141349,253.2855436,164.1255869
138.8965,218.1564163,124.3721,219.9172,147.8325,13.58,26.77,73.11,139.1194332,64.87,143.92,217.2060795,200.0805153,164.1255869,140.5141349,139.7166728
182.6981989,124.3721,138.8965,213.3765,219.9172,52.5,13.58,58.72,217.2060795,60.1,200.0805153,143.92,253.2855436,139.7166728,164.1255869,244.5705606
145.4735,138.8965,182.6981989,218.1564163,213.3765,9.66,52.5,73.49,143.92,73.11,253.2855436,200.0805153,140.5141349,244.5705606,139.7166728,142.9353006
214.0416,182.6981989,145.4735,124.3721,218.1564163,20.18,9.66,35.43,200.0805153,58.72,140.5141349,253.2855436,164.1255869,142.9353006,244.5705606,199.27905
213.6502,145.4735,214.0416,138.8965,124.3721,25.24,20.18,81.29,253.2855436,73.49,164.1255869,140.5141349,139.7166728,199.27905,142.9353006,253.4366097
180.8150588,214.0416,213.6502,182.6981989,138.8965,17.09,25.24,64.56,140.5141349,35.43,139.7166728,164.1255869,244.5705606,253.4366097,199.27905,142.8571429
127.3712,213.6502,180.8150588,145.4735,182.6981989,27.3,17.09,59.64,164.1255869,81.29,244.5705606,139.7166728,142.9353006,142.8571429,253.4366097,164.5408163
134.1841,180.8150588,127.3712,214.0416,145.4735,14.65,27.3,71.63,139.7166728,64.56,142.9353006,244.5705606,199.27905,164.5408163,142.8571429,138.1599676
167.745336,127.3712,134.1841,213.6502,214.0416,55.23,14.65,56.99,244.5705606,59.64,199.27905,142.9353006,253.4366097,138.1599676,164.5408163,203.8283682
142.0231,134.1841,167.745336,180.8150588,213.6502,9.61,55.23,71.99,142.9353006,71.63,253.4366097,199.27905,142.8571429,203.8283682,138.1599676,141.9373129
203.4429,167.745336,142.0231,127.3712,180.8150588,20.93,9.61,33.0,199.27905,56.99,142.8571429,253.4366097,164.5408163,141.9373129,203.8283682,197.578426
211.8937,142.0231,203.4429,134.1841,127.3712,26.58,20.93,81.27,253.4366097,71.99,164.5408163,142.8571429,138.1599676,197.578426,141.9373129,251.8132975
131.8328431,203.4429,211.8937,167.745336,134.1841,17.98,26.58,63.85,142.8571429,33.0,138.1599676,164.5408163,203.8283682,251.8132975,197.578426,140.0862069
129.0827,211.8937,131.8328431,142.0231,167.745336,25.77,17.98,57.76,164.5408163,81.27,203.8283682,138.1599676,141.9373129,140.0862069,251.8132975,165.3311966
130.6906,131.8328431,129.0827,203.4429,142.0231,16.93,25.77,70.93,138.1599676,63.85,141.9373129,203.8283682,197.578426,165.3311966,140.0862069,137.6530612
187.8344731,129.0827,130.6906,211.8937,203.4429,50.73,16.93,59.7,203.8283682,57.76,197.578426,141.9373129,251.8132975,137.6530612,165.3311966,250.3337465
143.1748,130.6906,187.8344731,131.8328431,211.8937,9.04,50.73,68.62,141.9373129,70.93,251.8132975,197.578426,140.0862069,250.3337465,137.6530612,140.5814806
200.6229,187.8344731,143.1748,129.0827,131.8328431,23.1,9.04,37.54,197.578426,59.7,140.0862069,251.8132975,165.3311966,140.5814806,250.3337465,192.2147002
213.1844,143.1748,200.6229,130.6906,129.0827,27.03,23.1,82.2,251.8132975,68.62,165.3311966,140.0862069,137.6530612,192.2147002,140.5814806,251.0917031
193.9606585,200.6229,213.1844,187.8344731,130.6906,20.6,27.03,61.38,140.0862069,37.54,137.6530612,165.3311966,250.3337465,251.0917031,192.2147002,136.4003026
128.8197,213.1844,193.9606585,143.1748,187.8344731,25.26,20.6,57.18,165.3311966,82.2,250.3337465,137.6530612,140.5814806,136.4003026,251.0917031,163.591997
130.0653,193.9606585,128.8197,200.6229,143.1748,19.36,25.26,67.54,137.6530612,61.38,140.5814806,250.3337465,192.2147002,163.591997,136.4003026,135.1127321
208.5319506,128.8197,130.0653,213.1844,200.6229,42.84,19.36,60.51,250.3337465,57.18,192.2147002,140.5814806,251.0917031,135.1127321,163.591997,157.719589
140.7677,130.0653,208.5319506,193.9606585,213.1844,9.08,42.84,65.34,140.5814806,67.54,251.0917031,192.2147002,136.4003026,157.719589,135.1127321,137.3626374
197.5298,208.5319506,140.7677,128.8197,193.9606585,24.26,9.08,44.93,192.2147002,60.51,136.4003026,251.0917031,163.591997,137.3626374,157.719589,188.7899705
216.554,140.7677,197.5298,130.0653,128.8197,29.3,24.26,82.55,251.0917031,65.34,163.591997,136.4003026,135.1127321,188.7899705,137.3626374,252.5826446
209.37095,197.5298,216.554,208.5319506,130.0653,22.55,29.3,59.98,136.4003026,44.93,135.1127321,163.591997,157.719589,252.5826446,188.7899705,134.529148
126.0081,216.554,209.37095,140.7677,208.5319506,23.89,22.55,54.92,163.591997,82.55,157.719589,135.1127321,137.3626374,134.529148,252.5826446,164.5
130.2332,209.37095,126.0081,197.5298,140.7677,20.7,23.89,65.36,135.1127321,59.98,137.3626374,157.719589,188.7899705,164.5,134.529148,132.9678549
143.2763551,126.0081,130.2332,216.554,197.5298,35.74,20.7,62.52,157.719589,54.92,188.7899705,137.3626374,252.5826446,132.9678549,164.5,156.4951487
138.6175,130.2332,143.2763551,209.37095,216.554,10.2,35.74,63.95,137.3626374,65.36,252.5826446,188.7899705,134.529148,156.4951487,132.9678549,136.0619075
193.2583,143.2763551,138.6175,126.0081,209.37095,25.76,10.2,52.38,188.7899705,62.52,134.529148,252.5826446,164.5,136.0619075,156.4951487,190.5857544
217.0298,138.6175,193.2583,130.2332,126.0081,30.6,25.76,80.6,252.5826446,63.95,164.5,134.529148,132.9678549,190.5857544,136.0619075,250.68353
146.4868383,193.2583,217.0298,143.2763551,130.2332,25.56,30.6,58.47,134.529148,52.38,132.9678549,164.5,156.4951487,250.68353,190.5857544,130.5774278
117.1669,217.0298,146.4868383,138.6175,143.2763551,24.36,25.56,53.62,164.5,80.6,156.4951487,132.9678549,136.0619075,130.5774278,250.68353,162.1360392
123.9385,146.4868383,117.1669,193.2583,138.6175,22.98,24.36,61.83,132.9678549,58.47,136.0619075,156.4951487,190.5857544,162.1360392,130.5774278,133.0195377
132.1349279,117.1669,123.9385,217.0298,193.2583,33.1,22.98,62.43,156.4951487,53.62,190.5857544,136.0619075,250.68353,133.0195377,162.1360392,213.5313147
136.9242,123.9385,132.1349279,146.4868383,217.0298,13.81,33.1,60.93,136.0619075,61.83,250.68353,190.5857544,130.5774278,213.5313147,133.0195377,137.0513676
187.8511,132.1349279,136.9242,117.1669,146.4868383,28.9,13.81,55.72,190.5857544,62.43,130.5774278,250.68353,162.1360392,137.0513676,213.5313147,193.2666667
213.5626,136.9242,187.8511,123.9385,117.1669,33.11,28.9,74.76,250.68353,60.93,162.1360392,130.5774278,133.0195377,193.2666667,137.0513676,249.5831017
158.1196912,187.8511,213.5626,132.1349279,123.9385,27.71,33.11,55.03,130.5774278,55.72,133.0195377,162.1360392,213.5313147,249.5831017,193.2666667,130.6040292
112.4091,213.5626,158.1196912,136.9242,132.1349279,25.64,27.71,50.79,162.1360392,74.76,213.5313147,133.0195377,137.0513676,130.6040292,249.5831017,161.8705036
126.4212,158.1196912,112.4091,187.8511,136.9242,23.24,25.64,59.52,133.0195377,55.03,137.0513676,213.5313147,193.2666667,161.8705036,130.6040292,133.1961594
211.7575684,112.4091,126.4212,213.5626,187.8511,32.49,23.24,60.87,213.5313147,50.79,193.2666667,137.0513676,249.5831017,133.1961594,161.8705036,238.2065715
133.6789,126.4212,211.7575684,158.1196912,213.5626,14.62,32.49,61.33,137.0513676,59.52,249.5831017,193.2666667,130.6040292,238.2065715,133.1961594,134.9635036
191.9017,211.7575684,133.6789,112.4091,158.1196912,32.03,14.62,56.85,193.2666667,60.87,130.6040292,249.5831017,161.8705036,134.9635036,238.2065715,198.2127885
212.3,133.6789,191.9017,126.4212,112.4091,36.55,32.03,73.74,249.5831017,61.33,161.8705036,130.6040292,133.1961594,198.2127885,134.9635036,249.0820188
137.337357,191.9017,212.3,211.7575684,126.4212,33.67,36.55,51.99,130.6040292,56.85,133.1961594,161.8705036,238.2065715,249.0820188,198.2127885,134.4430218
110.7645,212.3,137.337357,133.6789,211.7575684,26.81,33.67,47.91,161.8705036,73.74,238.2065715,133.1961594,134.9635036,134.4430218,249.0820188,162.4109785
124.917,137.337357,110.7645,191.9017,133.6789,25.34,26.81,52.52,133.1961594,51.99,134.9635036,238.2065715,198.2127885,162.4109785,134.4430218,134.7222222
145.5983138,110.7645,124.917,212.3,191.9017,32.75,25.34,60.26,238.2065715,47.91,198.2127885,134.9635036,249.0820188,134.7222222,162.4109785,167.5653098
135.7289,124.917,145.5983138,137.337357,212.3,18.34,32.75,58.78,134.9635036,52.52,249.0820188,198.2127885,134.4430218,167.5653098,134.7222222,136.9156002
198.4896,145.5983138,135.7289,110.7645,137.337357,35.38,18.34,56.27,198.2127885,60.26,134.4430218,249.0820188,162.4109785,136.9156002,167.5653098,202.4488389
220.1588,135.7289,198.4896,124.917,110.7645,41.16,35.38,69.09,249.0820188,58.78,162.4109785,134.4430218,134.7222222,202.4488389,136.9156002,248.9583333
131.0315112,198.4896,220.1588,145.5983138,124.917,39.47,41.16,47.92,134.4430218,56.27,134.7222222,162.4109785,167.5653098,248.9583333,202.4488389,137.1428571
111.0876,220.1588,131.0315112,135.7289,145.5983138,26.75,39.47,41.97,162.4109785,69.09,167.5653098,134.7222222,136.9156002,137.1428571,248.9583333,164.8622047
123.3062,131.0315112,111.0876,198.4896,135.7289,28.62,26.75,44.94,134.7222222,47.92,136.9156002,167.5653098,202.4488389,164.8622047,137.1428571,136.7982216
183.6756591,111.0876,123.3062,220.1588,198.4896,32.46,28.62,60.6,167.5653098,41.97,202.4488389,136.9156002,248.9583333,136.7982216,164.8622047,222.7299337
139.1581,123.3062,183.6756591,131.0315112,220.1588,21.33,32.46,54.43,136.9156002,44.94,248.9583333,202.4488389,137.1428571,222.7299337,136.7982216,138.3663366
208.553,183.6756591,139.1581,111.0876,131.0315112,40.61,21.33,55.93,202.4488389,60.6,137.1428571,248.9583333,164.8622047,138.3663366,222.7299337,203.6652835
217.6544,139.1581,208.553,123.3062,111.0876,42.38,40.61,64.62,248.9583333,54.43,164.8622047,137.1428571,136.7982216,203.6652835,138.3663366,249.9233129
180.3576904,208.553,217.6544,183.6756591,123.3062,45.68,42.38,42.47,137.1428571,55.93,136.7982216,164.8622047,222.7299337,249.9233129,203.6652835,143.0713312
113.1047,217.6544,180.3576904,139.1581,183.6756591,27.3,45.68,40.03,164.8622047,64.62,222.7299337,136.7982216,138.3663366,143.0713312,249.9233129,165.9539535
128.6435,180.3576904,113.1047,208.553,139.1581,31.78,27.3,39.31,136.7982216,42.47,138.3663366,222.7299337,203.6652835,165.9539535,143.0713312,138.113678
132.4025076,113.1047,128.6435,217.6544,208.553,35.1,31.78,59.85,222.7299337,40.03,203.6652835,138.3663366,249.9233129,138.113678,165.9539535,210.1269812
142.2194,128.6435,132.4025076,180.3576904,217.6544,24.41,35.1,49.79,138.3663366,39.31,249.9233129,203.6652835,143.0713312,210.1269812,138.113678,138.6577926
218.4403,132.4025076,142.2194,113.1047,180.3576904,45.26,24.41,54.32,203.6652835,59.85,143.0713312,249.9233129,165.9539535,138.6577926,210.1269812,202.1886792
217.2166,142.2194,218.4403,128.6435,113.1047,46.4,45.26,60.77,249.9233129,49.79,165.9539535,143.0713312,138.113678,202.1886792,138.6577926,251.585652
203.2537693,218.4403,217.2166,132.4025076,128.6435,43.52,46.4,37.8,143.0713312,54.32,138.113678,165.9539535,210.1269812,251.585652,202.1886792,140.0442478
117.5946,217.2166,203.2537693,142.2194,132.4025076,26.82,43.52,36.29,165.9539535,60.77,210.1269812,138.113678,138.6577926,140.0442478,251.585652,164.7013671
131.9071,203.2537693,117.5946,218.4403,142.2194,34.32,26.82,40.73,138.113678,37.8,138.6577926,210.1269812,202.1886792,164.7013671,140.0442478,139.1079159
156.9048228,117.5946,131.9071,217.2166,218.4403,38.05,34.32,60.17,210.1269812,36.29,202.1886792,138.6577926,251.585652,139.1079159,164.7013671,183.4822701
143.311,131.9071,156.9048228,203.2537693,217.2166,24.27,38.05,46.22,138.6577926,40.73,251.585652,202.1886792,140.0442478,183.4822701,139.1079159,137.6190476
221.0968,156.9048228,143.311,117.5946,203.2537693,50.66,24.27,50.81,202.1886792,60.17,140.0442478,251.585652,164.7013671,137.6190476,183.4822701,199.828085
214.1942,143.311,221.0968,131.9071,117.5946,48.01,50.66,60.74,251.585652,46.22,164.7013671,140.0442478,139.1079159,199.828085,137.6190476,254.8689942
207.3499284,221.0968,214.1942,156.9048228,131.9071,43.45,48.01,33.13,140.0442478,50.81,139.1079159,164.7013671,183.4822701,254.8689942,199.828085,139.8433128
122.8737,214.1942,207.3499284,143.311,156.9048228,25.72,43.45,34.79,164.7013671,60.74,183.4822701,139.1079159,137.6190476,139.8433128,254.8689942,165.719697
134.0315,207.3499284,122.8737,221.0968,143.311,36.79,25.72,41.89,139.1079159,33.13,137.6190476,183.4822701,199.828085,165.719697,139.8433128,138.8313413
183.7299972,122.8737,134.0315,214.1942,221.0968,38.76,36.79,61.11,183.4822701,34.79,199.828085,137.6190476,254.8689942,138.8313413,165.719697,191.1672888
144.4426,134.0315,183.7299972,207.3499284,214.1942,24.19,38.76,43.39,137.6190476,41.89,254.8689942,199.828085,139.8433128,191.1672888,138.8313413,136.787031
219.1591,183.7299972,144.4426,122.8737,207.3499284,54.59,24.19,50.41,199.828085,61.11,139.8433128,254.8689942,165.719697,136.787031,191.1672888,197.2972973
212.9739,144.4426,219.1591,134.0315,122.8737,48.54,54.59,60.78,254.8689942,43.39,165.719697,139.8433128,138.8313413,197.2972973,136.787031,252.4417375
169.8088425,219.1591,212.9739,183.7299972,134.0315,45.18,48.54,30.02,139.8433128,50.41,138.8313413,165.719697,191.1672888,252.4417375,197.2972973,137.7479928
123.7736,212.9739,169.8088425,144.4426,183.7299972,25.51,45.18,34.02,165.719697,60.78,191.1672888,138.8313413,136.787031,137.7479928,252.4417375,162.5822841
134.8139,169.8088425,123.7736,219.1591,144.4426,35.88,25.51,40.62,138.8313413,30.02,136.787031,191.1672888,197.2972973,162.5822841,137.7479928,138.3410642
191.6544464,123.7736,134.8139,212.9739,219.1591,39.22,35.88,62.01,191.1672888,34.02,197.2972973,136.787031,252.4417375,138.3410642,162.5822841,548.8893677
143.3179,134.8139,191.6544464,169.8088425,212.9739,27.44,39.22,44.58,136.787031,40.62,252.4417375,197.2972973,137.7479928,548.8893677,138.3410642,136.787031
213.3334,191.6544464,143.3179,123.7736,169.8088425,58.14,27.44,50.62,197.2972973,62.01,137.7479928,252.4417375,162.5822841,136.787031,548.8893677,198.4126984
218.7727,143.3179,213.3334,134.8139,123.7736,48.8,58.14,57.14,252.4417375,44.58,162.5822841,137.7479928,138.3410642,198.4126984,136.787031,257.8651685
147.3909055,213.3334,218.7727,191.6544464,134.8139,46.34,48.8,27.41,137.7479928,50.62,138.3410642,162.5822841,548.8893677,257.8651685,198.4126984,136.2540193
120.2393,218.7727,147.3909055,143.3179,191.6544464,25.47,46.34,33.76,162.5822841,57.14,548.8893677,138.3410642,136.787031,136.2540193,257.8651685,163.7547249
133.6734,147.3909055,120.2393,213.3334,143.3179,37.0,25.47,38.8,138.3410642,27.41,136.787031,548.8893677,198.4126984,163.7547249,136.2540193,137.0767494
207.2691045,120.2393,133.6734,218.7727,213.3334,39.55,37.0,62.24,548.8893677,33.76,198.4126984,136.787031,257.8651685,137.0767494,163.7547249,532.5159915
142.8802,133.6734,207.2691045,147.3909055,218.7727,31.14,39.55,44.31,136.787031,38.8,257.8651685,198.4126984,136.2540193,532.5159915,137.0767494,136.6173121
207.4576,207.2691045,142.8802,120.2393,147.3909055,60.76,31.14,49.41,198.4126984,62.24,136.2540193,257.8651685,163.7547249,136.6173121,532.5159915,198.9695583
217.6177,142.8802,207.4576,133.6734,120.2393,46.1,60.76,53.24,257.8651685,44.31,163.7547249,136.2540193,137.0767494,198.9695583,136.6173121,256.3274573
138.2739968,207.4576,217.6177,207.2691045,133.6734,46.85,46.1,25.57,136.2540193,49.41,137.0767494,163.7547249,532.5159915,256.3274573,198.9695583,135.7663879
121.1702,217.6177,138.2739968,142.8802,207.2691045,26.7,46.85,36.08,163.7547249,53.24,532.5159915,137.0767494,136.6173121,135.7663879,256.3274573,162.4015748
131.5969,138.2739968,121.1702,207.4576,142.8802,37.04,26.7,39.1,137.0767494,25.57,136.6173121,532.5159915,198.9695583,162.4015748,135.7663879,136.1802847
180.9325638,121.1702,131.5969,217.6177,207.4576,39.57,37.04,60.97,532.5159915,36.08,198.9695583,136.6173121,256.3274573,136.1802847,162.4015748,521.9548063
139.3294,131.5969,180.9325638,138.2739968,217.6177,34.01,39.57,44.3,136.6173121,39.1,256.3274573,198.9695583,135.7663879,521.9548063,136.1802847,137.1652515
206.7416,180.9325638,139.3294,121.1702,138.2739968,63.85,34.01,49.19,198.9695583,60.97,135.7663879,256.3274573,162.4015748,137.1652515,521.9548063,199.1398823
219.6869,139.3294,206.7416,131.5969,121.1702,48.05,63.85,50.19,256.3274573,44.3,162.4015748,135.7663879,136.1802847,199.1398823,137.1652515,259.5375723
155.7675638,206.7416,219.6869,180.9325638,131.5969,44.71,48.05,23.49,135.7663879,49.19,136.1802847,162.4015748,521.9548063,259.5375723,199.1398823,134.6819957
123.1036,219.6869,155.7675638,139.3294,180.9325638,27.06,44.71,34.72,162.4015748,50.19,521.9548063,136.1802847,137.1652515,134.6819957,259.5375723,163.0649094
128.6448,155.7675638,123.1036,206.7416,139.3294,37.0,27.06,41.05,136.1802847,23.49,137.1652515,521.9548063,199.1398823,163.0649094,134.6819957,136.0315394
155.8197178,123.1036,128.6448,219.6869,206.7416,40.5,37.0,60.7,521.9548063,34.72,199.1398823,137.1652515,259.5375723,136.0315394,163.0649094,506.4363144
135.9193,128.6448,155.8197178,155.7675638,219.6869,34.79,40.5,44.62,137.1652515,41.05,259.5375723,199.1398823,134.6819957,506.4363144,136.0315394,138.3589744
206.2097,155.8197178,135.9193,123.1036,155.7675638,66.84,34.79,48.16,199.1398823,60.7,134.6819957,259.5375723,163.0649094,138.3589744,506.4363144,196.0976624
219.9947,135.9193,206.2097,128.6448,123.1036,46.42,66.84,49.86,259.5375723,44.62,163.0649094,134.6819957,136.0315394,196.0976624,138.3589744,260.9986505
152.5461015,206.2097,219.9947,155.8197178,128.6448,43.81,46.42,21.36,134.6819957,48.16,136.0315394,163.0649094,506.4363144,260.9986505,196.0976624,134.5875543
123.8596,219.9947,152.5461015,135.9193,155.8197178,28.46,43.81,36.45,163.0649094,49.86,506.4363144,136.0315394,138.3589744,134.5875543,260.9986505,163.7106006
126.9323,152.5461015,123.8596,206.2097,135.9193,36.22,28.46,41.89,136.0315394,21.36,138.3589744,506.4363144,196.0976624,163.7106006,134.5875543,134.6751326
219.8333944,123.8596,126.9323,219.9947,206.2097,42.31,36.22,59.65,506.4363144,36.45,196.0976624,138.3589744,260.9986505,134.6751326,163.7106006,521.2510024
133.8179,126.9323,219.8333944,152.5461015,219.9947,34.55,42.31,45.7,138.3589744,41.89,260.9986505,196.0976624,134.5875543,521.2510024,134.6751326,136.6295124
200.9456,219.8333944,133.8179,123.8596,152.5461015,69.86,34.55,46.58,196.0976624,59.65,134.5875543,260.9986505,163.7106006,136.6295124,521.2510024,196.0784314
211.4506,133.8179,200.9456,126.9323,123.8596,45.54,69.86,50.16,260.9986505,45.7,163.7106006,134.5875543,134.6751326,196.0784314,136.6295124,260.9612142
127.3399775,200.9456,211.4506,219.8333944,126.9323,40.92,45.54,19.08,134.5875543,46.58,134.6751326,163.7106006,521.2510024,260.9612142,196.0784314,130.9055118
123.0077,211.4506,127.3399775,133.8179,219.8333944,30.56,40.92,37.75,163.7106006,50.16,521.2510024,134.6751326,136.6295124,130.9055118,260.9612142,163.1668558
124.7088,127.3399775,123.0077,200.9456,133.8179,40.17,30.56,44.65,134.6751326,19.08,136.6295124,521.2510024,196.0784314,163.1668558,130.9055118,135.2814191
201.8849272,123.0077,124.7088,211.4506,200.9456,45.88,40.17,57.82,521.2510024,37.75,196.0784314,136.6295124,260.9612142,135.2814191,163.1668558,514.2857143
134.6488,124.7088,201.8849272,127.3399775,211.4506,35.94,45.88,41.65,136.6295124,44.65,260.9612142,196.0784314,130.9055118,514.2857143,135.2814191,135.6485594
197.2861,201.8849272,134.6488,123.0077,127.3399775,72.33,35.94,42.86,196.0784314,57.82,130.9055118,260.9612142,163.1668558,135.6485594,514.2857143,201.0053619
204.0597,134.6488,197.2861,124.7088,123.0077,46.63,72.33,48.6,260.9612142,41.65,163.1668558,130.9055118,135.2814191,201.0053619,135.6485594,264.7854441
126.5909807,197.2861,204.0597,201.8849272,124.7088,37.16,46.63,17.22,130.9055118,42.86,135.2814191,163.1668558,514.2857143,264.7854441,201.0053619,127.7139208
122.6622,204.0597,126.5909807,134.6488,201.8849272,31.27,37.16,36.93,163.1668558,48.6,514.2857143,135.2814191,135.6485594,127.7139208,264.7854441,158.839307
122.8786,126.5909807,122.6622,197.2861,134.6488,40.69,31.27,48.86,135.2814191,17.22,135.6485594,514.2857143,201.0053619,158.839307,127.7139208,136.5437158
144.5132481,122.6622,122.8786,204.0597,197.2861,46.06,40.69,57.11,514.2857143,36.93,201.0053619,135.6485594,264.7854441,136.5437158,158.839307,524.5663689
134.5123,122.8786,144.5132481,126.5909807,204.0597,37.28,46.06,41.78,135.6485594,48.86,264.7854441,201.0053619,127.7139208,524.5663689,136.5437158,136.9426752
199.7343,144.5132481,134.5123,122.6622,126.5909807,75.56,37.28,43.29,201.0053619,57.11,127.7139208,264.7854441,158.839307,136.9426752,524.5663689,208.3333333
212.9383,134.5123,199.7343,122.8786,122.6622,48.46,75.56,47.46,264.7854441,41.78,158.839307,127.7139208,136.5437158,208.3333333,136.9426752,264.7951442
179.3002748,199.7343,212.9383,144.5132481,122.8786,33.79,48.46,14.95,127.7139208,43.29,136.5437158,158.839307,524.5663689,264.7951442,208.3333333,129.7662181
122.4476,212.9383,179.3002748,134.5123,144.5132481,31.91,33.79,35.07,158.839307,47.46,524.5663689,136.5437158,136.9426752,129.7662181,264.7951442,159.0621678
124.5541,179.3002748,122.4476,199.7343,134.5123,38.59,31.91,52.12,136.5437158,14.95,136.9426752,524.5663689,208.3333333,159.0621678,129.7662181,138.7896825
191.8146804,122.4476,124.5541,212.9383,199.7343,47.25,38.59,55.83,524.5663689,35.07,208.3333333,136.9426752,264.7951442,138.7896825,159.0621678,512.864494
135.9406,124.5541,191.8146804,179.3002748,212.9383,40.63,47.25,43.7,136.9426752,52.12,264.7951442,208.3333333,129.7662181,512.864494,138.7896825,140.1136364
207.5261,191.8146804,135.9406,122.4476,179.3002748,78.29,40.63,42.49,208.3333333,55.83,129.7662181,264.7951442,159.0621678,140.1136364,512.864494,213.5292108
216.1031,135.9406,207.5261,124.5541,122.4476,47.71,78.29,43.65,264.7951442,43.7,159.0621678,129.7662181,138.7896825,213.5292108,140.1136364,263.7987013
169.1799662,207.5261,216.1031,191.8146804,124.5541,31.51,47.71,13.03,129.7662181,42.49,138.7896825,159.0621678,512.864494,263.7987013,213.5292108,133.9914089
115.3266,216.1031,169.1799662,135.9406,191.8146804,32.37,31.51,35.56,159.0621678,43.65,512.864494,138.7896825,140.1136364,133.9914089,263.7987013,163.1668558
128.8291,169.1799662,115.3266,207.5261,135.9406,37.59,32.37,55.42,138.7896825,13.03,140.1136364,512.864494,213.5292108,163.1668558,133.9914089,141.0377358
141.4824618,115.3266,128.8291,216.1031,207.5261,44.64,37.59,55.05,512.864494,35.56,213.5292108,140.1136364,263.7987013,141.0377358,163.1668558,490.1477833
139.1717,128.8291,141.4824618,169.1799662,216.1031,43.87,44.64,44.71,140.1136364,55.42,263.7987013,213.5292108,133.9914089,490.1477833,141.0377358,143.5279667
216.9433,141.4824618,139.1717,115.3266,169.1799662,80.31,43.87,45.33,213.5292108,55.05,133.9914089,263.7987013,163.1668558,143.5279667,490.1477833,216.1120169
222.5326,139.1717,216.9433,128.8291,115.3266,50.67,80.31,40.34,263.7987013,44.71,163.1668558,133.9914089,141.0377358,216.1120169,143.5279667,263.7962963
124.3837215,216.9433,222.5326,141.4824618,128.8291,31.57,50.67,11.61,133.9914089,45.33,141.0377358,163.1668558,490.1477833,263.7962963,216.1120169,139.6207585
116.0616,222.5326,124.3837215,139.1717,141.4824618,32.33,31.57,32.69,163.1668558,40.34,490.1477833,141.0377358,143.5279667,139.6207585,263.7962963,162.6670553
133.5544,124.3837215,116.0616,216.9433,139.1717,37.8,32.33,54.49,141.0377358,11.61,143.5279667,490.1477833,216.1120169,162.6670553,139.6207585,143.3018344
168.3707386,116.0616,133.5544,222.5326,216.9433,38.63,37.8,54.77,490.1477833,32.69,216.1120169,143.5279667,263.7962963,143.3018344,162.6670553,526.4741276
143.3832,133.5544,168.3707386,124.3837215,222.5326,53.34,38.63,43.6,143.5279667,54.49,263.7962963,216.1120169,139.6207585,526.4741276,143.3018344,145.3076923
227.4903,168.3707386,143.3832,116.0616,124.3837215,83.27,53.34,52.02,216.1120169,54.77,139.6207585,263.7962963,162.6670553,145.3076923,526.4741276,218.0239736
224.9573,143.3832,227.4903,133.5544,116.0616,52.74,83.27,31.61,263.7962963,43.6,162.6670553,139.6207585,143.3018344,218.0239736,145.3076923,265.5266889
162.2552023,227.4903,224.9573,168.3707386,133.5544,32.53,52.74,9.67,139.6207585,52.02,143.3018344,162.6670553,526.4741276,265.5266889,218.0239736,139.4927536
121.1579,224.9573,162.2552023,143.3832,168.3707386,33.3,32.53,30.47,162.6670553,31.61,526.4741276,143.3018344,145.3076923,139.4927536,265.5266889,164.3640351
136.2671,162.2552023,121.1579,227.4903,143.3832,42.52,33.3,53.12,143.3018344,9.67,145.3076923,526.4741276,218.0239736,164.3640351,139.4927536,143.1556949
216.4426328,121.1579,136.2671,224.9573,227.4903,35.57,42.52,53.72,526.4741276,30.47,218.0239736,145.3076923,265.5266889,143.1556949,164.3640351,527.3553888
147.74,136.2671,216.4426328,162.2552023,224.9573,60.63,35.57,38.13,145.3076923,53.12,265.5266889,218.0239736,139.4927536,527.3553888,143.1556949,146.7329545
230.3851,216.4426328,147.74,121.1579,162.2552023,85.76,60.63,55.02,218.0239736,53.72,139.4927536,265.5266889,164.3640351,146.7329545,527.3553888,215.7202606
225.6926,147.74,230.3851,136.2671,121.1579,58.55,85.76,25.76,265.5266889,38.13,164.3640351,139.4927536,143.1556949,215.7202606,146.7329545,268.1077694
172.5031012,230.3851,225.6926,216.4426328,136.2671,35.06,58.55,8.23,139.4927536,55.02,143.1556949,164.3640351,527.3553888,268.1077694,215.7202606,139.0498296
129.855,225.6926,172.5031012,147.74,216.4426328,36.24,35.06,25.97,164.3640351,25.76,527.3553888,143.1556949,146.7329545,139.0498296,268.1077694,169.1794189
140.0987,172.5031012,129.855,230.3851,147.74,48.0,36.24,48.03,143.1556949,8.23,146.7329545,527.3553888,215.7202606,169.1794189,139.0498296,142.971246
166.5824437,129.855,140.0987,225.6926,230.3851,38.54,48.0,50.13,527.3553888,25.97,215.7202606,146.7329545,268.1077694,142.971246,169.1794189,503.7715517
149.0373,140.0987,166.5824437,172.5031012,225.6926,70.34,38.54,33.27,146.7329545,48.03,268.1077694,215.7202606,139.0498296,503.7715517,142.971246,146.1069525
230.8164,166.5824437,149.0373,129.855,172.5031012,87.73,70.34,52.03,215.7202606,50.13,139.0498296,268.1077694,169.1794189,146.1069525,503.7715517,212.3918175
224.295,149.0373,230.8164,140.0987,129.855,63.06,87.73,18.63,268.1077694,33.27,169.1794189,139.0498296,142.971246,212.3918175,146.1069525,268.2100508
166.3515807,230.8164,224.295,166.5824437,140.0987,41.78,63.06,7.1,139.0498296,52.03,142.971246,169.1794189,503.7715517,268.2100508,212.3918175,138.6130952
132.1447,224.295,166.3515807,149.0373,166.5824437,39.62,41.78,23.07,169.1794189,18.63,503.7715517,142.971246,146.1069525,138.6130952,268.2100508,166.1923734
141.9287,166.3515807,132.1447,230.8164,149.0373,54.71,39.62,41.68,142.971246,7.1,146.1069525,503.7715517,212.3918175,166.1923734,138.6130952,142.1871423
181.6947659,132.1447,141.9287,224.295,230.8164,39.82,54.71,45.61,503.7715517,23.07,212.3918175,146.1069525,268.2100508,142.1871423,166.1923734,493.0931961
151.8804,141.9287,181.6947659,166.3515807,224.295,75.03,39.82,28.46,146.1069525,41.68,268.2100508,212.3918175,138.6130952,493.0931961,142.1871423,145.8348276
225.5027,181.6947659,151.8804,132.1447,166.3515807,89.19,75.03,50.92,212.3918175,45.61,138.6130952,268.2100508,166.1923734,145.8348276,493.0931961,214.4298389
227.9447,151.8804,225.5027,141.9287,132.1447,68.79,89.19,15.56,268.2100508,28.46,166.1923734,138.6130952,142.1871423,214.4298389,145.8348276,269.6560367
167.8771494,225.5027,227.9447,181.6947659,141.9287,46.91,68.79,6.33,138.6130952,50.92,142.1871423,166.1923734,493.0931961,269.6560367,214.4298389,137.5676022
136.8085,227.9447,167.8771494,151.8804,181.6947659,41.21,46.91,19.17,166.1923734,15.56,493.0931961,142.1871423,145.8348276,137.5676022,269.6560367,164.9547175
139.401,167.8771494,136.8085,225.5027,151.8804,60.6,41.21,38.27,142.1871423,6.33,145.8348276,493.0931961,214.4298389,164.9547175,137.5676022,141.4027149
220.4829667,136.8085,139.401,227.9447,225.5027,37.43,60.6,45.53,493.0931961,19.17,214.4298389,145.8348276,269.6560367,141.4027149,164.9547175,493.3333333
148.7966,139.401,220.4829667,167.8771494,227.9447,75.75,37.43,24.57,145.8348276,38.27,269.6560367,214.4298389,137.5676022,493.3333333,141.4027149,146.0063898
221.8626,220.4829667,148.7966,136.8085,167.8771494,90.14,75.75,52.57,214.4298389,45.53,137.5676022,269.6560367,164.9547175,146.0063898,493.3333333,215.0297619
227.9463,148.7966,221.8626,139.401,136.8085,73.69,90.14,15.0,269.6560367,24.57,164.9547175,137.5676022,141.4027149,215.0297619,146.0063898,269.0104167
118.2905,221.8626,227.9463,220.4829667,139.401,52.4,73.69,5.79,137.5676022,52.57,141.4027149,164.9547175,493.3333333,269.0104167,215.0297619,134.9798747
137.4789,227.9463,118.2905,148.7966,220.4829667,43.7,52.4,15.98,164.9547175,15.0,493.3333333,141.4027149,146.0063898,134.9798747,269.0104167,163.6795021
137.6904,118.2905,137.4789,221.8626,148.7966,67.75,43.7,33.4,141.4027149,5.79,146.0063898,493.3333333,215.0297619,163.6795021,134.9798747,139.7755035
381.9228,137.4789,137.6904,227.9463,221.8626,41.51,67.75,42.77,493.3333333,15.98,215.0297619,146.0063898,269.0104167,139.7755035,163.6795021,515.625
143.0397,137.6904,381.9228,118.2905,227.9463,78.74,41.51,19.71,146.0063898,33.4,269.0104167,215.0297619,134.9798747,515.625,139.7755035,144.8467967
218.6832,381.9228,143.0397,137.4789,118.2905,90.83,78.74,48.44,215.0297619,42.77,134.9798747,269.0104167,163.6795021,144.8467967,515.625,213.0434783
226.3351,143.0397,218.6832,137.6904,137.4789,74.71,90.83,13.2,269.0104167,19.71,163.6795021,134.9798747,139.7755035,213.0434783,144.8467967,270.1878827
116.6615,218.6832,226.3351,381.9228,137.6904,56.22,74.71,5.36,134.9798747,48.44,139.7755035,163.6795021,515.625,270.1878827,213.0434783,133.6084906
130.7675,226.3351,116.6615,143.0397,381.9228,47.04,56.22,15.41,163.6795021,13.2,515.625,139.7755035,144.8467967,133.6084906,270.1878827,162.2420482
133.788,116.6615,130.7675,218.6832,143.0397,70.4,47.04,30.49,139.7755035,5.36,144.8467967,515.625,213.0434783,162.2420482,133.6084906,138.2488479
353.0942,130.7675,133.788,226.3351,218.6832,45.45,70.4,40.17,515.625,15.41,213.0434783,144.8467967,270.1878827,138.2488479,162.2420482,516.9516053
142.594,133.788,353.0942,116.6615,226.3351,81.81,45.45,18.09,144.8467967,30.49,270.1878827,213.0434783,133.6084906,516.9516053,138.2488479,143.6875
219.082,353.0942,142.594,130.7675,116.6615,91.46,81.81,45.62,213.0434783,40.17,133.6084906,270.1878827,162.2420482,143.6875,516.9516053,209.6938776
221.0858,142.594,219.082,133.788,130.7675,75.84,91.46,11.37,270.1878827,18.09,162.2420482,133.6084906,138.2488479,209.6938776,143.6875,269.6103896
123.5126,219.082,221.0858,353.0942,133.788,57.74,75.84,4.98,133.6084906,45.62,138.2488479,162.2420482,516.9516053,269.6103896,209.6938776,130.3623188
122.2799,221.0858,123.5126,142.594,353.0942,49.36,57.74,14.97,162.2420482,11.37,516.9516053,138.2488479,143.6875,130.3623188,269.6103896,162.7604167
131.0564,123.5126,122.2799,219.082,142.594,72.32,49.36,28.9,138.2488479,4.98,143.6875,516.9516053,209.6938776,162.7604167,130.3623188,138.202765
360.2014,122.2799,131.0564,221.0858,219.082,51.86,72.32,38.56,516.9516053,14.97,209.6938776,143.6875,269.6103896,138.202765,162.7604167,520.8333333
142.0295,131.0564,360.2014,123.5126,221.0858,84.08,51.86,16.95,143.6875,28.9,269.6103896,209.6938776,130.3623188,520.8333333,138.202765,141.9533972
218.2659,360.2014,142.0295,122.2799,123.5126,91.93,84.08,39.25,209.6938776,38.56,130.3623188,269.6103896,162.7604167,141.9533972,520.8333333,210.1962086
221.4418,142.0295,218.2659,131.0564,122.2799,78.21,91.93,10.0,269.6103896,16.95,162.7604167,130.3623188,138.202765,210.1962086,141.9533972,269.1511387
117.1043,218.2659,221.4418,360.2014,131.0564,60.57,78.21,4.76,130.3623188,39.25,138.202765,162.7604167,520.8333333,269.1511387,210.1962086,132.6832151
123.1843,221.4418,117.1043,142.0295,360.2014,50.09,60.57,13.63,162.7604167,10.0,520.8333333,138.202765,141.9533972,132.6832151,269.1511387,162.7604167
129.8105,117.1043,123.1843,218.2659,142.0295,72.0,50.09,26.89,138.202765,4.76,141.9533972,520.8333333,210.1962086,162.7604167,132.6832151,137.1284865
349.6296,123.1843,129.8105,221.4418,218.2659,51.77,72.0,38.35,520.8333333,13.63,210.1962086,141.9533972,269.1511387,137.1284865,162.7604167,529.5339179
141.6468,129.8105,349.6296,117.1043,221.4418,83.98,51.77,17.45,141.9533972,26.89,269.1511387,210.1962086,132.6832151,529.5339179,137.1284865,140.8753709
213.0914,349.6296,141.6468,123.1843,117.1043,92.21,83.98,39.49,210.1962086,38.35,132.6832151,269.1511387,162.7604167,140.8753709,529.5339179,218.9485214
222.5208,141.6468,213.0914,129.8105,123.1843,77.44,92.21,10.25,269.1511387,17.45,162.7604167,132.6832151,137.1284865,218.9485214,140.8753709,272.8908189
112.594,213.0914,222.5208,349.6296,129.8105,67.3,77.44,4.59,132.6832151,39.49,137.1284865,162.7604167,529.5339179,272.8908189,218.9485214,136.1386139
125.0655,222.5208,112.594,141.6468,349.6296,52.31,67.3,14.25,162.7604167,10.25,529.5339179,137.1284865,140.8753709,136.1386139,272.8908189,163.0434783
130.4667,112.594,125.0655,213.0914,141.6468,73.58,52.31,21.87,137.1284865,4.59,140.8753709,529.5339179,218.9485214,163.0434783,136.1386139,138.8305054
355.6871,125.0655,130.4667,222.5208,213.0914,53.31,73.58,36.4,529.5339179,14.25,218.9485214,140.8753709,272.8908189,138.8305054,163.0434783,521.375445
141.3889,130.4667,355.6871,112.594,222.5208,84.35,53.31,16.36,140.8753709,21.87,272.8908189,218.9485214,136.1386139,521.375445,138.8305054,144.2887964
214.41,355.6871,141.3889,125.0655,112.594,91.36,84.35,37.55,218.9485214,36.4,136.1386139,272.8908189,163.0434783,144.2887964,521.375445,223.534202
222.4125,141.3889,214.41,130.4667,125.0655,77.47,91.36,10.15,272.8908189,16.36,163.0434783,136.1386139,138.8305054,223.534202,144.2887964,274.122807
117.3641,214.41,222.4125,355.6871,130.4667,72.95,77.47,5.02,136.1386139,37.55,138.8305054,163.0434783,521.375445,274.122807,223.534202,137.0128784
124.6514,222.4125,117.3641,141.3889,355.6871,53.95,72.95,14.2,163.0434783,10.15,521.375445,138.8305054,144.2887964,137.0128784,274.122807,163.0561854
130.1398,117.3641,124.6514,214.41,141.3889,74.17,53.95,18.14,138.8305054,5.02,144.2887964,521.375445,223.534202,163.0561854,137.0128784,139.9896266
360.2911,124.6514,130.1398,222.4125,214.41,55.0,74.17,34.73,521.375445,14.2,223.534202,144.2887964,274.122807,139.9896266,163.0561854,553.5714286
141.4777,130.1398,360.2911,117.3641,222.4125,82.47,55.0,15.91,144.2887964,18.14,274.122807,223.534202,137.0128784,553.5714286,139.9896266,144.141318
220.5073,360.2911,141.4777,124.6514,117.3641,91.74,82.47,36.28,223.534202,34.73,137.0128784,274.122807,163.0561854,144.141318,553.5714286,227.7868186
224.8306,141.4777,220.5073,130.1398,124.6514,78.22,91.74,11.36,274.122807,15.91,163.0561854,137.0128784,139.9896266,227.7868186,144.141318,271.3009213
123.7558,220.5073,224.8306,360.2911,130.1398,73.23,78.22,4.58,137.0128784,36.28,139.9896266,163.0561854,553.5714286,271.3009213,227.7868186,138.2327209
130.3892,224.8306,123.7558,141.4777,360.2911,58.21,73.23,13.38,163.0561854,11.36,553.5714286,139.9896266,144.141318,138.2327209,271.3009213,163.0797306
130.9386,123.7558,130.3892,220.5073,141.4777,75.43,58.21,17.41,139.9896266,4.58,144.141318,553.5714286,227.7868186,163.0797306,138.2327209,142.3734694
408.6316,130.3892,130.9386,224.8306,220.5073,64.95,75.43,31.47,553.5714286,13.38,227.7868186,144.141318,271.3009213,142.3734694,163.0797306,553.9264131
143.6765,130.9386,408.6316,123.7558,224.8306,82.57,64.95,14.37,144.141318,17.41,271.3009213,227.7868186,138.2327209,553.9264131,142.3734694,146.8464276
228.9682,408.6316,143.6765,130.3892,123.7558,90.31,82.57,27.04,227.7868186,31.47,138.2327209,271.3009213,163.0797306,146.8464276,553.9264131,229.3862018
228.2653,143.6765,228.9682,130.9386,130.3892,72.33,90.31,11.02,271.3009213,14.37,163.0797306,138.2327209,142.3734694,229.3862018,146.8464276,271.2537929
131.2227,228.9682,228.2653,408.6316,130.9386,70.49,72.33,5.46,138.2327209,27.04,142.3734694,163.0797306,553.9264131,271.2537929,229.3862018,141.1239751
127.8905,228.2653,131.2227,143.6765,408.6316,59.15,70.49,17.97,163.0797306,11.02,553.9264131,142.3734694,146.8464276,141.1239751,271.2537929,166.4438655
135.7656,131.2227,127.8905,228.9682,143.6765,72.87,59.15,20.39,142.3734694,5.46,146.8464276,553.9264131,229.3862018,166.4438655,141.1239751,144.6776131
377.8325,127.8905,135.7656,228.2653,228.9682,75.14,72.87,31.68,553.9264131,17.97,229.3862018,146.8464276,271.2537929,144.6776131,166.4438655,553.7048281
149.1309,135.7656,377.8325,131.2227,228.2653,77.07,75.14,16.63,146.8464276,20.39,271.2537929,229.3862018,141.1239751,553.7048281,144.6776131,148.6607143
235.7102,377.8325,149.1309,127.8905,131.2227,87.46,77.07,18.02,229.3862018,31.68,141.1239751,271.2537929,166.4438655,148.6607143,553.7048281,228.550181
231.5324,149.1309,235.7102,135.7656,127.8905,66.92,87.46,14.66,271.2537929,16.63,166.4438655,141.1239751,144.6776131,228.550181,148.6607143,273.7182678
128.8117,235.7102,231.5324,377.8325,135.7656,69.1,66.92,7.32,141.1239751,18.02,144.6776131,166.4438655,553.7048281,273.7182678,228.550181,143.7640981
123.1423,231.5324,128.8117,149.1309,377.8325,58.86,69.1,22.52,166.4438655,14.66,553.7048281,144.6776131,148.6607143,143.7640981,273.7182678,165.726817
141.3009,128.8117,123.1423,235.7102,149.1309,68.65,58.86,22.12,144.6776131,7.32,148.6607143,553.7048281,228.550181,165.726817,143.7640981,143.6875
334.0266,123.1423,141.3009,231.5324,235.7102,80.2,68.65,32.53,553.7048281,22.52,228.550181,148.6607143,273.7182678,143.6875,165.726817,543.3009382
152.04,141.3009,334.0266,128.8117,231.5324,70.77,80.2,20.73,148.6607143,22.12,273.7182678,228.550181,143.7640981,543.3009382,143.6875,148.670031
237.2937,334.0266,152.04,123.1423,128.8117,83.41,70.77,14.39,228.550181,32.53,143.7640981,273.7182678,165.726817,148.670031,543.3009382,225.7857519
222.3806,152.04,237.2937,141.3009,123.1423,61.93,83.41,19.67,273.7182678,20.73,165.726817,143.7640981,143.6875,225.7857519,148.670031,271.7475728
134.1776,237.2937,222.3806,334.0266,141.3009,66.02,61.93,9.96,143.7640981,14.39,143.6875,165.726817,543.3009382,271.7475728,225.7857519,141.4525433
123.1136,222.3806,134.1776,152.04,334.0266,56.5,66.02,27.1,165.726817,19.67,543.3009382,143.6875,148.670031,141.4525433,271.7475728,165.6480118
143.6501,134.1776,123.1136,237.2937,152.04,63.31,56.5,24.94,143.6875,9.96,148.670031,543.3009382,225.7857519,165.6480118,141.4525433,143.0343511
346.0351,123.1136,143.6501,222.3806,237.2937,78.26,63.31,35.48,543.3009382,27.1,225.7857519,148.670031,271.7475728,143.0343511,165.6480118,514.9638803
154.4649,143.6501,346.0351,134.1776,222.3806,61.97,78.26,25.59,148.670031,24.94,271.7475728,225.7857519,141.4525433,514.9638803,143.0343511,147.81491
236.5779,346.0351,154.4649,123.1136,134.1776,77.85,61.97,16.53,225.7857519,35.48,141.4525433,271.7475728,165.6480118,147.81491,514.9638803,223.0938335
227.0738,154.4649,236.5779,143.6501,123.1136,60.37,77.85,27.11,271.7475728,25.59,165.6480118,141.4525433,143.0343511,223.0938335,147.81491,273.2035928
134.9815,236.5779,227.0738,346.0351,143.6501,61.69,60.37,13.86,141.4525433,16.53,143.0343511,165.6480118,514.9638803,273.2035928,223.0938335,141.2563241
128.3286,227.0738,134.9815,154.4649,346.0351,54.45,61.69,28.87,165.6480118,27.11,514.9638803,143.0343511,147.81491,141.2563241,273.2035928,164.921466
143.7119,134.9815,128.3286,236.5779,154.4649,57.46,54.45,28.99,143.0343511,13.86,147.81491,514.9638803,223.0938335,164.921466,141.2563241,141.3017717
319.1688,128.3286,143.7119,227.0738,236.5779,77.06,57.46,37.89,514.9638803,28.87,223.0938335,147.81491,273.2035928,141.3017717,164.921466,493.2064591
153.3414,143.7119,319.1688,134.9815,227.0738,54.69,77.06,30.8,147.81491,28.99,273.2035928,223.0938335,141.2563241,493.2064591,141.3017717,146.7231544
226.9263,319.1688,153.3414,128.3286,134.9815,72.81,54.69,17.64,223.0938335,37.89,141.2563241,273.2035928,164.921466,146.7231544,493.2064591,223.172735
234.8891,153.3414,226.9263,143.7119,128.3286,57.26,72.81,34.06,273.2035928,30.8,164.921466,141.2563241,141.3017717,223.172735,146.7231544,274.5913519
123.9446,226.9263,234.8891,319.1688,143.7119,57.18,57.26,17.66,141.2563241,17.64,141.3017717,164.921466,493.2064591,274.5913519,223.172735,140.9478695
129.8209,234.8891,123.9446,153.3414,319.1688,54.64,57.18,32.2,164.921466,34.06,493.2064591,141.3017717,146.7231544,140.9478695,274.5913519,164.2156863
137.2096,123.9446,129.8209,226.9263,153.3414,52.69,54.64,33.4,141.3017717,17.66,146.7231544,493.2064591,223.172735,164.2156863,140.9478695,139.5348837
322.5608,129.8209,137.2096,234.8891,226.9263,76.45,52.69,38.02,493.2064591,32.2,223.172735,146.7231544,274.5913519,139.5348837,164.2156863,527.1378368
145.4746,137.2096,322.5608,123.9446,234.8891,53.31,76.45,35.96,146.7231544,33.4,274.5913519,223.172735,140.9478695,527.1378368,139.5348837,146.1931291
214.5177,322.5608,145.4746,129.8209,123.9446,69.23,53.31,18.38,223.172735,38.02,140.9478695,274.5913519,164.2156863,146.1931291,527.1378368,224.2152466
236.9216,145.4746,214.5177,137.2096,129.8209,54.35,69.23,35.78,274.5913519,35.96,164.2156863,140.9478695,139.5348837,224.2152466,146.1931291,274.6774964
115.7172,214.5177,236.9216,322.5608,137.2096,53.28,54.35,20.49,140.9478695,18.38,139.5348837,164.2156863,527.1378368,274.6774964,224.2152466,141.3459906
136.4316,236.9216,115.7172,145.4746,322.5608,53.45,53.28,34.67,164.2156863,35.78,527.1378368,139.5348837,146.1931291,141.3459906,274.6774964,165.7407822
133.9763,115.7172,136.4316,214.5177,145.4746,46.35,53.45,37.68,139.5348837,20.49,146.1931291,527.1378368,224.2152466,165.7407822,141.3459906,139.8169772
354.5916,136.4316,133.9763,236.9216,214.5177,74.71,46.35,39.1,527.1378368,34.67,224.2152466,146.1931291,274.6774964,139.8169772,165.7407822,537.5722543
142.9733,133.9763,354.5916,115.7172,236.9216,49.86,74.71,42.72,146.1931291,37.68,274.6774964,224.2152466,141.3459906,537.5722543,139.8169772,145.8759373
208.2308,354.5916,142.9733,136.4316,115.7172,65.82,49.86,20.45,224.2152466,39.1,141.3459906,274.6774964,165.7407822,145.8759373,537.5722543,222.8106974
233.3503,142.9733,208.2308,133.9763,136.4316,53.93,65.82,39.28,274.6774964,42.72,165.7407822,141.3459906,139.8169772,222.8106974,145.8759373,277.3225325
137.4454916,208.2308,233.3503,354.5916,133.9763,50.41,53.93,23.44,141.3459906,20.45,139.8169772,165.7407822,537.5722543,277.3225325,222.8106974,137.4099007
129.6793,233.3503,137.4454916,142.9733,354.5916,52.54,50.41,35.23,165.7407822,39.28,537.5722543,139.8169772,145.8759373,137.4099007,277.3225325,165.7547473
130.9937,137.4454916,129.6793,208.2308,142.9733,44.41,52.54,41.22,139.8169772,23.44,145.8759373,537.5722543,222.8106974,165.7547473,137.4099007,138.8256269
227.2509986,129.6793,130.9937,233.3503,208.2308,74.13,44.41,40.19,537.5722543,35.23,222.8106974,145.8759373,277.3225325,138.8256269,165.7547473,551.7514286
138.8884,130.9937,227.2509986,137.4454916,233.3503,47.49,74.13,44.86,145.8759373,41.22,277.3225325,222.8106974,137.4099007,551.7514286,138.8256269,144.8067633
203.3777,227.2509986,138.8884,129.6793,137.4454916,60.54,47.49,20.97,222.8106974,40.19,137.4099007,277.3225325,165.7547473,144.8067633,551.7514286,219.7844828
230.1339,138.8884,203.3777,130.9937,129.6793,52.53,60.54,41.76,277.3225325,44.86,165.7547473,137.4099007,138.8256269,219.7844828,144.8067633,274.4377919
96.5061,203.3777,230.1339,227.2509986,130.9937,46.45,52.53,28.17,137.4099007,20.97,138.8256269,165.7547473,551.7514286,274.4377919,219.7844828,136.7887609
110.4395,230.1339,96.5061,138.8884,227.2509986,52.29,46.45,36.6,165.7547473,41.76,551.7514286,138.8256269,144.8067633,136.7887609,274.4377919,164.5
127.9159,96.5061,110.4395,203.3777,138.8884,41.94,52.29,45.21,138.8256269,28.17,144.8067633,551.7514286,219.7844828,164.5,136.7887609,138.6125654
160.3132989,110.4395,127.9159,230.1339,203.3777,73.0,41.94,40.71,551.7514286,36.6,219.7844828,144.8067633,274.4377919,138.6125654,164.5,548.6527421
134.038,127.9159,160.3132989,96.5061,230.1339,45.36,73.0,47.87,144.8067633,45.21,274.4377919,219.7844828,136.7887609,548.6527421,138.6125654,143.5
197.6362,160.3132989,134.038,110.4395,96.5061,56.0,45.36,22.49,219.7844828,40.71,136.7887609,274.4377919,164.5,143.5,548.6527421,219.6590339
221.1531,134.038,197.6362,127.9159,110.4395,50.91,56.0,43.88,274.4377919,47.87,164.5,136.7887609,138.6125654,219.6590339,143.5,274.3902439
159.5608568,197.6362,221.1531,160.3132989,127.9159,44.46,50.91,32.43,136.7887609,22.49,138.6125654,164.5,548.6527421,274.3902439,219.6590339,137.1130212
108.9348,221.1531,159.5608568,134.038,160.3132989,52.04,44.46,38.12,164.5,43.88,548.6527421,138.6125654,143.5,137.1130212,274.3902439,164.5912698
128.3212,159.5608568,108.9348,197.6362,134.038,38.52,52.04,46.99,138.6125654,32.43,143.5,548.6527421,219.6590339,164.5912698,137.1130212,137.9333787
140.5001872,108.9348,128.3212,221.1531,197.6362,74.38,38.52,41.12,548.6527421,38.12,219.6590339,143.5,274.3902439,137.9333787,164.5912698,520.4983923
133.098,128.3212,140.5001872,159.5608568,221.1531,47.68,74.38,51.74,143.5,46.99,274.3902439,219.6590339,137.1130212,520.4983923,137.9333787,143.3046202
198.5298,140.5001872,133.098,108.9348,159.5608568,59.33,47.68,20.89,219.6590339,41.12,137.1130212,274.3902439,164.5912698,143.3046202,520.4983923,220.6157332
221.1391,133.098,198.5298,128.3212,108.9348,55.19,59.33,42.05,274.3902439,51.74,164.5912698,137.1130212,137.9333787,220.6157332,143.3046202,276.4573991
179.2072508,198.5298,221.1391,140.5001872,128.3212,42.81,55.19,29.4,137.1130212,20.89,137.9333787,164.5912698,520.4983923,276.4573991,220.6157332,134.641012
120.6337,221.1391,179.2072508,133.098,140.5001872,52.14,42.81,34.1,164.5912698,42.05,520.4983923,137.9333787,143.3046202,134.641012,276.4573991,166.0181582
128.6986,179.2072508,120.6337,198.5298,133.098,39.81,52.14,49.23,137.9333787,29.4,143.3046202,520.4983923,220.6157332,166.0181582,134.641012,139.3865506
134.7605,125.8337,184.8269538,119.0319934,229.4647,55.27,75.62,46.03,144.0234792,49.96,275.870383,225.9187613,136.895811,507.5167446,140.4266389,146.9394168
196.1599,184.8269538,134.7605,195.4162223,119.0319934,68.49,55.27,20.09,225.9187613,38.46,136.895811,275.870383,168.928922,146.9394168,507.5167446,232.0954907
238.0103,134.7605,196.1599,125.8337,195.4162223,61.35,68.49,34.96,275.870383,46.03,168.928922,136.895811,140.4266389,232.0954907,146.9394168,275.9013981
174.910556,196.1599,238.0103,184.8269538,125.8337,39.62,61.35,20.44,136.895811,20.09,140.4266389,168.928922,507.5167446,275.9013981,232.0954907,138.3846154
131.3959,238.0103,174.910556,134.7605,184.8269538,53.15,39.62,26.26,168.928922,34.96,507.5167446,140.4266389,146.9394168,138.3846154,275.9013981,165.5273438
131.7852,174.910556,131.3959,196.1599,134.7605,45.12,53.15,50.82,140.4266389,20.44,146.9394168,507.5167446,232.0954907,165.5273438,138.3846154,142.7884209
169.2970175,131.3959,131.7852,238.0103,196.1599,76.06,45.12,37.61,507.5167446,26.26,232.0954907,146.9394168,275.9013981,142.7884209,165.5273438,499.7144489
136.5591,131.7852,169.2970175,174.910556,238.0103,58.12,76.06,42.58,146.9394168,50.82,275.9013981,232.0954907,138.3846154,499.7144489,142.7884209,149.3817179
199.8608,169.2970175,136.5591,131.3959,174.910556,67.77,58.12,19.03,232.0954907,37.61,138.3846154,275.9013981,165.5273438,149.3817179,499.7144489,235.7881371
228.0151,136.5591,199.8608,131.7852,131.3959,63.77,67.77,30.49,275.9013981,42.58,165.5273438,138.3846154,142.7884209,235.7881371,149.3817179,278.4090909
166.5876436,199.8608,228.0151,169.2970175,131.7852,37.81,63.77,20.66,138.3846154,19.03,142.7884209,165.5273438,499.7144489,278.4090909,235.7881371,138.9155983
185.4485745,228.0151,166.5876436,136.5591,169.2970175,51.59,37.81,23.2,165.5273438,30.49,499.7144489,142.7884209,149.3817179,138.9155983,278.4090909,165.7547473
135.8973,166.5876436,185.4485745,199.8608,136.5591,45.37,51.59,51.8,142.7884209,20.66,149.3817179,499.7144489,235.7881371,165.7547473,138.9155983,143.8636364
165.9367713,185.4485745,135.8973,228.0151,199.8608,73.99,45.37,38.43,499.7144489,23.2,235.7881371,149.3817179,278.4090909,143.8636364,165.7547473,551.9374796
142.3936,135.8973,165.9367713,166.5876436,228.0151,60.65,73.99,40.83,149.3817179,51.8,278.4090909,235.7881371,138.9155983,551.9374796,143.8636364,151.9522112
202.4882,165.9367713,142.3936,185.4485745,166.5876436,67.35,60.65,20.47,235.7881371,38.43,138.9155983,278.4090909,165.7547473,151.9522112,551.9374796,236.0651741
229.5073,142.3936,202.4882,135.8973,185.4485745,67.66,67.35,27.64,278.4090909,40.83,165.7547473,138.9155983,143.8636364,236.0651741,151.9522112,279.1881443
159.1449338,202.4882,229.5073,165.9367713,135.8973,34.83,67.66,20.7,138.9155983,20.47,143.8636364,165.7547473,551.9374796,279.1881443,236.0651741,140.2879902
122.762,229.5073,159.1449338,142.3936,165.9367713,48.12,34.83,19.54,165.7547473,27.64,551.9374796,143.8636364,151.9522112,140.2879902,279.1881443,164.8044461
144.0757,159.1449338,122.762,202.4882,142.3936,43.54,48.12,54.4,143.8636364,20.7,151.9522112,551.9374796,236.0651741,164.8044461,140.2879902,144.5082721
371.108,122.762,144.0757,229.5073,202.4882,73.54,43.54,39.91,551.9374796,19.54,236.0651741,151.9522112,279.1881443,144.5082721,164.8044461,522.5119097
145.631,144.0757,371.108,159.1449338,229.5073,62.7,73.54,41.72,151.9522112,54.4,279.1881443,236.0651741,140.2879902,522.5119097,144.5082721,152.2850123
203.9645,371.108,145.631,122.762,159.1449338,65.77,62.7,20.69,236.0651741,39.91,140.2879902,279.1881443,164.8044461,152.2850123,522.5119097,232.712766
237.9261,145.631,203.9645,144.0757,122.762,72.73,65.77,25.95,279.1881443,41.72,164.8044461,140.2879902,144.5082721,232.712766,152.2850123,281.4041803
228.1006,203.9645,237.9261,371.108,144.0757,33.95,72.73,21.95,140.2879902,20.69,144.5082721,164.8044461,522.5119097,281.4041803,232.712766,138.7070585
125.6703,237.9261,228.1006,145.631,371.108,48.12,33.95,15.79,164.8044461,25.95,522.5119097,144.5082721,152.2850123,138.7070585,281.4041803,165.6965382
146.4587,228.1006,125.6703,203.9645,145.631,46.95,48.12,54.94,144.5082721,21.95,152.2850123,522.5119097,232.712766,165.6965382,138.7070585,143.1585292
165.8976321,125.6703,146.4587,237.9261,203.9645,76.63,46.95,39.87,522.5119097,15.79,232.712766,152.2850123,281.4041803,143.1585292,165.6965382,589.7703549
147.5904,146.4587,165.8976321,228.1006,237.9261,67.6,76.63,37.9,152.2850123,54.94,281.4041803,232.712766,138.7070585,589.7703549,143.1585292,151.1254045
198.2962,165.8976321,147.5904,125.6703,228.1006,70.87,67.6,18.55,232.712766,39.87,138.7070585,281.4041803,165.6965382,151.1254045,589.7703549,229.1061633
255.8197,147.5904,198.2962,146.4587,125.6703,78.06,70.87,21.46,281.4041803,37.9,165.6965382,138.7070585,143.1585292,229.1061633,151.1254045,281.2437561
242.0952189,198.2962,255.8197,165.8976321,146.4587,35.6,78.06,17.14,138.7070585,18.55,143.1585292,165.6965382,589.7703549,281.2437561,229.1061633,138.0969786
121.3384,255.8197,242.0952189,147.5904,165.8976321,47.63,35.6,12.44,165.6965382,21.46,589.7703549,143.1585292,151.1254045,138.0969786,281.2437561,165.726817
143.8046,242.0952189,121.3384,198.2962,147.5904,48.65,47.63,51.23,143.1585292,17.14,151.1254045,589.7703549,229.1061633,165.726817,138.0969786,141.9138646
157.8324379,121.3384,143.8046,255.8197,198.2962,73.23,48.65,40.01,589.7703549,12.44,229.1061633,151.1254045,281.2437561,141.9138646,165.726817,582.7369306
145.862,143.8046,157.8324379,242.0952189,255.8197,71.37,73.23,35.69,151.1254045,51.23,281.2437561,229.1061633,138.0969786,582.7369306,141.9138646,150.2797203
193.3602,157.8324379,145.862,121.3384,242.0952189,75.14,71.37,21.4,229.1061633,40.01,138.0969786,281.2437561,165.726817,150.2797203,582.7369306,232.4612403
264.1951,145.862,193.3602,143.8046,121.3384,78.02,75.14,18.41,281.2437561,35.69,165.726817,138.0969786,141.9138646,232.4612403,150.2797203,280.3242725
238.6808179,193.3602,264.1951,157.8324379,143.8046,41.04,78.02,13.95,138.0969786,21.4,141.9138646,165.726817,582.7369306,280.3242725,232.4612403,136.9495166
205.5225115,264.1951,238.6808179,145.862,157.8324379,48.7,41.04,13.2,165.726817,18.41,582.7369306,141.9138646,150.2797203,136.9495166,280.3242725,165.625
140.1627,238.6808179,205.5225115,193.3602,145.862,49.82,48.7,45.57,141.9138646,13.95,150.2797203,582.7369306,232.4612403,165.625,136.9495166,141.6156148
251.4460146,205.5225115,140.1627,264.1951,193.3602,72.34,49.82,39.71,582.7369306,13.2,232.4612403,150.2797203,280.3242725,141.6156148,165.625,572.3648038
144.6482,140.1627,251.4460146,238.6808179,264.1951,73.92,72.34,34.07,150.2797203,45.57,280.3242725,232.4612403,136.9495166,572.3648038,141.6156148,149.6240602
192.0357,251.4460146,144.6482,205.5225115,238.6808179,75.16,73.92,22.17,232.4612403,39.71,136.9495166,280.3242725,165.625,149.6240602,572.3648038,233.3330556
263.5488,144.6482,192.0357,140.1627,205.5225115,69.86,75.16,16.43,280.3242725,34.07,165.625,136.9495166,141.6156148,233.3330556,149.6240602,278.8820347
111.5509176,192.0357,263.5488,251.4460146,140.1627,41.51,69.86,14.67,136.9495166,22.17,141.6156148,165.625,572.3648038,278.8820347,233.3330556,135.9670626
126.3004,263.5488,111.5509176,144.6482,251.4460146,49.57,41.51,20.46,165.625,16.43,572.3648038,141.6156148,149.6240602,135.9670626,278.8820347,165.2854512
139.1157,111.5509176,126.3004,192.0357,144.6482,51.27,49.57,45.43,141.6156148,14.67,149.6240602,572.3648038,233.3330556,165.2854512,135.9670626,140.8803105
437.6108,126.3004,139.1157,263.5488,192.0357,65.84,51.27,39.03,572.3648038,20.46,233.3330556,149.6240602,278.8820347,140.8803105,165.2854512,568.6572841
142.5131,139.1157,437.6108,111.5509176,263.5488,70.49,65.84,32.68,149.6240602,45.43,278.8820347,233.3330556,135.9670626,568.6572841,140.8803105,148.7761127
192.9617,437.6108,142.5131,126.3004,111.5509176,74.99,70.49,28.06,233.3330556,39.03,135.9670626,278.8820347,165.2854512,148.7761127,568.6572841,232.2635135
253.5906,142.5131,192.9617,139.1157,126.3004,66.09,74.99,19.13,278.8820347,32.68,165.2854512,135.9670626,140.8803105,232.2635135,148.7761127,280.0407332
227.3141664,192.9617,253.5906,437.6108,139.1157,42.59,66.09,15.51,135.9670626,28.06,140.8803105,165.2854512,568.6572841,280.0407332,232.2635135,134.3697479
204.897335,253.5906,227.3141664,142.5131,437.6108,52.85,42.59,24.74,165.2854512,19.13,568.6572841,140.8803105,148.7761127,134.3697479,280.0407332,162.5502624
135.0148,227.3141664,204.897335,192.9617,142.5131,53.62,52.85,44.62,140.8803105,15.51,148.7761127,568.6572841,232.2635135,162.5502624,134.3697479,139.4067797
237.3105779,204.897335,135.0148,253.5906,192.9617,61.67,53.62,36.28,568.6572841,24.74,232.2635135,148.7761127,280.0407332,139.4067797,162.5502624,588.9292196
140.8015,135.0148,237.3105779,227.3141664,253.5906,69.84,61.67,30.91,148.7761127,44.62,280.0407332,232.2635135,134.3697479,588.9292196,139.4067797,148.3002696
193.3156,237.3105779,140.8015,204.897335,227.3141664,81.01,69.84,32.16,232.2635135,36.28,134.3697479,280.0407332,162.5502624,148.3002696,588.9292196,229.8717548
239.2736,140.8015,193.3156,135.0148,204.897335,49.07,81.01,20.06,280.0407332,30.91,162.5502624,134.3697479,139.4067797,229.8717548,148.3002696,277.8450363
141.5127456,193.3156,239.2736,237.3105779,135.0148,47.19,49.07,10.92,134.3697479,32.16,139.4067797,162.5502624,588.9292196,277.8450363,229.8717548,135.4312642
128.2689,239.2736,141.5127456,140.8015,237.3105779,60.49,47.19,37.51,162.5502624,20.06,588.9292196,139.4067797,148.3002696,135.4312642,277.8450363,160.6358387
134.9392,141.5127456,128.2689,193.3156,140.8015,64.6,60.49,39.47,139.4067797,10.92,148.3002696,588.9292196,229.8717548,160.6358387,135.4312642,138.3608815
448.7503,128.2689,134.9392,239.2736,193.3156,70.8,64.6,28.81,588.9292196,37.51,229.8717548,148.3002696,277.8450363,138.3608815,160.6358387,599.7474747
139.793,134.9392,448.7503,141.5127456,239.2736,62.63,70.8,22.61,148.3002696,39.47,277.8450363,229.8717548,135.4312642,599.7474747,138.3608815,146.9948849
191.7031,448.7503,139.793,128.2689,141.5127456,81.78,62.63,25.0,229.8717548,28.81,135.4312642,277.8450363,160.6358387,146.9948849,599.7474747,228.8554441
255.0438,139.793,191.7031,134.9392,128.2689,46.47,81.78,24.55,277.8450363,22.61,160.6358387,135.4312642,138.3608815,228.8554441,146.9948849,278.2766236
198.9942722,191.7031,255.0438,448.7503,134.9392,49.66,46.47,10.67,135.4312642,25.0,138.3608815,160.6358387,599.7474747,278.2766236,228.8554441,132.2024152
136.8652872,255.0438,198.9942722,139.793,448.7503,60.2,49.66,40.51,160.6358387,24.55,599.7474747,138.3608815,146.9948849,132.2024152,278.2766236,162.1857309
137.4576,198.9942722,136.8652872,191.7031,139.793,66.73,60.2,37.3,138.3608815,10.67,146.9948849,599.7474747,228.8554441,162.1857309,132.2024152,137.5752365
140.3687505,136.8652872,137.4576,255.0438,191.7031,68.85,66.73,28.84,599.7474747,40.51,228.8554441,146.9948849,278.2766236,137.5752365,162.1857309,589.3621961
134.9073,137.4576,140.3687505,198.9942722,255.0438,65.26,68.85,20.7,146.9948849,37.3,278.2766236,228.8554441,132.2024152,589.3621961,137.5752365,147.285798
187.8926,140.3687505,134.9073,136.8652872,198.9942722,80.06,65.26,26.19,228.8554441,28.84,132.2024152,278.2766236,162.1857309,147.285798,589.3621961,233.6074572
255.8,134.9073,187.8926,137.4576,136.8652872,54.96,80.06,22.68,278.2766236,20.7,162.1857309,132.2024152,137.5752365,233.6074572,147.285798,279.6901893
96.23095429,187.8926,255.8,140.3687505,137.4576,54.98,54.96,11.9,132.2024152,26.19,137.5752365,162.1857309,589.3621961,279.6901893,233.6074572,131.9802625
106.2708,255.8,96.23095429,134.9073,140.3687505,58.59,54.98,32.74,162.1857309,22.68,589.3621961,137.5752365,147.285798,131.9802625,279.6901893,161.4059971
131.1405,96.23095429,106.2708,187.8926,134.9073,70.02,58.59,32.74,137.5752365,11.9,147.285798,589.3621961,233.6074572,161.4059971,131.9802625,138.7896825
121.8826954,106.2708,131.1405,255.8,187.8926,64.52,70.02,30.48,589.3621961,32.74,233.6074572,147.285798,279.6901893,138.7896825,161.4059971,589.3621961
133.2657,131.1405,121.8826954,96.23095429,255.8,73.22,64.52,18.21,147.285798,32.74,279.6901893,233.6074572,131.9802625,589.3621961,138.7896825,148.0480971
188.1125,121.8826954,133.2657,106.2708,96.23095429,77.32,73.22,30.48,233.6074572,30.48,131.9802625,279.6901893,161.4059971,148.0480971,589.3621961,241.893039
240.1123,133.2657,188.1125,131.1405,106.2708,58.09,77.32,17.36,279.6901893,18.21,161.4059971,131.9802625,138.7896825,241.893039,148.0480971,283.090334
226.3717013,188.1125,240.1123,121.8826954,131.1405,60.4,58.09,13.76,131.9802625,30.48,138.7896825,161.4059971,589.3621961,283.090334,241.893039,136.0677765
239.9582404,240.1123,226.3717013,133.2657,121.8826954,54.45,60.4,30.22,161.4059971,17.36,589.3621961,138.7896825,148.0480971,136.0677765,283.090334,161.2741697
131.7687,226.3717013,239.9582404,188.1125,133.2657,62.82,54.45,28.52,138.7896825,13.76,148.0480971,589.3621961,241.893039,161.2741697,136.0677765,141.2530497
169.968898,239.9582404,131.7687,240.1123,188.1125,60.66,62.82,34.36,589.3621961,30.22,241.893039,148.0480971,283.090334,141.2530497,161.2741697,599.3670329
132.8144,131.7687,169.968898,226.3717013,240.1123,67.93,60.66,23.19,148.0480971,28.52,283.090334,241.893039,136.0677765,599.3670329,141.2530497,151.1699507
193.7744,169.968898,132.8144,239.9582404,226.3717013,77.28,67.93,34.24,241.893039,34.36,136.0677765,283.090334,161.2741697,151.1699507,599.3670329,245.723889
226.6126,132.8144,193.7744,131.7687,239.9582404,57.41,77.28,20.99,283.090334,23.19,161.2741697,136.0677765,141.2530497,245.723889,151.1699507,284.0909091
167.1788442,193.7744,226.6126,169.968898,131.7687,54.38,57.41,13.77,136.0677765,34.24,141.2530497,161.2741697,599.3670329,284.0909091,245.723889,134.0131911
108.7388,226.6126,167.1788442,132.8144,169.968898,48.23,54.38,30.63,161.2741697,20.99,599.3670329,141.2530497,151.1699507,134.0131911,284.0909091,162.3006834
136.0883,167.1788442,108.7388,193.7744,132.8144,57.11,48.23,33.49,141.2530497,13.77,151.1699507,599.3670329,245.723889,162.3006834,134.0131911,143.8106796
188.1886633,108.7388,136.0883,226.6126,193.7744,57.01,57.11,39.72,599.3670329,30.63,245.723889,151.1699507,284.0909091,143.8106796,162.3006834,581.1700891
136.892,136.0883,188.1886633,167.1788442,226.6126,68.95,57.01,27.57,151.1699507,33.49,284.0909091,245.723889,134.0131911,581.1700891,143.8106796,153.5999861
191.7437,188.1886633,136.892,108.7388,167.1788442,85.14,68.95,36.95,245.723889,39.72,134.0131911,284.0909091,162.3006834,153.5999861,581.1700891,248.2445639
243.5827,136.892,191.7437,136.0883,108.7388,67.77,85.14,20.17,284.0909091,27.57,162.3006834,134.0131911,143.8106796,248.2445639,153.5999861,285.0241546
231.9919092,191.7437,243.5827,188.1886633,136.0883,43.48,67.77,8.06,134.0131911,36.95,143.8106796,162.3006834,581.1700891,285.0241546,248.2445639,139.3020639
104.7059,243.5827,231.9919092,136.892,188.1886633,41.58,43.48,20.98,162.3006834,20.17,581.1700891,143.8106796,153.5999861,139.3020639,285.0241546,164.0707071
143.4879,231.9919092,104.7059,191.7437,136.892,57.09,41.58,42.09,143.8106796,8.06,153.5999861,581.1700891,248.2445639,164.0707071,139.3020639,145.9057606
165.7967275,104.7059,143.4879,243.5827,191.7437,57.28,57.09,43.79,581.1700891,20.98,248.2445639,153.5999861,285.0241546,145.9057606,164.0707071,633.3333333
141.5338,143.4879,165.7967275,231.9919092,243.5827,71.51,57.28,25.43,153.5999861,42.09,285.0241546,248.2445639,139.3020639,633.3333333,145.9057606,155.63655
175.2249,165.7967275,141.5338,104.7059,231.9919092,85.89,71.51,36.07,248.2445639,43.79,139.3020639,285.0241546,164.0707071,155.63655,633.3333333,249.1874323
139.8495875,141.5338,175.2249,143.4879,104.7059,70.34,85.89,16.67,285.0241546,25.43,164.0707071,139.3020639,145.9057606,249.1874323,155.63655,286.259542
139.4135224,175.2249,139.8495875,165.7967275,143.4879,47.34,70.34,7.52,139.3020639,36.07,145.9057606,164.0707071,633.3333333,286.259542,249.1874323,140.5235095
155.1258729,139.8495875,139.4135224,141.5338,165.7967275,42.64,47.34,18.87,164.0707071,16.67,633.3333333,145.9057606,155.63655,140.5235095,286.259542,163.5674931
143.8138,139.4135224,155.1258729,175.2249,141.5338,57.51,42.64,39.14,145.9057606,7.52,155.63655,633.3333333,249.1874323,163.5674931,140.5235095,145.715504
165.3902151,155.1258729,143.8138,139.8495875,175.2249,58.1,57.51,42.42,633.3333333,18.87,249.1874323,155.63655,286.259542,145.715504,163.5674931,657.498999
134.7486,143.8138,165.3902151,139.4135224,139.8495875,76.67,58.1,25.1,155.63655,39.14,286.259542,249.1874323,140.5235095,657.498999,145.715504,156.2769465
161.6474,165.3902151,134.7486,155.1258729,139.4135224,83.95,76.67,36.07,249.1874323,42.42,140.5235095,286.259542,163.5674931,156.2769465,657.498999,247.3608693
136.44373,134.7486,161.6474,143.8138,155.1258729,69.57,83.95,13.02,286.259542,25.1,163.5674931,140.5235095,145.715504,247.3608693,156.2769465,287.2477184
152.3280104,161.6474,136.44373,165.3902151,143.8138,49.1,69.57,9.03,140.5235095,36.07,145.715504,163.5674931,657.498999,287.2477184,247.3608693,141.340227
161.2351157,136.44373,152.3280104,134.7486,165.3902151,44.79,49.1,19.13,163.5674931,13.02,657.498999,145.715504,156.2769465,141.340227,287.2477184,161.6467769
146.6444,152.3280104,161.2351157,161.6474,134.7486,57.41,44.79,37.21,145.715504,9.03,156.2769465,657.498999,247.3608693,161.6467769,141.340227,145.1254796
