MHIt-12,MHIt-11,MHIt-10,MHIt-9,MHIt-8,MHIt-7,MHIt-6,MHIt-5,MHIt-4,MHIt-3,MHIt-2,MHIt-1
,,,,,,,,,,,
,,,,,,,,,,,8.933901919
,,,,,,,,,,8.933901919,3.304904051
,,,,,,,,,8.933901919,3.304904051,0.698134248
,,,,,,,,8.933901919,3.304904051,0.698134248,0.490405117
,,,,,,,8.933901919,3.304904051,0.698134248,0.490405117,3.176972281
,,,,,,8.933901919,3.304904051,0.698134248,0.490405117,3.176972281,7.292110874
,,,,,8.933901919,3.304904051,0.698134248,0.490405117,3.176972281,7.292110874,1.663113006
,,,,8.933901919,3.304904051,0.698134248,0.490405117,3.176972281,7.292110874,1.663113006,8.933901919
,,,8.933901919,3.304904051,0.698134248,0.490405117,3.176972281,7.292110874,1.663113006,8.933901919,3.304904051
,,8.933901919,3.304904051,0.698134248,0.490405117,3.176972281,7.292110874,1.663113006,8.933901919,3.304904051,6.977767181
,8.933901919,3.304904051,0.698134248,0.490405117,3.176972281,7.292110874,1.663113006,8.933901919,3.304904051,6.977767181,0.490405117
8.933901919,3.304904051,0.698134248,0.490405117,3.176972281,7.292110874,1.663113006,8.933901919,3.304904051,6.977767181,0.490405117,3.176972281
3.304904051,0.698134248,0.490405117,3.176972281,7.292110874,1.663113006,8.933901919,3.304904051,6.977767181,0.490405117,3.176972281,7.292110874
0.698134248,0.490405117,3.176972281,7.292110874,1.663113006,8.933901919,3.304904051,6.977767181,0.490405117,3.176972281,7.292110874,1.663113006
0.490405117,3.176972281,7.292110874,1.663113006,8.933901919,3.304904051,6.977767181,0.490405117,3.176972281,7.292110874,1.663113006,8.933901919
3.176972281,7.292110874,1.663113006,8.933901919,3.304904051,6.977767181,0.490405117,3.176972281,7.292110874,1.663113006,8.933901919,3.304904051
7.292110874,1.663113006,8.933901919,3.304904051,6.977767181,0.490405117,3.176972281,7.292110874,1.663113006,8.933901919,3.304904051,7.709873215
1.663113006,8.933901919,3.304904051,6.977767181,0.490405117,3.176972281,7.292110874,1.663113006,8.933901919,3.304904051,7.709873215,0.490405117
8.933901919,3.304904051,6.977767181,0.490405117,3.176972281,7.292110874,1.663113006,8.933901919,3.304904051,7.709873215,0.490405117,3.176972281
3.304904051,6.977767181,0.490405117,3.176972281,7.292110874,1.663113006,8.933901919,3.304904051,7.709873215,0.490405117,3.176972281,7.292110874
6.977767181,0.490405117,3.176972281,7.292110874,1.663113006,8.933901919,3.304904051,7.709873215,0.490405117,3.176972281,7.292110874,1.663113006
0.490405117,3.176972281,7.292110874,1.663113006,8.933901919,3.304904051,7.709873215,0.490405117,3.176972281,7.292110874,1.663113006,8.933901919
3.176972281,7.292110874,1.663113006,8.933901919,3.304904051,7.709873215,0.490405117,3.176972281,7.292110874,1.663113006,8.933901919,3.304904051
7.292110874,1.663113006,8.933901919,3.304904051,7.709873215,0.490405117,3.176972281,7.292110874,1.663113006,8.933901919,3.304904051,3.724691316
1.663113006,8.933901919,3.304904051,7.709873215,0.490405117,3.176972281,7.292110874,1.663113006,8.933901919,3.304904051,3.724691316,0.490405117
8.933901919,3.304904051,7.709873215,0.490405117,3.176972281,7.292110874,1.663113006,8.933901919,3.304904051,3.724691316,0.490405117,3.176972281
3.304904051,7.709873215,0.490405117,3.176972281,7.292110874,1.663113006,8.933901919,3.304904051,3.724691316,0.490405117,3.176972281,7.292110874
7.709873215,0.490405117,3.176972281,7.292110874,1.663113006,8.933901919,3.304904051,3.724691316,0.490405117,3.176972281,7.292110874,1.663113006
0.490405117,3.176972281,7.292110874,1.663113006,8.933901919,3.304904051,3.724691316,0.490405117,3.176972281,7.292110874,1.663113006,8.933901919
3.176972281,7.292110874,1.663113006,8.933901919,3.304904051,3.724691316,0.490405117,3.176972281,7.292110874,1.663113006,8.933901919,3.304904051
7.292110874,1.663113006,8.933901919,3.304904051,3.724691316,0.490405117,3.176972281,7.292110874,1.663113006,8.933901919,3.304904051,4.66585105
1.663113006,8.933901919,3.304904051,3.724691316,0.490405117,3.176972281,7.292110874,1.663113006,8.933901919,3.304904051,4.66585105,0.490405117
8.933901919,3.304904051,3.724691316,0.490405117,3.176972281,7.292110874,1.663113006,8.933901919,3.304904051,4.66585105,0.490405117,3.176972281
3.304904051,3.724691316,0.490405117,3.176972281,7.292110874,1.663113006,8.933901919,3.304904051,4.66585105,0.490405117,3.176972281,7.292110874
3.724691316,0.490405117,3.176972281,7.292110874,1.663113006,8.933901919,3.304904051,4.66585105,0.490405117,3.176972281,7.292110874,1.663113006
0.490405117,3.176972281,7.292110874,1.663113006,8.933901919,3.304904051,4.66585105,0.490405117,3.176972281,7.292110874,1.663113006,8.933901919
3.176972281,7.292110874,1.663113006,8.933901919,3.304904051,4.66585105,0.490405117,3.176972281,7.292110874,1.663113006,8.933901919,3.304904051
7.292110874,1.663113006,8.933901919,3.304904051,4.66585105,0.490405117,3.176972281,7.292110874,1.663113006,8.933901919,3.304904051,7.021319749
1.663113006,8.933901919,3.304904051,4.66585105,0.490405117,3.176972281,7.292110874,1.663113006,8.933901919,3.304904051,7.021319749,0.490405117
8.933901919,3.304904051,4.66585105,0.490405117,3.176972281,7.292110874,1.663113006,8.933901919,3.304904051,7.021319749,0.490405117,3.176972281
3.304904051,4.66585105,0.490405117,3.176972281,7.292110874,1.663113006,8.933901919,3.304904051,7.021319749,0.490405117,3.176972281,7.292110874
4.66585105,0.490405117,3.176972281,7.292110874,1.663113006,8.933901919,3.304904051,7.021319749,0.490405117,3.176972281,7.292110874,1.663113006
0.490405117,3.176972281,7.292110874,1.663113006,8.933901919,3.304904051,7.021319749,0.490405117,3.176972281,7.292110874,1.663113006,8.933901919
3.176972281,7.292110874,1.663113006,8.933901919,3.304904051,7.021319749,0.490405117,3.176972281,7.292110874,1.663113006,8.933901919,3.304904051
7.292110874,1.663113006,8.933901919,3.304904051,7.021319749,0.490405117,3.176972281,7.292110874,1.663113006,8.933901919,3.304904051,4.175552502
1.663113006,8.933901919,3.304904051,7.021319749,0.490405117,3.176972281,7.292110874,1.663113006,8.933901919,3.304904051,4.175552502,0.490405117
8.933901919,3.304904051,7.021319749,0.490405117,3.176972281,7.292110874,1.663113006,8.933901919,3.304904051,4.175552502,0.490405117,3.176972281
3.304904051,7.021319749,0.490405117,3.176972281,7.292110874,1.663113006,8.933901919,3.304904051,4.175552502,0.490405117,3.176972281,7.292110874
7.021319749,0.490405117,3.176972281,7.292110874,1.663113006,8.933901919,3.304904051,4.175552502,0.490405117,3.176972281,7.292110874,1.663113006
0.490405117,3.176972281,7.292110874,1.663113006,8.933901919,3.304904051,4.175552502,0.490405117,3.176972281,7.292110874,1.663113006,8.933901919
3.176972281,7.292110874,1.663113006,8.933901919,3.304904051,4.175552502,0.490405117,3.176972281,7.292110874,1.663113006,8.933901919,3.304904051
7.292110874,1.663113006,8.933901919,3.304904051,4.175552502,0.490405117,3.176972281,7.292110874,1.663113006,8.933901919,3.304904051,1.906348208
1.663113006,8.933901919,3.304904051,4.175552502,0.490405117,3.176972281,7.292110874,1.663113006,8.933901919,3.304904051,1.906348208,0.490405117
8.933901919,3.304904051,4.175552502,0.490405117,3.176972281,7.292110874,1.663113006,8.933901919,3.304904051,1.906348208,0.490405117,3.176972281
3.304904051,4.175552502,0.490405117,3.176972281,7.292110874,1.663113006,8.933901919,3.304904051,1.906348208,0.490405117,3.176972281,7.292110874
4.175552502,0.490405117,3.176972281,7.292110874,1.663113006,8.933901919,3.304904051,1.906348208,0.490405117,3.176972281,7.292110874,1.663113006
0.490405117,3.176972281,7.292110874,1.663113006,8.933901919,3.304904051,1.906348208,0.490405117,3.176972281,7.292110874,1.663113006,8.933901919
3.176972281,7.292110874,1.663113006,8.933901919,3.304904051,1.906348208,0.490405117,3.176972281,7.292110874,1.663113006,8.933901919,3.304904051
7.292110874,1.663113006,8.933901919,3.304904051,1.906348208,0.490405117,3.176972281,7.292110874,1.663113006,8.933901919,3.304904051,3.255287906
1.663113006,8.933901919,3.304904051,1.906348208,0.490405117,3.176972281,7.292110874,1.663113006,8.933901919,3.304904051,3.255287906,0.490405117
8.933901919,3.304904051,1.906348208,0.490405117,3.176972281,7.292110874,1.663113006,8.933901919,3.304904051,3.255287906,0.490405117,3.176972281
3.304904051,1.906348208,0.490405117,3.176972281,7.292110874,1.663113006,8.933901919,3.304904051,3.255287906,0.490405117,3.176972281,7.292110874
1.906348208,0.490405117,3.176972281,7.292110874,1.663113006,8.933901919,3.304904051,3.255287906,0.490405117,3.176972281,7.292110874,1.663113006
0.490405117,3.176972281,7.292110874,1.663113006,8.933901919,3.304904051,3.255287906,0.490405117,3.176972281,7.292110874,1.663113006,8.933901919
3.176972281,7.292110874,1.663113006,8.933901919,3.304904051,3.255287906,0.490405117,3.176972281,7.292110874,1.663113006,8.933901919,3.304904051
7.292110874,1.663113006,8.933901919,3.304904051,3.255287906,0.490405117,3.176972281,7.292110874,1.663113006,8.933901919,3.304904051,8.774018726
1.663113006,8.933901919,3.304904051,3.255287906,0.490405117,3.176972281,7.292110874,1.663113006,8.933901919,3.304904051,8.774018726,0.490405117
8.933901919,3.304904051,3.255287906,0.490405117,3.176972281,7.292110874,1.663113006,8.933901919,3.304904051,8.774018726,0.490405117,3.176972281
3.304904051,3.255287906,0.490405117,3.176972281,7.292110874,1.663113006,8.933901919,3.304904051,8.774018726,0.490405117,3.176972281,7.292110874
3.255287906,0.490405117,3.176972281,7.292110874,1.663113006,8.933901919,3.304904051,8.774018726,0.490405117,3.176972281,7.292110874,1.663113006
0.490405117,3.176972281,7.292110874,1.663113006,8.933901919,3.304904051,8.774018726,0.490405117,3.176972281,7.292110874,1.663113006,8.933901919
3.176972281,7.292110874,1.663113006,8.933901919,3.304904051,8.774018726,0.490405117,3.176972281,7.292110874,1.663113006,8.933901919,3.304904051
7.292110874,1.663113006,8.933901919,3.304904051,8.774018726,0.490405117,3.176972281,7.292110874,1.663113006,8.933901919,3.304904051,5.567544593
1.663113006,8.933901919,3.304904051,8.774018726,0.490405117,3.176972281,7.292110874,1.663113006,8.933901919,3.304904051,5.567544593,0.490405117
8.933901919,3.304904051,8.774018726,0.490405117,3.176972281,7.292110874,1.663113006,8.933901919,3.304904051,5.567544593,0.490405117,3.176972281
3.304904051,8.774018726,0.490405117,3.176972281,7.292110874,1.663113006,8.933901919,3.304904051,5.567544593,0.490405117,3.176972281,7.292110874
8.774018726,0.490405117,3.176972281,7.292110874,1.663113006,8.933901919,3.304904051,5.567544593,0.490405117,3.176972281,7.292110874,1.663113006
0.490405117,3.176972281,7.292110874,1.663113006,8.933901919,3.304904051,5.567544593,0.490405117,3.176972281,7.292110874,1.663113006,8.933901919
3.176972281,7.292110874,1.663113006,8.933901919,3.304904051,5.567544593,0.490405117,3.176972281,7.292110874,1.663113006,8.933901919,3.304904051
7.292110874,1.663113006,8.933901919,3.304904051,5.567544593,0.490405117,3.176972281,7.292110874,1.663113006,8.933901919,3.304904051,0.763898037
1.663113006,8.933901919,3.304904051,5.567544593,0.490405117,3.176972281,7.292110874,1.663113006,8.933901919,3.304904051,0.763898037,0.490405117
8.933901919,3.304904051,5.567544593,0.490405117,3.176972281,7.292110874,1.663113006,8.933901919,3.304904051,0.763898037,0.490405117,3.176972281
3.304904051,5.567544593,0.490405117,3.176972281,7.292110874,1.663113006,8.933901919,3.304904051,0.763898037,0.490405117,3.176972281,7.292110874
5.567544593,0.490405117,3.176972281,7.292110874,1.663113006,8.933901919,3.304904051,0.763898037,0.490405117,3.176972281,7.292110874,1.663113006
0.490405117,3.176972281,7.292110874,1.663113006,8.933901919,3.304904051,0.763898037,0.490405117,3.176972281,7.292110874,1.663113006,8.933901919
3.176972281,7.292110874,1.663113006,8.933901919,3.304904051,0.763898037,0.490405117,3.176972281,7.292110874,1.663113006,8.933901919,3.304904051
7.292110874,1.663113006,8.933901919,3.304904051,0.763898037,0.490405117,3.176972281,7.292110874,1.663113006,8.933901919,3.304904051,6.556341472
1.663113006,8.933901919,3.304904051,0.763898037,0.490405117,3.176972281,7.292110874,1.663113006,8.933901919,3.304904051,6.556341472,0.490405117
8.933901919,3.304904051,0.763898037,0.490405117,3.176972281,7.292110874,1.663113006,8.933901919,3.304904051,6.556341472,0.490405117,3.176972281
3.304904051,0.763898037,0.490405117,3.176972281,7.292110874,1.663113006,8.933901919,3.304904051,6.556341472,0.490405117,3.176972281,7.292110874
0.763898037,0.490405117,3.176972281,7.292110874,1.663113006,8.933901919,3.304904051,6.556341472,0.490405117,3.176972281,7.292110874,1.663113006
0.490405117,3.176972281,7.292110874,1.663113006,8.933901919,3.304904051,6.556341472,0.490405117,3.176972281,7.292110874,1.663113006,8.933901919
3.176972281,7.292110874,1.663113006,8.933901919,3.304904051,6.556341472,0.490405117,3.176972281,7.292110874,1.663113006,8.933901919,3.304904051
7.292110874,1.663113006,8.933901919,3.304904051,6.556341472,0.490405117,3.176972281,7.292110874,1.663113006,8.933901919,3.304904051,3.389332123
1.663113006,8.933901919,3.304904051,6.556341472,0.490405117,3.176972281,7.292110874,1.663113006,8.933901919,3.304904051,3.389332123,0.490405117
8.933901919,3.304904051,6.556341472,0.490405117,3.176972281,7.292110874,1.663113006,8.933901919,3.304904051,3.389332123,0.490405117,3.176972281
3.304904051,6.556341472,0.490405117,3.176972281,7.292110874,1.663113006,8.933901919,3.304904051,3.389332123,0.490405117,3.176972281,7.292110874
6.556341472,0.490405117,3.176972281,7.292110874,1.663113006,8.933901919,3.304904051,3.389332123,0.490405117,3.176972281,7.292110874,1.663113006
0.490405117,3.176972281,7.292110874,1.663113006,8.933901919,3.304904051,3.389332123,0.490405117,3.176972281,7.292110874,1.663113006,8.933901919
3.176972281,7.292110874,1.663113006,8.933901919,3.304904051,3.389332123,0.490405117,3.176972281,7.292110874,1.663113006,8.933901919,3.304904051
7.292110874,1.663113006,8.933901919,3.304904051,3.389332123,0.490405117,3.176972281,7.292110874,1.663113006,8.933901919,3.304904051,3.256950898
1.663113006,8.933901919,3.304904051,3.389332123,0.490405117,3.176972281,7.292110874,1.663113006,8.933901919,3.304904051,3.256950898,0.490405117
8.933901919,3.304904051,3.389332123,0.490405117,3.176972281,7.292110874,1.663113006,8.933901919,3.304904051,3.256950898,0.490405117,3.176972281
3.304904051,3.389332123,0.490405117,3.176972281,7.292110874,1.663113006,8.933901919,3.304904051,3.256950898,0.490405117,3.176972281,7.292110874
3.389332123,0.490405117,3.176972281,7.292110874,1.663113006,8.933901919,3.304904051,3.256950898,0.490405117,3.176972281,7.292110874,1.663113006
0.490405117,3.176972281,7.292110874,1.663113006,8.933901919,3.304904051,3.256950898,0.490405117,3.176972281,7.292110874,1.663113006,8.933901919
3.176972281,7.292110874,1.663113006,8.933901919,3.304904051,3.256950898,0.490405117,3.176972281,7.292110874,1.663113006,8.933901919,3.304904051
7.292110874,1.663113006,8.933901919,3.304904051,3.256950898,0.490405117,3.176972281,7.292110874,1.663113006,8.933901919,3.304904051,4.206960257
1.663113006,8.933901919,3.304904051,3.256950898,0.490405117,3.176972281,7.292110874,1.663113006,8.933901919,3.304904051,4.206960257,0.490405117
8.933901919,3.304904051,3.256950898,0.490405117,3.176972281,7.292110874,1.663113006,8.933901919,3.304904051,4.206960257,0.490405117,3.176972281
3.304904051,3.256950898,0.490405117,3.176972281,7.292110874,1.663113006,8.933901919,3.304904051,4.206960257,0.490405117,3.176972281,7.292110874
3.256950898,0.490405117,3.176972281,7.292110874,1.663113006,8.933901919,3.304904051,4.206960257,0.490405117,3.176972281,7.292110874,1.663113006
0.490405117,3.176972281,7.292110874,1.663113006,8.933901919,3.304904051,4.206960257,0.490405117,3.176972281,7.292110874,1.663113006,8.933901919
3.176972281,7.292110874,1.663113006,8.933901919,3.304904051,4.206960257,0.490405117,3.176972281,7.292110874,1.663113006,8.933901919,3.304904051
7.292110874,1.663113006,8.933901919,3.304904051,4.206960257,0.490405117,3.176972281,7.292110874,1.663113006,8.933901919,3.304904051,4.828408376
1.663113006,8.933901919,3.304904051,4.206960257,0.490405117,3.176972281,7.292110874,1.663113006,8.933901919,3.304904051,4.828408376,0.490405117
8.933901919,3.304904051,4.206960257,0.490405117,3.176972281,7.292110874,1.663113006,8.933901919,3.304904051,4.828408376,0.490405117,3.176972281
3.304904051,4.206960257,0.490405117,3.176972281,7.292110874,1.663113006,8.933901919,3.304904051,4.828408376,0.490405117,3.176972281,7.292110874
4.206960257,0.490405117,3.176972281,7.292110874,1.663113006,8.933901919,3.304904051,4.828408376,0.490405117,3.176972281,7.292110874,1.663113006
0.490405117,3.176972281,7.292110874,1.663113006,8.933901919,3.304904051,4.828408376,0.490405117,3.176972281,7.292110874,1.663113006,8.933901919
3.176972281,7.292110874,1.663113006,8.933901919,3.304904051,4.828408376,0.490405117,3.176972281,7.292110874,1.663113006,8.933901919,3.304904051
7.292110874,1.663113006,8.933901919,3.304904051,4.828408376,0.490405117,3.176972281,7.292110874,1.663113006,8.933901919,3.304904051,2.408200121
1.663113006,8.933901919,3.304904051,4.828408376,0.490405117,3.176972281,7.292110874,1.663113006,8.933901919,3.304904051,2.408200121,0.490405117
8.933901919,3.304904051,4.828408376,0.490405117,3.176972281,7.292110874,1.663113006,8.933901919,3.304904051,2.408200121,0.490405117,3.176972281
3.304904051,4.828408376,0.490405117,3.176972281,7.292110874,1.663113006,8.933901919,3.304904051,2.408200121,0.490405117,3.176972281,7.292110874
4.828408376,0.490405117,3.176972281,7.292110874,1.663113006,8.933901919,3.304904051,2.408200121,0.490405117,3.176972281,7.292110874,1.663113006
0.490405117,3.176972281,7.292110874,1.663113006,8.933901919,3.304904051,2.408200121,0.490405117,3.176972281,7.292110874,1.663113006,8.933901919
3.176972281,7.292110874,1.663113006,8.933901919,3.304904051,2.408200121,0.490405117,3.176972281,7.292110874,1.663113006,8.933901919,3.304904051
7.292110874,1.663113006,8.933901919,3.304904051,2.408200121,0.490405117,3.176972281,7.292110874,1.663113006,8.933901919,3.304904051,3.579230926
1.663113006,8.933901919,3.304904051,2.408200121,0.490405117,3.176972281,7.292110874,1.663113006,8.933901919,3.304904051,3.579230926,0.490405117
8.933901919,3.304904051,2.408200121,0.490405117,3.176972281,7.292110874,1.663113006,8.933901919,3.304904051,3.579230926,0.490405117,3.176972281
3.304904051,2.408200121,0.490405117,3.176972281,7.292110874,1.663113006,8.933901919,3.304904051,3.579230926,0.490405117,3.176972281,7.292110874
2.408200121,0.490405117,3.176972281,7.292110874,1.663113006,8.933901919,3.304904051,3.579230926,0.490405117,3.176972281,7.292110874,1.663113006
0.490405117,3.176972281,7.292110874,1.663113006,8.933901919,3.304904051,3.579230926,0.490405117,3.176972281,7.292110874,1.663113006,8.933901919
3.176972281,7.292110874,1.663113006,8.933901919,3.304904051,3.579230926,0.490405117,3.176972281,7.292110874,1.663113006,8.933901919,3.304904051
7.292110874,1.663113006,8.933901919,3.304904051,3.579230926,0.490405117,3.176972281,7.292110874,1.663113006,8.933901919,3.304904051,3.719736478
1.663113006,8.933901919,3.304904051,3.579230926,0.490405117,3.176972281,7.292110874,1.663113006,8.933901919,3.304904051,3.719736478,0.490405117
8.933901919,3.304904051,3.579230926,0.490405117,3.176972281,7.292110874,1.663113006,8.933901919,3.304904051,3.719736478,0.490405117,3.176972281
3.304904051,3.579230926,0.490405117,3.176972281,7.292110874,1.663113006,8.933901919,3.304904051,3.719736478,0.490405117,3.176972281,7.292110874
3.579230926,0.490405117,3.176972281,7.292110874,1.663113006,8.933901919,3.304904051,3.719736478,0.490405117,3.176972281,7.292110874,1.663113006
0.490405117,3.176972281,7.292110874,1.663113006,8.933901919,3.304904051,3.719736478,0.490405117,3.176972281,7.292110874,1.663113006,8.933901919
3.176972281,7.292110874,1.663113006,8.933901919,3.304904051,3.719736478,0.490405117,3.176972281,7.292110874,1.663113006,8.933901919,3.304904051
7.292110874,1.663113006,8.933901919,3.304904051,3.719736478,0.490405117,3.176972281,7.292110874,1.663113006,8.933901919,3.304904051,3.913414942
1.663113006,8.933901919,3.304904051,3.719736478,0.490405117,3.176972281,7.292110874,1.663113006,8.933901919,3.304904051,3.913414942,0.490405117
8.933901919,3.304904051,3.719736478,0.490405117,3.176972281,7.292110874,1.663113006,8.933901919,3.304904051,3.913414942,0.490405117,3.176972281
3.304904051,3.719736478,0.490405117,3.176972281,7.292110874,1.663113006,8.933901919,3.304904051,3.913414942,0.490405117,3.176972281,7.292110874
3.719736478,0.490405117,3.176972281,7.292110874,1.663113006,8.933901919,3.304904051,3.913414942,0.490405117,3.176972281,7.292110874,1.663113006
0.490405117,3.176972281,7.292110874,1.663113006,8.933901919,3.304904051,3.913414942,0.490405117,3.176972281,7.292110874,1.663113006,8.933901919
3.176972281,7.292110874,1.663113006,8.933901919,3.304904051,3.913414942,0.490405117,3.176972281,7.292110874,1.663113006,8.933901919,3.304904051
7.292110874,1.663113006,8.933901919,3.304904051,3.913414942,0.490405117,3.176972281,7.292110874,1.663113006,8.933901919,3.304904051,1.396160965
1.663113006,8.933901919,3.304904051,3.913414942,0.490405117,3.176972281,7.292110874,1.663113006,8.933901919,3.304904051,1.396160965,0.490405117
8.933901919,3.304904051,3.913414942,0.490405117,3.176972281,7.292110874,1.663113006,8.933901919,3.304904051,1.396160965,0.490405117,3.176972281
3.304904051,3.913414942,0.490405117,3.176972281,7.292110874,1.663113006,8.933901919,3.304904051,1.396160965,0.490405117,3.176972281,7.292110874
3.913414942,0.490405117,3.176972281,7.292110874,1.663113006,8.933901919,3.304904051,1.396160965,0.490405117,3.176972281,7.292110874,1.663113006
0.490405117,3.176972281,7.292110874,1.663113006,8.933901919,3.304904051,1.396160965,0.490405117,3.176972281,7.292110874,1.663113006,8.933901919
3.176972281,7.292110874,1.663113006,8.933901919,3.304904051,1.396160965,0.490405117,3.176972281,7.292110874,1.663113006,8.933901919,3.304904051
7.292110874,1.663113006,8.933901919,3.304904051,1.396160965,0.490405117,3.176972281,7.292110874,1.663113006,8.933901919,3.304904051,2.652376602
1.663113006,8.933901919,3.304904051,1.396160965,0.490405117,3.176972281,7.292110874,1.663113006,8.933901919,3.304904051,2.652376602,0.490405117
8.933901919,3.304904051,1.396160965,0.490405117,3.176972281,7.292110874,1.663113006,8.933901919,3.304904051,2.652376602,0.490405117,3.176972281
3.304904051,1.396160965,0.490405117,3.176972281,7.292110874,1.663113006,8.933901919,3.304904051,2.652376602,0.490405117,3.176972281,7.292110874
1.396160965,0.490405117,3.176972281,7.292110874,1.663113006,8.933901919,3.304904051,2.652376602,0.490405117,3.176972281,7.292110874,1.663113006
0.490405117,3.176972281,7.292110874,1.663113006,8.933901919,3.304904051,2.652376602,0.490405117,3.176972281,7.292110874,1.663113006,8.933901919
3.176972281,7.292110874,1.663113006,8.933901919,3.304904051,2.652376602,0.490405117,3.176972281,7.292110874,1.663113006,8.933901919,3.304904051
7.292110874,1.663113006,8.933901919,3.304904051,2.652376602,0.490405117,3.176972281,7.292110874,1.663113006,8.933901919,3.304904051,1.066707541
1.663113006,8.933901919,3.304904051,2.652376602,0.490405117,3.176972281,7.292110874,1.663113006,8.933901919,3.304904051,1.066707541,0.490405117
8.933901919,3.304904051,2.652376602,0.490405117,3.176972281,7.292110874,1.663113006,8.933901919,3.304904051,1.066707541,0.490405117,3.176972281
3.304904051,2.652376602,0.490405117,3.176972281,7.292110874,1.663113006,8.933901919,3.304904051,1.066707541,0.490405117,3.176972281,7.292110874
2.652376602,0.490405117,3.176972281,7.292110874,1.663113006,8.933901919,3.304904051,1.066707541,0.490405117,3.176972281,7.292110874,1.663113006
0.490405117,3.176972281,7.292110874,1.663113006,8.933901919,3.304904051,1.066707541,0.490405117,3.176972281,7.292110874,1.663113006,8.933901919
3.176972281,7.292110874,1.663113006,8.933901919,3.304904051,1.066707541,0.490405117,3.176972281,7.292110874,1.663113006,8.933901919,3.304904051
7.292110874,1.663113006,8.933901919,3.304904051,1.066707541,0.490405117,3.176972281,7.292110874,1.663113006,8.933901919,3.304904051,5.845811588
1.663113006,8.933901919,3.304904051,1.066707541,0.490405117,3.176972281,7.292110874,1.663113006,8.933901919,3.304904051,5.845811588,0.490405117
8.933901919,3.304904051,1.066707541,0.490405117,3.176972281,7.292110874,1.663113006,8.933901919,3.304904051,5.845811588,0.490405117,3.176972281
3.304904051,1.066707541,0.490405117,3.176972281,7.292110874,1.663113006,8.933901919,3.304904051,5.845811588,0.490405117,3.176972281,7.292110874
1.066707541,0.490405117,3.176972281,7.292110874,1.663113006,8.933901919,3.304904051,5.845811588,0.490405117,3.176972281,7.292110874,1.663113006
0.490405117,3.176972281,7.292110874,1.663113006,8.933901919,3.304904051,5.845811588,0.490405117,3.176972281,7.292110874,1.663113006,8.933901919
3.176972281,7.292110874,1.663113006,8.933901919,3.304904051,5.845811588,0.490405117,3.176972281,7.292110874,1.663113006,8.933901919,3.304904051
7.292110874,1.663113006,8.933901919,3.304904051,5.845811588,0.490405117,3.176972281,7.292110874,1.663113006,8.933901919,3.304904051,7.437134287
1.663113006,8.933901919,3.304904051,5.845811588,0.490405117,3.176972281,7.292110874,1.663113006,8.933901919,3.304904051,7.437134287,0.490405117
8.933901919,3.304904051,5.845811588,0.490405117,3.176972281,7.292110874,1.663113006,8.933901919,3.304904051,7.437134287,0.490405117,3.176972281
3.304904051,5.845811588,0.490405117,3.176972281,7.292110874,1.663113006,8.933901919,3.304904051,7.437134287,0.490405117,3.176972281,7.292110874
5.845811588,0.490405117,3.176972281,7.292110874,1.663113006,8.933901919,3.304904051,7.437134287,0.490405117,3.176972281,7.292110874,1.663113006
0.490405117,3.176972281,7.292110874,1.663113006,8.933901919,3.304904051,7.437134287,0.490405117,3.176972281,7.292110874,1.663113006,8.933901919
3.176972281,7.292110874,1.663113006,8.933901919,3.304904051,7.437134287,0.490405117,3.176972281,7.292110874,1.663113006,8.933901919,3.304904051
7.292110874,1.663113006,8.933901919,3.304904051,7.437134287,0.490405117,3.176972281,7.292110874,1.663113006,8.933901919,3.304904051,7.289433676
1.663113006,8.933901919,3.304904051,7.437134287,0.490405117,3.176972281,7.292110874,1.663113006,8.933901919,3.304904051,7.289433676,0.490405117
8.933901919,3.304904051,7.437134287,0.490405117,3.176972281,7.292110874,1.663113006,8.933901919,3.304904051,7.289433676,0.490405117,3.176972281
3.304904051,7.437134287,0.490405117,3.176972281,7.292110874,1.663113006,8.933901919,3.304904051,7.289433676,0.490405117,3.176972281,7.292110874
7.437134287,0.490405117,3.176972281,7.292110874,1.663113006,8.933901919,3.304904051,7.289433676,0.490405117,3.176972281,7.292110874,1.663113006
0.490405117,3.176972281,7.292110874,1.663113006,8.933901919,3.304904051,7.289433676,0.490405117,3.176972281,7.292110874,1.663113006,8.933901919
3.176972281,7.292110874,1.663113006,8.933901919,3.304904051,7.289433676,0.490405117,3.176972281,7.292110874,1.663113006,8.933901919,3.304904051
7.292110874,1.663113006,8.933901919,3.304904051,7.289433676,0.490405117,3.176972281,7.292110874,1.663113006,8.933901919,3.304904051,7.828016904
1.663113006,8.933901919,3.304904051,7.289433676,0.490405117,3.176972281,7.292110874,1.663113006,8.933901919,3.304904051,7.828016904,0.490405117
8.933901919,3.304904051,7.289433676,0.490405117,3.176972281,7.292110874,1.663113006,8.933901919,3.304904051,7.828016904,0.490405117,3.176972281
3.304904051,7.289433676,0.490405117,3.176972281,7.292110874,1.663113006,8.933901919,3.304904051,7.828016904,0.490405117,3.176972281,7.292110874
7.289433676,0.490405117,3.176972281,7.292110874,1.663113006,8.933901919,3.304904051,7.828016904,0.490405117,3.176972281,7.292110874,1.663113006
0.490405117,3.176972281,7.292110874,1.663113006,8.933901919,3.304904051,7.828016904,0.490405117,3.176972281,7.292110874,1.663113006,8.933901919
3.176972281,7.292110874,1.663113006,8.933901919,3.304904051,7.828016904,0.490405117,3.176972281,7.292110874,1.663113006,8.933901919,3.304904051
7.292110874,1.663113006,8.933901919,3.304904051,7.828016904,0.490405117,3.176972281,7.292110874,1.663113006,8.933901919,3.304904051,4.478545861
1.663113006,8.933901919,3.304904051,7.828016904,0.490405117,3.176972281,7.292110874,1.663113006,8.933901919,3.304904051,4.478545861,0.490405117
8.933901919,3.304904051,7.828016904,0.490405117,3.176972281,7.292110874,1.663113006,8.933901919,3.304904051,4.478545861,0.490405117,3.176972281
3.304904051,7.828016904,0.490405117,3.176972281,7.292110874,1.663113006,8.933901919,3.304904051,4.478545861,0.490405117,3.176972281,7.292110874
7.828016904,0.490405117,3.176972281,7.292110874,1.663113006,8.933901919,3.304904051,4.478545861,0.490405117,3.176972281,7.292110874,1.663113006
0.490405117,3.176972281,7.292110874,1.663113006,8.933901919,3.304904051,4.478545861,0.490405117,3.176972281,7.292110874,1.663113006,8.933901919
3.176972281,7.292110874,1.663113006,8.933901919,3.304904051,4.478545861,0.490405117,3.176972281,7.292110874,1.663113006,8.933901919,3.304904051
7.292110874,1.663113006,8.933901919,3.304904051,4.478545861,0.490405117,3.176972281,7.292110874,1.663113006,8.933901919,3.304904051,8.411158737
1.663113006,8.933901919,3.304904051,4.478545861,0.490405117,3.176972281,7.292110874,1.663113006,8.933901919,3.304904051,8.411158737,0.490405117
8.933901919,3.304904051,4.478545861,0.490405117,3.176972281,7.292110874,1.663113006,8.933901919,3.304904051,8.411158737,0.490405117,3.176972281
3.304904051,4.478545861,0.490405117,3.176972281,7.292110874,1.663113006,8.933901919,3.304904051,8.411158737,0.490405117,3.176972281,7.292110874
4.478545861,0.490405117,3.176972281,7.292110874,1.663113006,8.933901919,3.304904051,8.411158737,0.490405117,3.176972281,7.292110874,1.663113006
0.490405117,3.176972281,7.292110874,1.663113006,8.933901919,3.304904051,8.411158737,0.490405117,3.176972281,7.292110874,1.663113006,8.933901919
3.176972281,7.292110874,1.663113006,8.933901919,3.304904051,8.411158737,0.490405117,3.176972281,7.292110874,1.663113006,8.933901919,3.304904051
7.292110874,1.663113006,8.933901919,3.304904051,8.411158737,0.490405117,3.176972281,7.292110874,1.663113006,8.933901919,3.304904051,6.039983813
1.663113006,8.933901919,3.304904051,8.411158737,0.490405117,3.176972281,7.292110874,1.663113006,8.933901919,3.304904051,6.039983813,0.490405117
8.933901919,3.304904051,8.411158737,0.490405117,3.176972281,7.292110874,1.663113006,8.933901919,3.304904051,6.039983813,0.490405117,3.176972281
3.304904051,8.411158737,0.490405117,3.176972281,7.292110874,1.663113006,8.933901919,3.304904051,6.039983813,0.490405117,3.176972281,7.292110874
8.411158737,0.490405117,3.176972281,7.292110874,1.663113006,8.933901919,3.304904051,6.039983813,0.490405117,3.176972281,7.292110874,1.663113006
0.490405117,3.176972281,7.292110874,1.663113006,8.933901919,3.304904051,6.039983813,0.490405117,3.176972281,7.292110874,1.663113006,8.933901919
3.176972281,7.292110874,1.663113006,8.933901919,3.304904051,6.039983813,0.490405117,3.176972281,7.292110874,1.663113006,8.933901919,3.304904051
7.292110874,1.663113006,8.933901919,3.304904051,6.039983813,0.490405117,3.176972281,7.292110874,1.663113006,8.933901919,3.304904051,4.711053915
1.663113006,8.933901919,3.304904051,6.039983813,0.490405117,3.176972281,7.292110874,1.663113006,8.933901919,3.304904051,4.711053915,0.490405117
8.933901919,3.304904051,6.039983813,0.490405117,3.176972281,7.292110874,1.663113006,8.933901919,3.304904051,4.711053915,0.490405117,3.176972281
3.304904051,6.039983813,0.490405117,3.176972281,7.292110874,1.663113006,8.933901919,3.304904051,4.711053915,0.490405117,3.176972281,7.292110874
6.039983813,0.490405117,3.176972281,7.292110874,1.663113006,8.933901919,3.304904051,4.711053915,0.490405117,3.176972281,7.292110874,1.663113006
0.490405117,3.176972281,7.292110874,1.663113006,8.933901919,3.304904051,4.711053915,0.490405117,3.176972281,7.292110874,1.663113006,8.933901919
3.176972281,7.292110874,1.663113006,8.933901919,3.304904051,4.711053915,0.490405117,3.176972281,7.292110874,1.663113006,8.933901919,3.304904051
7.292110874,1.663113006,8.933901919,3.304904051,4.711053915,0.490405117,3.176972281,7.292110874,1.663113006,8.933901919,3.304904051,2.519269664
1.663113006,8.933901919,3.304904051,4.711053915,0.490405117,3.176972281,7.292110874,1.663113006,8.933901919,3.304904051,2.519269664,0.490405117
8.933901919,3.304904051,4.711053915,0.490405117,3.176972281,7.292110874,1.663113006,8.933901919,3.304904051,2.519269664,0.490405117,3.176972281
3.304904051,4.711053915,0.490405117,3.176972281,7.292110874,1.663113006,8.933901919,3.304904051,2.519269664,0.490405117,3.176972281,7.292110874
4.711053915,0.490405117,3.176972281,7.292110874,1.663113006,8.933901919,3.304904051,2.519269664,0.490405117,3.176972281,7.292110874,1.663113006
0.490405117,3.176972281,7.292110874,1.663113006,8.933901919,3.304904051,2.519269664,0.490405117,3.176972281,7.292110874,1.663113006,8.933901919
3.176972281,7.292110874,1.663113006,8.933901919,3.304904051,2.519269664,0.490405117,3.176972281,7.292110874,1.663113006,8.933901919,3.304904051
7.292110874,1.663113006,8.933901919,3.304904051,2.519269664,0.490405117,3.176972281,7.292110874,1.663113006,8.933901919,3.304904051,8.561387779
1.663113006,8.933901919,3.304904051,2.519269664,0.490405117,3.176972281,7.292110874,1.663113006,8.933901919,3.304904051,8.561387779,0.490405117
8.933901919,3.304904051,2.519269664,0.490405117,3.176972281,7.292110874,1.663113006,8.933901919,3.304904051,8.561387779,0.490405117,3.176972281
3.304904051,2.519269664,0.490405117,3.176972281,7.292110874,1.663113006,8.933901919,3.304904051,8.561387779,0.490405117,3.176972281,7.292110874
2.519269664,0.490405117,3.176972281,7.292110874,1.663113006,8.933901919,3.304904051,8.561387779,0.490405117,3.176972281,7.292110874,1.663113006
0.490405117,3.176972281,7.292110874,1.663113006,8.933901919,3.304904051,8.561387779,0.490405117,3.176972281,7.292110874,1.663113006,8.933901919
3.176972281,7.292110874,1.663113006,8.933901919,3.304904051,8.561387779,0.490405117,3.176972281,7.292110874,1.663113006,8.933901919,3.304904051
7.292110874,1.663113006,8.933901919,3.304904051,8.561387779,0.490405117,3.176972281,7.292110874,1.663113006,8.933901919,3.304904051,4.184169485
1.663113006,8.933901919,3.304904051,8.561387779,0.490405117,3.176972281,7.292110874,1.663113006,8.933901919,3.304904051,4.184169485,0.490405117
8.933901919,3.304904051,8.561387779,0.490405117,3.176972281,7.292110874,1.663113006,8.933901919,3.304904051,4.184169485,0.490405117,3.176972281
3.304904051,8.561387779,0.490405117,3.176972281,7.292110874,1.663113006,8.933901919,3.304904051,4.184169485,0.490405117,3.176972281,7.292110874
8.561387779,0.490405117,3.176972281,7.292110874,1.663113006,8.933901919,3.304904051,4.184169485,0.490405117,3.176972281,7.292110874,1.663113006
0.490405117,3.176972281,7.292110874,1.663113006,8.933901919,3.304904051,4.184169485,0.490405117,3.176972281,7.292110874,1.663113006,8.933901919
3.176972281,7.292110874,1.663113006,8.933901919,3.304904051,4.184169485,0.490405117,3.176972281,7.292110874,1.663113006,8.933901919,3.304904051
7.292110874,1.663113006,8.933901919,3.304904051,4.184169485,0.490405117,3.176972281,7.292110874,1.663113006,8.933901919,3.304904051,1.762679269
1.663113006,8.933901919,3.304904051,4.184169485,0.490405117,3.176972281,7.292110874,1.663113006,8.933901919,3.304904051,1.762679269,0.490405117
8.933901919,3.304904051,4.184169485,0.490405117,3.176972281,7.292110874,1.663113006,8.933901919,3.304904051,1.762679269,0.490405117,3.176972281
3.304904051,4.184169485,0.490405117,3.176972281,7.292110874,1.663113006,8.933901919,3.304904051,1.762679269,0.490405117,3.176972281,7.292110874
4.184169485,0.490405117,3.176972281,7.292110874,1.663113006,8.933901919,3.304904051,1.762679269,0.490405117,3.176972281,7.292110874,1.663113006
0.490405117,3.176972281,7.292110874,1.663113006,8.933901919,3.304904051,1.762679269,0.490405117,3.176972281,7.292110874,1.663113006,8.933901919
3.176972281,7.292110874,1.663113006,8.933901919,3.304904051,1.762679269,0.490405117,3.176972281,7.292110874,1.663113006,8.933901919,3.304904051
7.292110874,1.663113006,8.933901919,3.304904051,1.762679269,0.490405117,3.176972281,7.292110874,1.663113006,8.933901919,3.304904051,5.187844371
1.663113006,8.933901919,3.304904051,1.762679269,0.490405117,3.176972281,7.292110874,1.663113006,8.933901919,3.304904051,5.187844371,0.490405117
8.933901919,3.304904051,1.762679269,0.490405117,3.176972281,7.292110874,1.663113006,8.933901919,3.304904051,5.187844371,0.490405117,3.176972281
3.304904051,1.762679269,0.490405117,3.176972281,7.292110874,1.663113006,8.933901919,3.304904051,5.187844371,0.490405117,3.176972281,7.292110874
1.762679269,0.490405117,3.176972281,7.292110874,1.663113006,8.933901919,3.304904051,5.187844371,0.490405117,3.176972281,7.292110874,1.663113006
0.490405117,3.176972281,7.292110874,1.663113006,8.933901919,3.304904051,5.187844371,0.490405117,3.176972281,7.292110874,1.663113006,8.933901919
3.176972281,7.292110874,1.663113006,8.933901919,3.304904051,5.187844371,0.490405117,3.176972281,7.292110874,1.663113006,8.933901919,3.304904051
7.292110874,1.663113006,8.933901919,3.304904051,5.187844371,0.490405117,3.176972281,7.292110874,1.663113006,8.933901919,3.304904051,6.84608846
1.663113006,8.933901919,3.304904051,5.187844371,0.490405117,3.176972281,7.292110874,1.663113006,8.933901919,3.304904051,6.84608846,0.490405117
8.933901919,3.304904051,5.187844371,0.490405117,3.176972281,7.292110874,1.663113006,8.933901919,3.304904051,6.84608846,0.490405117,3.176972281
3.304904051,5.187844371,0.490405117,3.176972281,7.292110874,1.663113006,8.933901919,3.304904051,6.84608846,0.490405117,3.176972281,7.292110874
5.187844371,0.490405117,3.176972281,7.292110874,1.663113006,8.933901919,3.304904051,6.84608846,0.490405117,3.176972281,7.292110874,1.663113006
0.490405117,3.176972281,7.292110874,1.663113006,8.933901919,3.304904051,6.84608846,0.490405117,3.176972281,7.292110874,1.663113006,8.933901919
3.176972281,7.292110874,1.663113006,8.933901919,3.304904051,6.84608846,0.490405117,3.176972281,7.292110874,1.663113006,8.933901919,3.304904051
7.292110874,1.663113006,8.933901919,3.304904051,6.84608846,0.490405117,3.176972281,7.292110874,1.663113006,8.933901919,3.304904051,8.783299145
1.663113006,8.933901919,3.304904051,6.84608846,0.490405117,3.176972281,7.292110874,1.663113006,8.933901919,3.304904051,8.783299145,0.490405117
8.933901919,3.304904051,6.84608846,0.490405117,3.176972281,7.292110874,1.663113006,8.933901919,3.304904051,8.783299145,0.490405117,3.176972281
3.304904051,6.84608846,0.490405117,3.176972281,7.292110874,1.663113006,8.933901919,3.304904051,8.783299145,0.490405117,3.176972281,7.292110874
6.84608846,0.490405117,3.176972281,7.292110874,1.663113006,8.933901919,3.304904051,8.783299145,0.490405117,3.176972281,7.292110874,1.663113006
0.490405117,3.176972281,7.292110874,1.663113006,8.933901919,3.304904051,8.783299145,0.490405117,3.176972281,7.292110874,1.663113006,8.933901919
3.176972281,7.292110874,1.663113006,8.933901919,3.304904051,8.783299145,0.490405117,3.176972281,7.292110874,1.663113006,8.933901919,3.304904051
7.292110874,1.663113006,8.933901919,3.304904051,8.783299145,0.490405117,3.176972281,7.292110874,1.663113006,8.933901919,3.304904051,2.447968306
1.663113006,8.933901919,3.304904051,8.783299145,0.490405117,3.176972281,7.292110874,1.663113006,8.933901919,3.304904051,2.447968306,0.490405117
8.933901919,3.304904051,8.783299145,0.490405117,3.176972281,7.292110874,1.663113006,8.933901919,3.304904051,2.447968306,0.490405117,3.176972281
3.304904051,8.783299145,0.490405117,3.176972281,7.292110874,1.663113006,8.933901919,3.304904051,2.447968306,0.490405117,3.176972281,7.292110874
8.783299145,0.490405117,3.176972281,7.292110874,1.663113006,8.933901919,3.304904051,2.447968306,0.490405117,3.176972281,7.292110874,1.663113006
0.490405117,3.176972281,7.292110874,1.663113006,8.933901919,3.304904051,2.447968306,0.490405117,3.176972281,7.292110874,1.663113006,8.933901919
3.176972281,7.292110874,1.663113006,8.933901919,3.304904051,2.447968306,0.490405117,3.176972281,7.292110874,1.663113006,8.933901919,3.304904051
7.292110874,1.663113006,8.933901919,3.304904051,2.447968306,0.490405117,3.176972281,7.292110874,1.663113006,8.933901919,3.304904051,0.857876681
1.663113006,8.933901919,3.304904051,2.447968306,0.490405117,3.176972281,7.292110874,1.663113006,8.933901919,3.304904051,0.857876681,0.490405117
8.933901919,3.304904051,2.447968306,0.490405117,3.176972281,7.292110874,1.663113006,8.933901919,3.304904051,0.857876681,0.490405117,3.176972281
3.304904051,2.447968306,0.490405117,3.176972281,7.292110874,1.663113006,8.933901919,3.304904051,0.857876681,0.490405117,3.176972281,7.292110874
2.447968306,0.490405117,3.176972281,7.292110874,1.663113006,8.933901919,3.304904051,0.857876681,0.490405117,3.176972281,7.292110874,1.663113006
0.490405117,3.176972281,7.292110874,1.663113006,8.933901919,3.304904051,0.857876681,0.490405117,3.176972281,7.292110874,1.663113006,8.933901919
3.176972281,7.292110874,1.663113006,8.933901919,3.304904051,0.857876681,0.490405117,3.176972281,7.292110874,1.663113006,8.933901919,3.304904051
7.292110874,1.663113006,8.933901919,3.304904051,0.857876681,0.490405117,3.176972281,7.292110874,1.663113006,8.933901919,3.304904051,4.607079459
1.663113006,8.933901919,3.304904051,0.857876681,0.490405117,3.176972281,7.292110874,1.663113006,8.933901919,3.304904051,4.607079459,0.490405117
8.933901919,3.304904051,0.857876681,0.490405117,3.176972281,7.292110874,1.663113006,8.933901919,3.304904051,4.607079459,0.490405117,3.176972281
3.304904051,0.857876681,0.490405117,3.176972281,7.292110874,1.663113006,8.933901919,3.304904051,4.607079459,0.490405117,3.176972281,7.292110874
0.857876681,0.490405117,3.176972281,7.292110874,1.663113006,8.933901919,3.304904051,4.607079459,0.490405117,3.176972281,7.292110874,1.663113006
0.490405117,3.176972281,7.292110874,1.663113006,8.933901919,3.304904051,4.607079459,0.490405117,3.176972281,7.292110874,1.663113006,8.933901919
3.176972281,7.292110874,1.663113006,8.933901919,3.304904051,4.607079459,0.490405117,3.176972281,7.292110874,1.663113006,8.933901919,3.304904051
7.292110874,1.663113006,8.933901919,3.304904051,4.607079459,0.490405117,3.176972281,7.292110874,1.663113006,8.933901919,3.304904051,1.292410608
1.663113006,8.933901919,3.304904051,4.607079459,0.490405117,3.176972281,7.292110874,1.663113006,8.933901919,3.304904051,1.292410608,0.490405117
8.933901919,3.304904051,4.607079459,0.490405117,3.176972281,7.292110874,1.663113006,8.933901919,3.304904051,1.292410608,0.490405117,3.176972281
3.304904051,4.607079459,0.490405117,3.176972281,7.292110874,1.663113006,8.933901919,3.304904051,1.292410608,0.490405117,3.176972281,7.292110874
4.607079459,0.490405117,3.176972281,7.292110874,1.663113006,8.933901919,3.304904051,1.292410608,0.490405117,3.176972281,7.292110874,1.663113006
0.490405117,3.176972281,7.292110874,1.663113006,8.933901919,3.304904051,1.292410608,0.490405117,3.176972281,7.292110874,1.663113006,8.933901919
3.176972281,7.292110874,1.663113006,8.933901919,3.304904051,1.292410608,0.490405117,3.176972281,7.292110874,1.663113006,8.933901919,3.304904051
7.292110874,1.663113006,8.933901919,3.304904051,1.292410608,0.490405117,3.176972281,7.292110874,1.663113006,8.933901919,3.304904051,1.2050981
1.663113006,8.933901919,3.304904051,1.292410608,0.490405117,3.176972281,7.292110874,1.663113006,8.933901919,3.304904051,1.2050981,0.490405117
8.933901919,3.304904051,1.292410608,0.490405117,3.176972281,7.292110874,1.663113006,8.933901919,3.304904051,1.2050981,0.490405117,3.176972281
3.304904051,1.292410608,0.490405117,3.176972281,7.292110874,1.663113006,8.933901919,3.304904051,1.2050981,0.490405117,3.176972281,7.292110874
1.292410608,0.490405117,3.176972281,7.292110874,1.663113006,8.933901919,3.304904051,1.2050981,0.490405117,3.176972281,7.292110874,1.663113006
0.490405117,3.176972281,7.292110874,1.663113006,8.933901919,3.304904051,1.2050981,0.490405117,3.176972281,7.292110874,1.663113006,8.933901919
3.176972281,7.292110874,1.663113006,8.933901919,3.304904051,1.2050981,0.490405117,3.176972281,7.292110874,1.663113006,8.933901919,3.304904051
7.292110874,1.663113006,8.933901919,3.304904051,1.2050981,0.490405117,3.176972281,7.292110874,1.663113006,8.933901919,3.304904051,4.082517946
1.663113006,8.933901919,3.304904051,1.2050981,0.490405117,3.176972281,7.292110874,1.663113006,8.933901919,3.304904051,4.082517946,0.490405117
8.933901919,3.304904051,1.2050981,0.490405117,3.176972281,7.292110874,1.663113006,8.933901919,3.304904051,4.082517946,0.490405117,3.176972281
3.304904051,1.2050981,0.490405117,3.176972281,7.292110874,1.663113006,8.933901919,3.304904051,4.082517946,0.490405117,3.176972281,7.292110874
1.2050981,0.490405117,3.176972281,7.292110874,1.663113006,8.933901919,3.304904051,4.082517946,0.490405117,3.176972281,7.292110874,1.663113006
0.490405117,3.176972281,7.292110874,1.663113006,8.933901919,3.304904051,4.082517946,0.490405117,3.176972281,7.292110874,1.663113006,8.933901919
3.176972281,7.292110874,1.663113006,8.933901919,3.304904051,4.082517946,0.490405117,3.176972281,7.292110874,1.663113006,8.933901919,3.304904051
7.292110874,1.663113006,8.933901919,3.304904051,4.082517946,0.490405117,3.176972281,7.292110874,1.663113006,8.933901919,3.304904051,8.416603301
1.663113006,8.933901919,3.304904051,4.082517946,0.490405117,3.176972281,7.292110874,1.663113006,8.933901919,3.304904051,8.416603301,0.490405117
8.933901919,3.304904051,4.082517946,0.490405117,3.176972281,7.292110874,1.663113006,8.933901919,3.304904051,8.416603301,0.490405117,3.176972281
3.304904051,4.082517946,0.490405117,3.176972281,7.292110874,1.663113006,8.933901919,3.304904051,8.416603301,0.490405117,3.176972281,7.292110874
4.082517946,0.490405117,3.176972281,7.292110874,1.663113006,8.933901919,3.304904051,8.416603301,0.490405117,3.176972281,7.292110874,1.663113006
0.490405117,3.176972281,7.292110874,1.663113006,8.933901919,3.304904051,8.416603301,0.490405117,3.176972281,7.292110874,1.663113006,8.933901919
3.176972281,7.292110874,1.663113006,8.933901919,3.304904051,8.416603301,0.490405117,3.176972281,7.292110874,1.663113006,8.933901919,3.304904051
7.292110874,1.663113006,8.933901919,3.304904051,8.416603301,0.490405117,3.176972281,7.292110874,1.663113006,8.933901919,3.304904051,8.347598576
1.663113006,8.933901919,3.304904051,8.416603301,0.490405117,3.176972281,7.292110874,1.663113006,8.933901919,3.304904051,8.347598576,0.490405117
8.933901919,3.304904051,8.416603301,0.490405117,3.176972281,7.292110874,1.663113006,8.933901919,3.304904051,8.347598576,0.490405117,3.176972281
3.304904051,8.416603301,0.490405117,3.176972281,7.292110874,1.663113006,8.933901919,3.304904051,8.347598576,0.490405117,3.176972281,7.292110874
8.416603301,0.490405117,3.176972281,7.292110874,1.663113006,8.933901919,3.304904051,8.347598576,0.490405117,3.176972281,7.292110874,1.663113006
0.490405117,3.176972281,7.292110874,1.663113006,8.933901919,3.304904051,8.347598576,0.490405117,3.176972281,7.292110874,1.663113006,8.933901919
3.176972281,7.292110874,1.663113006,8.933901919,3.304904051,8.347598576,0.490405117,3.176972281,7.292110874,1.663113006,8.933901919,3.304904051
7.292110874,1.663113006,8.933901919,3.304904051,8.347598576,0.490405117,3.176972281,7.292110874,1.663113006,8.933901919,3.304904051,4.561847876
1.663113006,8.933901919,3.304904051,8.347598576,0.490405117,3.176972281,7.292110874,1.663113006,8.933901919,3.304904051,4.561847876,0.490405117
8.933901919,3.304904051,8.347598576,0.490405117,3.176972281,7.292110874,1.663113006,8.933901919,3.304904051,4.561847876,0.490405117,3.176972281
3.304904051,8.347598576,0.490405117,3.176972281,7.292110874,1.663113006,8.933901919,3.304904051,4.561847876,0.490405117,3.176972281,7.292110874
8.347598576,0.490405117,3.176972281,7.292110874,1.663113006,8.933901919,3.304904051,4.561847876,0.490405117,3.176972281,7.292110874,1.663113006
0.490405117,3.176972281,7.292110874,1.663113006,8.933901919,3.304904051,4.561847876,0.490405117,3.176972281,7.292110874,1.663113006,8.933901919
3.176972281,7.292110874,1.663113006,8.933901919,3.304904051,4.561847876,0.490405117,3.176972281,7.292110874,1.663113006,8.933901919,3.304904051
7.292110874,1.663113006,8.933901919,3.304904051,4.561847876,0.490405117,3.176972281,7.292110874,1.663113006,8.933901919,3.304904051,6.281150848
1.663113006,8.933901919,3.304904051,4.561847876,0.490405117,3.176972281,7.292110874,1.663113006,8.933901919,3.304904051,6.281150848,0.490405117
8.933901919,3.304904051,4.561847876,0.490405117,3.176972281,7.292110874,1.663113006,8.933901919,3.304904051,6.281150848,0.490405117,3.176972281
3.304904051,4.561847876,0.490405117,3.176972281,7.292110874,1.663113006,8.933901919,3.304904051,6.281150848,0.490405117,3.176972281,7.292110874
4.561847876,0.490405117,3.176972281,7.292110874,1.663113006,8.933901919,3.304904051,6.281150848,0.490405117,3.176972281,7.292110874,1.663113006
0.490405117,3.176972281,7.292110874,1.663113006,8.933901919,3.304904051,6.281150848,0.490405117,3.176972281,7.292110874,1.663113006,8.933901919
3.176972281,7.292110874,1.663113006,8.933901919,3.304904051,6.281150848,0.490405117,3.176972281,7.292110874,1.663113006,8.933901919,3.304904051
7.292110874,1.663113006,8.933901919,3.304904051,6.281150848,0.490405117,3.176972281,7.292110874,1.663113006,8.933901919,3.304904051,8.837429983
1.663113006,8.933901919,3.304904051,6.281150848,0.490405117,3.176972281,7.292110874,1.663113006,8.933901919,3.304904051,8.837429983,0.490405117
8.933901919,3.304904051,6.281150848,0.490405117,3.176972281,7.292110874,1.663113006,8.933901919,3.304904051,8.837429983,0.490405117,3.176972281
3.304904051,6.281150848,0.490405117,3.176972281,7.292110874,1.663113006,8.933901919,3.304904051,8.837429983,0.490405117,3.176972281,7.292110874
6.281150848,0.490405117,3.176972281,7.292110874,1.663113006,8.933901919,3.304904051,8.837429983,0.490405117,3.176972281,7.292110874,1.663113006
0.490405117,3.176972281,7.292110874,1.663113006,8.933901919,3.304904051,8.837429983,0.490405117,3.176972281,7.292110874,1.663113006,8.933901919
3.176972281,7.292110874,1.663113006,8.933901919,3.304904051,8.837429983,0.490405117,3.176972281,7.292110874,1.663113006,8.933901919,3.304904051
7.292110874,1.663113006,8.933901919,3.304904051,8.837429983,0.490405117,3.176972281,7.292110874,1.663113006,8.933901919,3.304904051,4.713009717
1.663113006,8.933901919,3.304904051,8.837429983,0.490405117,3.176972281,7.292110874,1.663113006,8.933901919,3.304904051,4.713009717,0.490405117
8.933901919,3.304904051,8.837429983,0.490405117,3.176972281,7.292110874,1.663113006,8.933901919,3.304904051,4.713009717,0.490405117,3.176972281
3.304904051,8.837429983,0.490405117,3.176972281,7.292110874,1.663113006,8.933901919,3.304904051,4.713009717,0.490405117,3.176972281,7.292110874
8.837429983,0.490405117,3.176972281,7.292110874,1.663113006,8.933901919,3.304904051,4.713009717,0.490405117,3.176972281,7.292110874,1.663113006
0.490405117,3.176972281,7.292110874,1.663113006,8.933901919,3.304904051,4.713009717,0.490405117,3.176972281,7.292110874,1.663113006,8.933901919
3.176972281,7.292110874,1.663113006,8.933901919,3.304904051,4.713009717,0.490405117,3.176972281,7.292110874,1.663113006,8.933901919,3.304904051
7.292110874,1.663113006,8.933901919,3.304904051,4.713009717,0.490405117,3.176972281,7.292110874,1.663113006,8.933901919,3.304904051,6.708111305
1.663113006,8.933901919,3.304904051,4.713009717,0.490405117,3.176972281,7.292110874,1.663113006,8.933901919,3.304904051,6.708111305,0.490405117
8.933901919,3.304904051,4.713009717,0.490405117,3.176972281,7.292110874,1.663113006,8.933901919,3.304904051,6.708111305,0.490405117,3.176972281
3.304904051,4.713009717,0.490405117,3.176972281,7.292110874,1.663113006,8.933901919,3.304904051,6.708111305,0.490405117,3.176972281,7.292110874
4.713009717,0.490405117,3.176972281,7.292110874,1.663113006,8.933901919,3.304904051,6.708111305,0.490405117,3.176972281,7.292110874,1.663113006
0.490405117,3.176972281,7.292110874,1.663113006,8.933901919,3.304904051,6.708111305,0.490405117,3.176972281,7.292110874,1.663113006,8.933901919
3.176972281,7.292110874,1.663113006,8.933901919,3.304904051,6.708111305,0.490405117,3.176972281,7.292110874,1.663113006,8.933901919,3.304904051
7.292110874,1.663113006,8.933901919,3.304904051,6.708111305,0.490405117,3.176972281,7.292110874,1.663113006,8.933901919,3.304904051,6.228564181
1.663113006,8.933901919,3.304904051,6.708111305,0.490405117,3.176972281,7.292110874,1.663113006,8.933901919,3.304904051,6.228564181,0.490405117
8.933901919,3.304904051,6.708111305,0.490405117,3.176972281,7.292110874,1.663113006,8.933901919,3.304904051,6.228564181,0.490405117,3.176972281
3.304904051,6.708111305,0.490405117,3.176972281,7.292110874,1.663113006,8.933901919,3.304904051,6.228564181,0.490405117,3.176972281,7.292110874
6.708111305,0.490405117,3.176972281,7.292110874,1.663113006,8.933901919,3.304904051,6.228564181,0.490405117,3.176972281,7.292110874,1.663113006
0.490405117,3.176972281,7.292110874,1.663113006,8.933901919,3.304904051,6.228564181,0.490405117,3.176972281,7.292110874,1.663113006,8.933901919
3.176972281,7.292110874,1.663113006,8.933901919,3.304904051,6.228564181,0.490405117,3.176972281,7.292110874,1.663113006,8.933901919,3.304904051
7.292110874,1.663113006,8.933901919,3.304904051,6.228564181,0.490405117,3.176972281,7.292110874,1.663113006,8.933901919,3.304904051,1.334098675
1.663113006,8.933901919,3.304904051,6.228564181,0.490405117,3.176972281,7.292110874,1.663113006,8.933901919,3.304904051,1.334098675,0.490405117
8.933901919,3.304904051,6.228564181,0.490405117,3.176972281,7.292110874,1.663113006,8.933901919,3.304904051,1.334098675,0.490405117,3.176972281
3.304904051,6.228564181,0.490405117,3.176972281,7.292110874,1.663113006,8.933901919,3.304904051,1.334098675,0.490405117,3.176972281,7.292110874
6.228564181,0.490405117,3.176972281,7.292110874,1.663113006,8.933901919,3.304904051,1.334098675,0.490405117,3.176972281,7.292110874,1.663113006
0.490405117,3.176972281,7.292110874,1.663113006,8.933901919,3.304904051,1.334098675,0.490405117,3.176972281,7.292110874,1.663113006,8.933901919
3.176972281,7.292110874,1.663113006,8.933901919,3.304904051,1.334098675,0.490405117,3.176972281,7.292110874,1.663113006,8.933901919,3.304904051
7.292110874,1.663113006,8.933901919,3.304904051,1.334098675,0.490405117,3.176972281,7.292110874,1.663113006,8.933901919,3.304904051,5.551528342
1.663113006,8.933901919,3.304904051,1.334098675,0.490405117,3.176972281,7.292110874,1.663113006,8.933901919,3.304904051,5.551528342,0.490405117
8.933901919,3.304904051,1.334098675,0.490405117,3.176972281,7.292110874,1.663113006,8.933901919,3.304904051,5.551528342,0.490405117,3.176972281
3.304904051,1.334098675,0.490405117,3.176972281,7.292110874,1.663113006,8.933901919,3.304904051,5.551528342,0.490405117,3.176972281,7.292110874
1.334098675,0.490405117,3.176972281,7.292110874,1.663113006,8.933901919,3.304904051,5.551528342,0.490405117,3.176972281,7.292110874,1.663113006
0.490405117,3.176972281,7.292110874,1.663113006,8.933901919,3.304904051,5.551528342,0.490405117,3.176972281,7.292110874,1.663113006,8.933901919
3.176972281,7.292110874,1.663113006,8.933901919,3.304904051,5.551528342,0.490405117,3.176972281,7.292110874,1.663113006,8.933901919,3.304904051
7.292110874,1.663113006,8.933901919,3.304904051,5.551528342,0.490405117,3.176972281,7.292110874,1.663113006,8.933901919,3.304904051,2.215352291
1.663113006,8.933901919,3.304904051,5.551528342,0.490405117,3.176972281,7.292110874,1.663113006,8.933901919,3.304904051,2.215352291,0.490405117
8.933901919,3.304904051,5.551528342,0.490405117,3.176972281,7.292110874,1.663113006,8.933901919,3.304904051,2.215352291,0.490405117,3.176972281
3.304904051,5.551528342,0.490405117,3.176972281,7.292110874,1.663113006,8.933901919,3.304904051,2.215352291,0.490405117,3.176972281,7.292110874
5.551528342,0.490405117,3.176972281,7.292110874,1.663113006,8.933901919,3.304904051,2.215352291,0.490405117,3.176972281,7.292110874,1.663113006
0.490405117,3.176972281,7.292110874,1.663113006,8.933901919,3.304904051,2.215352291,0.490405117,3.176972281,7.292110874,1.663113006,8.933901919
3.176972281,7.292110874,1.663113006,8.933901919,3.304904051,2.215352291,0.490405117,3.176972281,7.292110874,1.663113006,8.933901919,3.304904051
7.292110874,1.663113006,8.933901919,3.304904051,2.215352291,0.490405117,3.176972281,7.292110874,1.663113006,8.933901919,3.304904051,4.414442706
1.663113006,8.933901919,3.304904051,2.215352291,0.490405117,3.176972281,7.292110874,1.663113006,8.933901919,3.304904051,4.414442706,0.490405117
8.933901919,3.304904051,2.215352291,0.490405117,3.176972281,7.292110874,1.663113006,8.933901919,3.304904051,4.414442706,0.490405117,3.176972281
3.304904051,2.215352291,0.490405117,3.176972281,7.292110874,1.663113006,8.933901919,3.304904051,4.414442706,0.490405117,3.176972281,7.292110874
2.215352291,0.490405117,3.176972281,7.292110874,1.663113006,8.933901919,3.304904051,4.414442706,0.490405117,3.176972281,7.292110874,1.663113006
0.490405117,3.176972281,7.292110874,1.663113006,8.933901919,3.304904051,4.414442706,0.490405117,3.176972281,7.292110874,1.663113006,8.933901919
3.176972281,7.292110874,1.663113006,8.933901919,3.304904051,4.414442706,0.490405117,3.176972281,7.292110874,1.663113006,8.933901919,3.304904051
7.292110874,1.663113006,8.933901919,3.304904051,4.414442706,0.490405117,3.176972281,7.292110874,1.663113006,8.933901919,3.304904051,0.877003467
1.663113006,8.933901919,3.304904051,4.414442706,0.490405117,3.176972281,7.292110874,1.663113006,8.933901919,3.304904051,0.877003467,0.490405117
8.933901919,3.304904051,4.414442706,0.490405117,3.176972281,7.292110874,1.663113006,8.933901919,3.304904051,0.877003467,0.490405117,3.176972281
3.304904051,4.414442706,0.490405117,3.176972281,7.292110874,1.663113006,8.933901919,3.304904051,0.877003467,0.490405117,3.176972281,7.292110874
4.414442706,0.490405117,3.176972281,7.292110874,1.663113006,8.933901919,3.304904051,0.877003467,0.490405117,3.176972281,7.292110874,1.663113006
0.490405117,3.176972281,7.292110874,1.663113006,8.933901919,3.304904051,0.877003467,0.490405117,3.176972281,7.292110874,1.663113006,8.933901919
3.176972281,7.292110874,1.663113006,8.933901919,3.304904051,0.877003467,0.490405117,3.176972281,7.292110874,1.663113006,8.933901919,3.304904051
7.292110874,1.663113006,8.933901919,3.304904051,0.877003467,0.490405117,3.176972281,7.292110874,1.663113006,8.933901919,3.304904051,2.29358354
1.663113006,8.933901919,3.304904051,0.877003467,0.490405117,3.176972281,7.292110874,1.663113006,8.933901919,3.304904051,2.29358354,0.490405117
8.933901919,3.304904051,0.877003467,0.490405117,3.176972281,7.292110874,1.663113006,8.933901919,3.304904051,2.29358354,0.490405117,3.176972281
3.304904051,0.877003467,0.490405117,3.176972281,7.292110874,1.663113006,8.933901919,3.304904051,2.29358354,0.490405117,3.176972281,7.292110874
0.877003467,0.490405117,3.176972281,7.292110874,1.663113006,8.933901919,3.304904051,2.29358354,0.490405117,3.176972281,7.292110874,1.663113006
0.490405117,3.176972281,7.292110874,1.663113006,8.933901919,3.304904051,2.29358354,0.490405117,3.176972281,7.292110874,1.663113006,8.933901919
3.176972281,7.292110874,1.663113006,8.933901919,3.304904051,2.29358354,0.490405117,3.176972281,7.292110874,1.663113006,8.933901919,3.304904051
7.292110874,1.663113006,8.933901919,3.304904051,2.29358354,0.490405117,3.176972281,7.292110874,1.663113006,8.933901919,3.304904051,2.998137124
1.663113006,8.933901919,3.304904051,2.29358354,0.490405117,3.176972281,7.292110874,1.663113006,8.933901919,3.304904051,2.998137124,0.490405117
8.933901919,3.304904051,2.29358354,0.490405117,3.176972281,7.292110874,1.663113006,8.933901919,3.304904051,2.998137124,0.490405117,3.176972281
3.304904051,2.29358354,0.490405117,3.176972281,7.292110874,1.663113006,8.933901919,3.304904051,2.998137124,0.490405117,3.176972281,7.292110874
2.29358354,0.490405117,3.176972281,7.292110874,1.663113006,8.933901919,3.304904051,2.998137124,0.490405117,3.176972281,7.292110874,1.663113006
0.490405117,3.176972281,7.292110874,1.663113006,8.933901919,3.304904051,2.998137124,0.490405117,3.176972281,7.292110874,1.663113006,8.933901919
3.176972281,7.292110874,1.663113006,8.933901919,3.304904051,2.998137124,0.490405117,3.176972281,7.292110874,1.663113006,8.933901919,3.304904051
7.292110874,1.663113006,8.933901919,3.304904051,2.998137124,0.490405117,3.176972281,7.292110874,1.663113006,8.933901919,3.304904051,4.547497142
1.663113006,8.933901919,3.304904051,2.998137124,0.490405117,3.176972281,7.292110874,1.663113006,8.933901919,3.304904051,4.547497142,0.490405117
8.933901919,3.304904051,2.998137124,0.490405117,3.176972281,7.292110874,1.663113006,8.933901919,3.304904051,4.547497142,0.490405117,3.176972281
3.304904051,2.998137124,0.490405117,3.176972281,7.292110874,1.663113006,8.933901919,3.304904051,4.547497142,0.490405117,3.176972281,7.292110874
2.998137124,0.490405117,3.176972281,7.292110874,1.663113006,8.933901919,3.304904051,4.547497142,0.490405117,3.176972281,7.292110874,1.663113006
0.490405117,3.176972281,7.292110874,1.663113006,8.933901919,3.304904051,4.547497142,0.490405117,3.176972281,7.292110874,1.663113006,8.933901919
3.176972281,7.292110874,1.663113006,8.933901919,3.304904051,4.547497142,0.490405117,3.176972281,7.292110874,1.663113006,8.933901919,3.304904051
7.292110874,1.663113006,8.933901919,3.304904051,4.547497142,0.490405117,3.176972281,7.292110874,1.663113006,8.933901919,3.304904051,6.724889877
1.663113006,8.933901919,3.304904051,4.547497142,0.490405117,3.176972281,7.292110874,1.663113006,8.933901919,3.304904051,6.724889877,0.490405117
8.933901919,3.304904051,4.547497142,0.490405117,3.176972281,7.292110874,1.663113006,8.933901919,3.304904051,6.724889877,0.490405117,3.176972281
3.304904051,4.547497142,0.490405117,3.176972281,7.292110874,1.663113006,8.933901919,3.304904051,6.724889877,0.490405117,3.176972281,7.292110874
4.547497142,0.490405117,3.176972281,7.292110874,1.663113006,8.933901919,3.304904051,6.724889877,0.490405117,3.176972281,7.292110874,1.663113006
0.490405117,3.176972281,7.292110874,1.663113006,8.933901919,3.304904051,6.724889877,0.490405117,3.176972281,7.292110874,1.663113006,8.933901919
3.176972281,7.292110874,1.663113006,8.933901919,3.304904051,6.724889877,0.490405117,3.176972281,7.292110874,1.663113006,8.933901919,3.304904051
7.292110874,1.663113006,8.933901919,3.304904051,6.724889877,0.490405117,3.176972281,7.292110874,1.663113006,8.933901919,3.304904051,7.765073637
1.663113006,8.933901919,3.304904051,6.724889877,0.490405117,3.176972281,7.292110874,1.663113006,8.933901919,3.304904051,7.765073637,0.490405117
8.933901919,3.304904051,6.724889877,0.490405117,3.176972281,7.292110874,1.663113006,8.933901919,3.304904051,7.765073637,0.490405117,3.176972281
3.304904051,6.724889877,0.490405117,3.176972281,7.292110874,1.663113006,8.933901919,3.304904051,7.765073637,0.490405117,3.176972281,7.292110874
6.724889877,0.490405117,3.176972281,7.292110874,1.663113006,8.933901919,3.304904051,7.765073637,0.490405117,3.176972281,7.292110874,1.663113006
0.490405117,3.176972281,7.292110874,1.663113006,8.933901919,3.304904051,7.765073637,0.490405117,3.176972281,7.292110874,1.663113006,8.933901919
3.176972281,7.292110874,1.663113006,8.933901919,3.304904051,7.765073637,0.490405117,3.176972281,7.292110874,1.663113006,8.933901919,3.304904051
7.292110874,1.663113006,8.933901919,3.304904051,7.765073637,0.490405117,3.176972281,7.292110874,1.663113006,8.933901919,3.304904051,8.376770891
1.663113006,8.933901919,3.304904051,7.765073637,0.490405117,3.176972281,7.292110874,1.663113006,8.933901919,3.304904051,8.376770891,0.490405117
8.933901919,3.304904051,7.765073637,0.490405117,3.176972281,7.292110874,1.663113006,8.933901919,3.304904051,8.376770891,0.490405117,3.176972281
3.304904051,7.765073637,0.490405117,3.176972281,7.292110874,1.663113006,8.933901919,3.304904051,8.376770891,0.490405117,3.176972281,7.292110874
7.765073637,0.490405117,3.176972281,7.292110874,1.663113006,8.933901919,3.304904051,8.376770891,0.490405117,3.176972281,7.292110874,1.663113006
0.490405117,3.176972281,7.292110874,1.663113006,8.933901919,3.304904051,8.376770891,0.490405117,3.176972281,7.292110874,1.663113006,8.933901919
3.176972281,7.292110874,1.663113006,8.933901919,3.304904051,8.376770891,0.490405117,3.176972281,7.292110874,1.663113006,8.933901919,3.304904051
7.292110874,1.663113006,8.933901919,3.304904051,8.376770891,0.490405117,3.176972281,7.292110874,1.663113006,8.933901919,3.304904051,4.532381281
1.663113006,8.933901919,3.304904051,8.376770891,0.490405117,3.176972281,7.292110874,1.663113006,8.933901919,3.304904051,4.532381281,0.490405117
8.933901919,3.304904051,8.376770891,0.490405117,3.176972281,7.292110874,1.663113006,8.933901919,3.304904051,4.532381281,0.490405117,3.176972281
3.304904051,8.376770891,0.490405117,3.176972281,7.292110874,1.663113006,8.933901919,3.304904051,4.532381281,0.490405117,3.176972281,7.292110874
8.376770891,0.490405117,3.176972281,7.292110874,1.663113006,8.933901919,3.304904051,4.532381281,0.490405117,3.176972281,7.292110874,1.663113006
0.490405117,3.176972281,7.292110874,1.663113006,8.933901919,3.304904051,4.532381281,0.490405117,3.176972281,7.292110874,1.663113006,8.933901919
3.176972281,7.292110874,1.663113006,8.933901919,3.304904051,4.532381281,0.490405117,3.176972281,7.292110874,1.663113006,8.933901919,3.304904051
7.292110874,1.663113006,8.933901919,3.304904051,4.532381281,0.490405117,3.176972281,7.292110874,1.663113006,8.933901919,3.304904051,5.24861129
1.663113006,8.933901919,3.304904051,4.532381281,0.490405117,3.176972281,7.292110874,1.663113006,8.933901919,3.304904051,5.24861129,0.490405117
8.933901919,3.304904051,4.532381281,0.490405117,3.176972281,7.292110874,1.663113006,8.933901919,3.304904051,5.24861129,0.490405117,3.176972281
3.304904051,4.532381281,0.490405117,3.176972281,7.292110874,1.663113006,8.933901919,3.304904051,5.24861129,0.490405117,3.176972281,7.292110874
4.532381281,0.490405117,3.176972281,7.292110874,1.663113006,8.933901919,3.304904051,5.24861129,0.490405117,3.176972281,7.292110874,1.663113006
0.490405117,3.176972281,7.292110874,1.663113006,8.933901919,3.304904051,5.24861129,0.490405117,3.176972281,7.292110874,1.663113006,8.933901919
3.176972281,7.292110874,1.663113006,8.933901919,3.304904051,5.24861129,0.490405117,3.176972281,7.292110874,1.663113006,8.933901919,3.304904051
7.292110874,1.663113006,8.933901919,3.304904051,5.24861129,0.490405117,3.176972281,7.292110874,1.663113006,8.933901919,3.304904051,0.874163186
1.663113006,8.933901919,3.304904051,5.24861129,0.490405117,3.176972281,7.292110874,1.663113006,8.933901919,3.304904051,0.874163186,0.490405117
8.933901919,3.304904051,5.24861129,0.490405117,3.176972281,7.292110874,1.663113006,8.933901919,3.304904051,0.874163186,0.490405117,3.176972281
3.304904051,5.24861129,0.490405117,3.176972281,7.292110874,1.663113006,8.933901919,3.304904051,0.874163186,0.490405117,3.176972281,7.292110874
5.24861129,0.490405117,3.176972281,7.292110874,1.663113006,8.933901919,3.304904051,0.874163186,0.490405117,3.176972281,7.292110874,1.663113006
0.490405117,3.176972281,7.292110874,1.663113006,8.933901919,3.304904051,0.874163186,0.490405117,3.176972281,7.292110874,1.663113006,8.933901919
3.176972281,7.292110874,1.663113006,8.933901919,3.304904051,0.874163186,0.490405117,3.176972281,7.292110874,1.663113006,8.933901919,3.304904051
7.292110874,1.663113006,8.933901919,3.304904051,0.874163186,0.490405117,3.176972281,7.292110874,1.663113006,8.933901919,3.304904051,2.620312176
1.663113006,8.933901919,3.304904051,0.874163186,0.490405117,3.176972281,7.292110874,1.663113006,8.933901919,3.304904051,2.620312176,0.490405117
8.933901919,3.304904051,0.874163186,0.490405117,3.176972281,7.292110874,1.663113006,8.933901919,3.304904051,2.620312176,0.490405117,3.176972281
3.304904051,0.874163186,0.490405117,3.176972281,7.292110874,1.663113006,8.933901919,3.304904051,2.620312176,0.490405117,3.176972281,7.292110874
0.874163186,0.490405117,3.176972281,7.292110874,1.663113006,8.933901919,3.304904051,2.620312176,0.490405117,3.176972281,7.292110874,1.663113006
0.490405117,3.176972281,7.292110874,1.663113006,8.933901919,3.304904051,2.620312176,0.490405117,3.176972281,7.292110874,1.663113006,8.933901919
3.176972281,7.292110874,1.663113006,8.933901919,3.304904051,2.620312176,0.490405117,3.176972281,7.292110874,1.663113006,8.933901919,3.304904051
7.292110874,1.663113006,8.933901919,3.304904051,2.620312176,0.490405117,3.176972281,7.292110874,1.663113006,8.933901919,3.304904051,2.115486792
1.663113006,8.933901919,3.304904051,2.620312176,0.490405117,3.176972281,7.292110874,1.663113006,8.933901919,3.304904051,2.115486792,0.490405117
8.933901919,3.304904051,2.620312176,0.490405117,3.176972281,7.292110874,1.663113006,8.933901919,3.304904051,2.115486792,0.490405117,3.176972281
3.304904051,2.620312176,0.490405117,3.176972281,7.292110874,1.663113006,8.933901919,3.304904051,2.115486792,0.490405117,3.176972281,7.292110874
2.620312176,0.490405117,3.176972281,7.292110874,1.663113006,8.933901919,3.304904051,2.115486792,0.490405117,3.176972281,7.292110874,1.663113006
0.490405117,3.176972281,7.292110874,1.663113006,8.933901919,3.304904051,2.115486792,0.490405117,3.176972281,7.292110874,1.663113006,8.933901919
3.176972281,7.292110874,1.663113006,8.933901919,3.304904051,2.115486792,0.490405117,3.176972281,7.292110874,1.663113006,8.933901919,3.304904051
7.292110874,1.663113006,8.933901919,3.304904051,2.115486792,0.490405117,3.176972281,7.292110874,1.663113006,8.933901919,3.304904051,3.435447877
1.663113006,8.933901919,3.304904051,2.115486792,0.490405117,3.176972281,7.292110874,1.663113006,8.933901919,3.304904051,3.435447877,0.490405117
8.933901919,3.304904051,2.115486792,0.490405117,3.176972281,7.292110874,1.663113006,8.933901919,3.304904051,3.435447877,0.490405117,3.176972281
3.304904051,2.115486792,0.490405117,3.176972281,7.292110874,1.663113006,8.933901919,3.304904051,3.435447877,0.490405117,3.176972281,7.292110874
