MLPt-12,MLPt-11,MLPt-10,MLPt-9,MLPt-8,MLPt-7,MLPt-6,MLPt-5,MLPt-4,MLPt-3,MLPt-2,MLPt-1
,,,,,,,,,,,
,,,,,,,,,,,207.4016962
,,,,,,,,,,207.4016962,256.2820513
,,,,,,,,,207.4016962,256.2820513,140.6666667
,,,,,,,,207.4016962,256.2820513,140.6666667,166.307955
,,,,,,,207.4016962,256.2820513,140.6666667,166.307955,142.9084565
,,,,,,207.4016962,256.2820513,140.6666667,166.307955,142.9084565,244.2629836
,,,,,207.4016962,256.2820513,140.6666667,166.307955,142.9084565,244.2629836,147.1276334
,,,,207.4016962,256.2820513,140.6666667,166.307955,142.9084565,244.2629836,147.1276334,206.9230769
,,,207.4016962,256.2820513,140.6666667,166.307955,142.9084565,244.2629836,147.1276334,206.9230769,255.0
,,207.4016962,256.2820513,140.6666667,166.307955,142.9084565,244.2629836,147.1276334,206.9230769,255.0,140.1785714
,207.4016962,256.2820513,140.6666667,166.307955,142.9084565,244.2629836,147.1276334,206.9230769,255.0,140.1785714,164.84375
207.4016962,256.2820513,140.6666667,166.307955,142.9084565,244.2629836,147.1276334,206.9230769,255.0,140.1785714,164.84375,142.2597865
256.2820513,140.6666667,166.307955,142.9084565,244.2629836,147.1276334,206.9230769,255.0,140.1785714,164.84375,142.2597865,179.1922426
140.6666667,166.307955,142.9084565,244.2629836,147.1276334,206.9230769,255.0,140.1785714,164.84375,142.2597865,179.1922426,146.0117133
166.307955,142.9084565,244.2629836,147.1276334,206.9230769,255.0,140.1785714,164.84375,142.2597865,179.1922426,146.0117133,203.7037037
142.9084565,244.2629836,147.1276334,206.9230769,255.0,140.1785714,164.84375,142.2597865,179.1922426,146.0117133,203.7037037,252.2321429
244.2629836,147.1276334,206.9230769,255.0,140.1785714,164.84375,142.2597865,179.1922426,146.0117133,203.7037037,252.2321429,140.0224215
147.1276334,206.9230769,255.0,140.1785714,164.84375,142.2597865,179.1922426,146.0117133,203.7037037,252.2321429,140.0224215,164.084507
206.9230769,255.0,140.1785714,164.84375,142.2597865,179.1922426,146.0117133,203.7037037,252.2321429,140.0224215,164.084507,138.8310185
255.0,140.1785714,164.84375,142.2597865,179.1922426,146.0117133,203.7037037,252.2321429,140.0224215,164.084507,138.8310185,220.4820554
140.1785714,164.84375,142.2597865,179.1922426,146.0117133,203.7037037,252.2321429,140.0224215,164.084507,138.8310185,220.4820554,142.5456389
164.84375,142.2597865,179.1922426,146.0117133,203.7037037,252.2321429,140.0224215,164.084507,138.8310185,220.4820554,142.5456389,201.1627907
142.2597865,179.1922426,146.0117133,203.7037037,252.2321429,140.0224215,164.084507,138.8310185,220.4820554,142.5456389,201.1627907,249.5779289
179.1922426,146.0117133,203.7037037,252.2321429,140.0224215,164.084507,138.8310185,220.4820554,142.5456389,201.1627907,249.5779289,138.6913229
146.0117133,203.7037037,252.2321429,140.0224215,164.084507,138.8310185,220.4820554,142.5456389,201.1627907,249.5779289,138.6913229,163.0842391
203.7037037,252.2321429,140.0224215,164.084507,138.8310185,220.4820554,142.5456389,201.1627907,249.5779289,138.6913229,163.0842391,137.8212123
252.2321429,140.0224215,164.084507,138.8310185,220.4820554,142.5456389,201.1627907,249.5779289,138.6913229,163.0842391,137.8212123,167.4062221
140.0224215,164.084507,138.8310185,220.4820554,142.5456389,201.1627907,249.5779289,138.6913229,163.0842391,137.8212123,167.4062221,141.3359898
164.084507,138.8310185,220.4820554,142.5456389,201.1627907,249.5779289,138.6913229,163.0842391,137.8212123,167.4062221,141.3359898,199.5295699
138.8310185,220.4820554,142.5456389,201.1627907,249.5779289,138.6913229,163.0842391,137.8212123,167.4062221,141.3359898,199.5295699,246.3627424
220.4820554,142.5456389,201.1627907,249.5779289,138.6913229,163.0842391,137.8212123,167.4062221,141.3359898,199.5295699,246.3627424,137.816245
142.5456389,201.1627907,249.5779289,138.6913229,163.0842391,137.8212123,167.4062221,141.3359898,199.5295699,246.3627424,137.816245,162.9974598
201.1627907,249.5779289,138.6913229,163.0842391,137.8212123,167.4062221,141.3359898,199.5295699,246.3627424,137.816245,162.9974598,137.4223602
249.5779289,138.6913229,163.0842391,137.8212123,167.4062221,141.3359898,199.5295699,246.3627424,137.816245,162.9974598,137.4223602,163.275848
138.6913229,163.0842391,137.8212123,167.4062221,141.3359898,199.5295699,246.3627424,137.816245,162.9974598,137.4223602,163.275848,141.8478261
163.0842391,137.8212123,167.4062221,141.3359898,199.5295699,246.3627424,137.816245,162.9974598,137.4223602,163.275848,141.8478261,202.6315789
137.8212123,167.4062221,141.3359898,199.5295699,246.3627424,137.816245,162.9974598,137.4223602,163.275848,141.8478261,202.6315789,250.6613757
167.4062221,141.3359898,199.5295699,246.3627424,137.816245,162.9974598,137.4223602,163.275848,141.8478261,202.6315789,250.6613757,138.1233562
141.3359898,199.5295699,246.3627424,137.816245,162.9974598,137.4223602,163.275848,141.8478261,202.6315789,250.6613757,138.1233562,162.7635053
199.5295699,246.3627424,137.816245,162.9974598,137.4223602,163.275848,141.8478261,202.6315789,250.6613757,138.1233562,162.7635053,136.7081168
246.3627424,137.816245,162.9974598,137.4223602,163.275848,141.8478261,202.6315789,250.6613757,138.1233562,162.7635053,136.7081168,155.3876885
137.816245,162.9974598,137.4223602,163.275848,141.8478261,202.6315789,250.6613757,138.1233562,162.7635053,136.7081168,155.3876885,142.4159231
162.9974598,137.4223602,163.275848,141.8478261,202.6315789,250.6613757,138.1233562,162.7635053,136.7081168,155.3876885,142.4159231,204.6437574
137.4223602,163.275848,141.8478261,202.6315789,250.6613757,138.1233562,162.7635053,136.7081168,155.3876885,142.4159231,204.6437574,252.7191299
163.275848,141.8478261,202.6315789,250.6613757,138.1233562,162.7635053,136.7081168,155.3876885,142.4159231,204.6437574,252.7191299,136.5226552
141.8478261,202.6315789,250.6613757,138.1233562,162.7635053,136.7081168,155.3876885,142.4159231,204.6437574,252.7191299,136.5226552,161.6331096
202.6315789,250.6613757,138.1233562,162.7635053,136.7081168,155.3876885,142.4159231,204.6437574,252.7191299,136.5226552,161.6331096,138.1543867
250.6613757,138.1233562,162.7635053,136.7081168,155.3876885,142.4159231,204.6437574,252.7191299,136.5226552,161.6331096,138.1543867,146.1754609
138.1233562,162.7635053,136.7081168,155.3876885,142.4159231,204.6437574,252.7191299,136.5226552,161.6331096,138.1543867,146.1754609,143.2225769
162.7635053,136.7081168,155.3876885,142.4159231,204.6437574,252.7191299,136.5226552,161.6331096,138.1543867,146.1754609,143.2225769,208.2738095
136.7081168,155.3876885,142.4159231,204.6437574,252.7191299,136.5226552,161.6331096,138.1543867,146.1754609,143.2225769,208.2738095,254.4374016
155.3876885,142.4159231,204.6437574,252.7191299,136.5226552,161.6331096,138.1543867,146.1754609,143.2225769,208.2738095,254.4374016,138.3982036
142.4159231,204.6437574,252.7191299,136.5226552,161.6331096,138.1543867,146.1754609,143.2225769,208.2738095,254.4374016,138.3982036,163.3696563
204.6437574,252.7191299,136.5226552,161.6331096,138.1543867,146.1754609,143.2225769,208.2738095,254.4374016,138.3982036,163.3696563,138.7820513
252.7191299,136.5226552,161.6331096,138.1543867,146.1754609,143.2225769,208.2738095,254.4374016,138.3982036,163.3696563,138.7820513,152.807602
136.5226552,161.6331096,138.1543867,146.1754609,143.2225769,208.2738095,254.4374016,138.3982036,163.3696563,138.7820513,152.807602,143.9001211
161.6331096,138.1543867,146.1754609,143.2225769,208.2738095,254.4374016,138.3982036,163.3696563,138.7820513,152.807602,143.9001211,206.3358884
138.1543867,146.1754609,143.2225769,208.2738095,254.4374016,138.3982036,163.3696563,138.7820513,152.807602,143.9001211,206.3358884,254.5576408
146.1754609,143.2225769,208.2738095,254.4374016,138.3982036,163.3696563,138.7820513,152.807602,143.9001211,206.3358884,254.5576408,141.8245467
143.2225769,208.2738095,254.4374016,138.3982036,163.3696563,138.7820513,152.807602,143.9001211,206.3358884,254.5576408,141.8245467,166.1609425
208.2738095,254.4374016,138.3982036,163.3696563,138.7820513,152.807602,143.9001211,206.3358884,254.5576408,141.8245467,166.1609425,139.1364903
254.4374016,138.3982036,163.3696563,138.7820513,152.807602,143.9001211,206.3358884,254.5576408,141.8245467,166.1609425,139.1364903,171.697878
138.3982036,163.3696563,138.7820513,152.807602,143.9001211,206.3358884,254.5576408,141.8245467,166.1609425,139.1364903,171.697878,144.3364574
163.3696563,138.7820513,152.807602,143.9001211,206.3358884,254.5576408,141.8245467,166.1609425,139.1364903,171.697878,144.3364574,202.3034768
138.7820513,152.807602,143.9001211,206.3358884,254.5576408,141.8245467,166.1609425,139.1364903,171.697878,144.3364574,202.3034768,253.55273
152.807602,143.9001211,206.3358884,254.5576408,141.8245467,166.1609425,139.1364903,171.697878,144.3364574,202.3034768,253.55273,140.8633561
143.9001211,206.3358884,254.5576408,141.8245467,166.1609425,139.1364903,171.697878,144.3364574,202.3034768,253.55273,140.8633561,165.4120772
206.3358884,254.5576408,141.8245467,166.1609425,139.1364903,171.697878,144.3364574,202.3034768,253.55273,140.8633561,165.4120772,139.1194332
254.5576408,141.8245467,166.1609425,139.1364903,171.697878,144.3364574,202.3034768,253.55273,140.8633561,165.4120772,139.1194332,217.2060795
141.8245467,166.1609425,139.1364903,171.697878,144.3364574,202.3034768,253.55273,140.8633561,165.4120772,139.1194332,217.2060795,143.92
166.1609425,139.1364903,171.697878,144.3364574,202.3034768,253.55273,140.8633561,165.4120772,139.1194332,217.2060795,143.92,200.0805153
139.1364903,171.697878,144.3364574,202.3034768,253.55273,140.8633561,165.4120772,139.1194332,217.2060795,143.92,200.0805153,253.2855436
171.697878,144.3364574,202.3034768,253.55273,140.8633561,165.4120772,139.1194332,217.2060795,143.92,200.0805153,253.2855436,140.5141349
144.3364574,202.3034768,253.55273,140.8633561,165.4120772,139.1194332,217.2060795,143.92,200.0805153,253.2855436,140.5141349,164.1255869
202.3034768,253.55273,140.8633561,165.4120772,139.1194332,217.2060795,143.92,200.0805153,253.2855436,140.5141349,164.1255869,139.7166728
253.55273,140.8633561,165.4120772,139.1194332,217.2060795,143.92,200.0805153,253.2855436,140.5141349,164.1255869,139.7166728,244.5705606
140.8633561,165.4120772,139.1194332,217.2060795,143.92,200.0805153,253.2855436,140.5141349,164.1255869,139.7166728,244.5705606,142.9353006
165.4120772,139.1194332,217.2060795,143.92,200.0805153,253.2855436,140.5141349,164.1255869,139.7166728,244.5705606,142.9353006,199.27905
139.1194332,217.2060795,143.92,200.0805153,253.2855436,140.5141349,164.1255869,139.7166728,244.5705606,142.9353006,199.27905,253.4366097
217.2060795,143.92,200.0805153,253.2855436,140.5141349,164.1255869,139.7166728,244.5705606,142.9353006,199.27905,253.4366097,142.8571429
143.92,200.0805153,253.2855436,140.5141349,164.1255869,139.7166728,244.5705606,142.9353006,199.27905,253.4366097,142.8571429,164.5408163
200.0805153,253.2855436,140.5141349,164.1255869,139.7166728,244.5705606,142.9353006,199.27905,253.4366097,142.8571429,164.5408163,138.1599676
253.2855436,140.5141349,164.1255869,139.7166728,244.5705606,142.9353006,199.27905,253.4366097,142.8571429,164.5408163,138.1599676,203.8283682
140.5141349,164.1255869,139.7166728,244.5705606,142.9353006,199.27905,253.4366097,142.8571429,164.5408163,138.1599676,203.8283682,141.9373129
164.1255869,139.7166728,244.5705606,142.9353006,199.27905,253.4366097,142.8571429,164.5408163,138.1599676,203.8283682,141.9373129,197.578426
139.7166728,244.5705606,142.9353006,199.27905,253.4366097,142.8571429,164.5408163,138.1599676,203.8283682,141.9373129,197.578426,251.8132975
244.5705606,142.9353006,199.27905,253.4366097,142.8571429,164.5408163,138.1599676,203.8283682,141.9373129,197.578426,251.8132975,140.0862069
142.9353006,199.27905,253.4366097,142.8571429,164.5408163,138.1599676,203.8283682,141.9373129,197.578426,251.8132975,140.0862069,165.3311966
199.27905,253.4366097,142.8571429,164.5408163,138.1599676,203.8283682,141.9373129,197.578426,251.8132975,140.0862069,165.3311966,137.6530612
253.4366097,142.8571429,164.5408163,138.1599676,203.8283682,141.9373129,197.578426,251.8132975,140.0862069,165.3311966,137.6530612,250.3337465
142.8571429,164.5408163,138.1599676,203.8283682,141.9373129,197.578426,251.8132975,140.0862069,165.3311966,137.6530612,250.3337465,140.5814806
164.5408163,138.1599676,203.8283682,141.9373129,197.578426,251.8132975,140.0862069,165.3311966,137.6530612,250.3337465,140.5814806,192.2147002
138.1599676,203.8283682,141.9373129,197.578426,251.8132975,140.0862069,165.3311966,137.6530612,250.3337465,140.5814806,192.2147002,251.0917031
203.8283682,141.9373129,197.578426,251.8132975,140.0862069,165.3311966,137.6530612,250.3337465,140.5814806,192.2147002,251.0917031,136.4003026
141.9373129,197.578426,251.8132975,140.0862069,165.3311966,137.6530612,250.3337465,140.5814806,192.2147002,251.0917031,136.4003026,163.591997
197.578426,251.8132975,140.0862069,165.3311966,137.6530612,250.3337465,140.5814806,192.2147002,251.0917031,136.4003026,163.591997,135.1127321
251.8132975,140.0862069,165.3311966,137.6530612,250.3337465,140.5814806,192.2147002,251.0917031,136.4003026,163.591997,135.1127321,157.719589
140.0862069,165.3311966,137.6530612,250.3337465,140.5814806,192.2147002,251.0917031,136.4003026,163.591997,135.1127321,157.719589,137.3626374
165.3311966,137.6530612,250.3337465,140.5814806,192.2147002,251.0917031,136.4003026,163.591997,135.1127321,157.719589,137.3626374,188.7899705
137.6530612,250.3337465,140.5814806,192.2147002,251.0917031,136.4003026,163.591997,135.1127321,157.719589,137.3626374,188.7899705,252.5826446
250.3337465,140.5814806,192.2147002,251.0917031,136.4003026,163.591997,135.1127321,157.719589,137.3626374,188.7899705,252.5826446,134.529148
140.5814806,192.2147002,251.0917031,136.4003026,163.591997,135.1127321,157.719589,137.3626374,188.7899705,252.5826446,134.529148,164.5
192.2147002,251.0917031,136.4003026,163.591997,135.1127321,157.719589,137.3626374,188.7899705,252.5826446,134.529148,164.5,132.9678549
251.0917031,136.4003026,163.591997,135.1127321,157.719589,137.3626374,188.7899705,252.5826446,134.529148,164.5,132.9678549,156.4951487
136.4003026,163.591997,135.1127321,157.719589,137.3626374,188.7899705,252.5826446,134.529148,164.5,132.9678549,156.4951487,136.0619075
163.591997,135.1127321,157.719589,137.3626374,188.7899705,252.5826446,134.529148,164.5,132.9678549,156.4951487,136.0619075,190.5857544
135.1127321,157.719589,137.3626374,188.7899705,252.5826446,134.529148,164.5,132.9678549,156.4951487,136.0619075,190.5857544,250.68353
157.719589,137.3626374,188.7899705,252.5826446,134.529148,164.5,132.9678549,156.4951487,136.0619075,190.5857544,250.68353,130.5774278
137.3626374,188.7899705,252.5826446,134.529148,164.5,132.9678549,156.4951487,136.0619075,190.5857544,250.68353,130.5774278,162.1360392
188.7899705,252.5826446,134.529148,164.5,132.9678549,156.4951487,136.0619075,190.5857544,250.68353,130.5774278,162.1360392,133.0195377
252.5826446,134.529148,164.5,132.9678549,156.4951487,136.0619075,190.5857544,250.68353,130.5774278,162.1360392,133.0195377,213.5313147
134.529148,164.5,132.9678549,156.4951487,136.0619075,190.5857544,250.68353,130.5774278,162.1360392,133.0195377,213.5313147,137.0513676
164.5,132.9678549,156.4951487,136.0619075,190.5857544,250.68353,130.5774278,162.1360392,133.0195377,213.5313147,137.0513676,193.2666667
132.9678549,156.4951487,136.0619075,190.5857544,250.68353,130.5774278,162.1360392,133.0195377,213.5313147,137.0513676,193.2666667,249.5831017
156.4951487,136.0619075,190.5857544,250.68353,130.5774278,162.1360392,133.0195377,213.5313147,137.0513676,193.2666667,249.5831017,130.6040292
136.0619075,190.5857544,250.68353,130.5774278,162.1360392,133.0195377,213.5313147,137.0513676,193.2666667,249.5831017,130.6040292,161.8705036
190.5857544,250.68353,130.5774278,162.1360392,133.0195377,213.5313147,137.0513676,193.2666667,249.5831017,130.6040292,161.8705036,133.1961594
250.68353,130.5774278,162.1360392,133.0195377,213.5313147,137.0513676,193.2666667,249.5831017,130.6040292,161.8705036,133.1961594,238.2065715
130.5774278,162.1360392,133.0195377,213.5313147,137.0513676,193.2666667,249.5831017,130.6040292,161.8705036,133.1961594,238.2065715,134.9635036
162.1360392,133.0195377,213.5313147,137.0513676,193.2666667,249.5831017,130.6040292,161.8705036,133.1961594,238.2065715,134.9635036,198.2127885
133.0195377,213.5313147,137.0513676,193.2666667,249.5831017,130.6040292,161.8705036,133.1961594,238.2065715,134.9635036,198.2127885,249.0820188
213.5313147,137.0513676,193.2666667,249.5831017,130.6040292,161.8705036,133.1961594,238.2065715,134.9635036,198.2127885,249.0820188,134.4430218
137.0513676,193.2666667,249.5831017,130.6040292,161.8705036,133.1961594,238.2065715,134.9635036,198.2127885,249.0820188,134.4430218,162.4109785
193.2666667,249.5831017,130.6040292,161.8705036,133.1961594,238.2065715,134.9635036,198.2127885,249.0820188,134.4430218,162.4109785,134.7222222
249.5831017,130.6040292,161.8705036,133.1961594,238.2065715,134.9635036,198.2127885,249.0820188,134.4430218,162.4109785,134.7222222,167.5653098
130.6040292,161.8705036,133.1961594,238.2065715,134.9635036,198.2127885,249.0820188,134.4430218,162.4109785,134.7222222,167.5653098,136.9156002
161.8705036,133.1961594,238.2065715,134.9635036,198.2127885,249.0820188,134.4430218,162.4109785,134.7222222,167.5653098,136.9156002,202.4488389
133.1961594,238.2065715,134.9635036,198.2127885,249.0820188,134.4430218,162.4109785,134.7222222,167.5653098,136.9156002,202.4488389,248.9583333
238.2065715,134.9635036,198.2127885,249.0820188,134.4430218,162.4109785,134.7222222,167.5653098,136.9156002,202.4488389,248.9583333,137.1428571
134.9635036,198.2127885,249.0820188,134.4430218,162.4109785,134.7222222,167.5653098,136.9156002,202.4488389,248.9583333,137.1428571,164.8622047
198.2127885,249.0820188,134.4430218,162.4109785,134.7222222,167.5653098,136.9156002,202.4488389,248.9583333,137.1428571,164.8622047,136.7982216
249.0820188,134.4430218,162.4109785,134.7222222,167.5653098,136.9156002,202.4488389,248.9583333,137.1428571,164.8622047,136.7982216,222.7299337
134.4430218,162.4109785,134.7222222,167.5653098,136.9156002,202.4488389,248.9583333,137.1428571,164.8622047,136.7982216,222.7299337,138.3663366
162.4109785,134.7222222,167.5653098,136.9156002,202.4488389,248.9583333,137.1428571,164.8622047,136.7982216,222.7299337,138.3663366,203.6652835
134.7222222,167.5653098,136.9156002,202.4488389,248.9583333,137.1428571,164.8622047,136.7982216,222.7299337,138.3663366,203.6652835,249.9233129
167.5653098,136.9156002,202.4488389,248.9583333,137.1428571,164.8622047,136.7982216,222.7299337,138.3663366,203.6652835,249.9233129,143.0713312
136.9156002,202.4488389,248.9583333,137.1428571,164.8622047,136.7982216,222.7299337,138.3663366,203.6652835,249.9233129,143.0713312,165.9539535
202.4488389,248.9583333,137.1428571,164.8622047,136.7982216,222.7299337,138.3663366,203.6652835,249.9233129,143.0713312,165.9539535,138.113678
248.9583333,137.1428571,164.8622047,136.7982216,222.7299337,138.3663366,203.6652835,249.9233129,143.0713312,165.9539535,138.113678,210.1269812
137.1428571,164.8622047,136.7982216,222.7299337,138.3663366,203.6652835,249.9233129,143.0713312,165.9539535,138.113678,210.1269812,138.6577926
164.8622047,136.7982216,222.7299337,138.3663366,203.6652835,249.9233129,143.0713312,165.9539535,138.113678,210.1269812,138.6577926,202.1886792
136.7982216,222.7299337,138.3663366,203.6652835,249.9233129,143.0713312,165.9539535,138.113678,210.1269812,138.6577926,202.1886792,251.585652
222.7299337,138.3663366,203.6652835,249.9233129,143.0713312,165.9539535,138.113678,210.1269812,138.6577926,202.1886792,251.585652,140.0442478
138.3663366,203.6652835,249.9233129,143.0713312,165.9539535,138.113678,210.1269812,138.6577926,202.1886792,251.585652,140.0442478,164.7013671
203.6652835,249.9233129,143.0713312,165.9539535,138.113678,210.1269812,138.6577926,202.1886792,251.585652,140.0442478,164.7013671,139.1079159
249.9233129,143.0713312,165.9539535,138.113678,210.1269812,138.6577926,202.1886792,251.585652,140.0442478,164.7013671,139.1079159,183.4822701
143.0713312,165.9539535,138.113678,210.1269812,138.6577926,202.1886792,251.585652,140.0442478,164.7013671,139.1079159,183.4822701,137.6190476
165.9539535,138.113678,210.1269812,138.6577926,202.1886792,251.585652,140.0442478,164.7013671,139.1079159,183.4822701,137.6190476,199.828085
138.113678,210.1269812,138.6577926,202.1886792,251.585652,140.0442478,164.7013671,139.1079159,183.4822701,137.6190476,199.828085,254.8689942
210.1269812,138.6577926,202.1886792,251.585652,140.0442478,164.7013671,139.1079159,183.4822701,137.6190476,199.828085,254.8689942,139.8433128
138.6577926,202.1886792,251.585652,140.0442478,164.7013671,139.1079159,183.4822701,137.6190476,199.828085,254.8689942,139.8433128,165.719697
202.1886792,251.585652,140.0442478,164.7013671,139.1079159,183.4822701,137.6190476,199.828085,254.8689942,139.8433128,165.719697,138.8313413
251.585652,140.0442478,164.7013671,139.1079159,183.4822701,137.6190476,199.828085,254.8689942,139.8433128,165.719697,138.8313413,191.1672888
140.0442478,164.7013671,139.1079159,183.4822701,137.6190476,199.828085,254.8689942,139.8433128,165.719697,138.8313413,191.1672888,136.787031
164.7013671,139.1079159,183.4822701,137.6190476,199.828085,254.8689942,139.8433128,165.719697,138.8313413,191.1672888,136.787031,197.2972973
139.1079159,183.4822701,137.6190476,199.828085,254.8689942,139.8433128,165.719697,138.8313413,191.1672888,136.787031,197.2972973,252.4417375
183.4822701,137.6190476,199.828085,254.8689942,139.8433128,165.719697,138.8313413,191.1672888,136.787031,197.2972973,252.4417375,137.7479928
137.6190476,199.828085,254.8689942,139.8433128,165.719697,138.8313413,191.1672888,136.787031,197.2972973,252.4417375,137.7479928,162.5822841
199.828085,254.8689942,139.8433128,165.719697,138.8313413,191.1672888,136.787031,197.2972973,252.4417375,137.7479928,162.5822841,138.3410642
254.8689942,139.8433128,165.719697,138.8313413,191.1672888,136.787031,197.2972973,252.4417375,137.7479928,162.5822841,138.3410642,548.8893677
139.8433128,165.719697,138.8313413,191.1672888,136.787031,197.2972973,252.4417375,137.7479928,162.5822841,138.3410642,548.8893677,136.787031
165.719697,138.8313413,191.1672888,136.787031,197.2972973,252.4417375,137.7479928,162.5822841,138.3410642,548.8893677,136.787031,198.4126984
138.8313413,191.1672888,136.787031,197.2972973,252.4417375,137.7479928,162.5822841,138.3410642,548.8893677,136.787031,198.4126984,257.8651685
191.1672888,136.787031,197.2972973,252.4417375,137.7479928,162.5822841,138.3410642,548.8893677,136.787031,198.4126984,257.8651685,136.2540193
136.787031,197.2972973,252.4417375,137.7479928,162.5822841,138.3410642,548.8893677,136.787031,198.4126984,257.8651685,136.2540193,163.7547249
197.2972973,252.4417375,137.7479928,162.5822841,138.3410642,548.8893677,136.787031,198.4126984,257.8651685,136.2540193,163.7547249,137.0767494
252.4417375,137.7479928,162.5822841,138.3410642,548.8893677,136.787031,198.4126984,257.8651685,136.2540193,163.7547249,137.0767494,532.5159915
137.7479928,162.5822841,138.3410642,548.8893677,136.787031,198.4126984,257.8651685,136.2540193,163.7547249,137.0767494,532.5159915,136.6173121
162.5822841,138.3410642,548.8893677,136.787031,198.4126984,257.8651685,136.2540193,163.7547249,137.0767494,532.5159915,136.6173121,198.9695583
138.3410642,548.8893677,136.787031,198.4126984,257.8651685,136.2540193,163.7547249,137.0767494,532.5159915,136.6173121,198.9695583,256.3274573
548.8893677,136.787031,198.4126984,257.8651685,136.2540193,163.7547249,137.0767494,532.5159915,136.6173121,198.9695583,256.3274573,135.7663879
136.787031,198.4126984,257.8651685,136.2540193,163.7547249,137.0767494,532.5159915,136.6173121,198.9695583,256.3274573,135.7663879,162.4015748
198.4126984,257.8651685,136.2540193,163.7547249,137.0767494,532.5159915,136.6173121,198.9695583,256.3274573,135.7663879,162.4015748,136.1802847
257.8651685,136.2540193,163.7547249,137.0767494,532.5159915,136.6173121,198.9695583,256.3274573,135.7663879,162.4015748,136.1802847,521.9548063
136.2540193,163.7547249,137.0767494,532.5159915,136.6173121,198.9695583,256.3274573,135.7663879,162.4015748,136.1802847,521.9548063,137.1652515
163.7547249,137.0767494,532.5159915,136.6173121,198.9695583,256.3274573,135.7663879,162.4015748,136.1802847,521.9548063,137.1652515,199.1398823
137.0767494,532.5159915,136.6173121,198.9695583,256.3274573,135.7663879,162.4015748,136.1802847,521.9548063,137.1652515,199.1398823,259.5375723
532.5159915,136.6173121,198.9695583,256.3274573,135.7663879,162.4015748,136.1802847,521.9548063,137.1652515,199.1398823,259.5375723,134.6819957
136.6173121,198.9695583,256.3274573,135.7663879,162.4015748,136.1802847,521.9548063,137.1652515,199.1398823,259.5375723,134.6819957,163.0649094
198.9695583,256.3274573,135.7663879,162.4015748,136.1802847,521.9548063,137.1652515,199.1398823,259.5375723,134.6819957,163.0649094,136.0315394
256.3274573,135.7663879,162.4015748,136.1802847,521.9548063,137.1652515,199.1398823,259.5375723,134.6819957,163.0649094,136.0315394,506.4363144
135.7663879,162.4015748,136.1802847,521.9548063,137.1652515,199.1398823,259.5375723,134.6819957,163.0649094,136.0315394,506.4363144,138.3589744
162.4015748,136.1802847,521.9548063,137.1652515,199.1398823,259.5375723,134.6819957,163.0649094,136.0315394,506.4363144,138.3589744,196.0976624
136.1802847,521.9548063,137.1652515,199.1398823,259.5375723,134.6819957,163.0649094,136.0315394,506.4363144,138.3589744,196.0976624,260.9986505
521.9548063,137.1652515,199.1398823,259.5375723,134.6819957,163.0649094,136.0315394,506.4363144,138.3589744,196.0976624,260.9986505,134.5875543
137.1652515,199.1398823,259.5375723,134.6819957,163.0649094,136.0315394,506.4363144,138.3589744,196.0976624,260.9986505,134.5875543,163.7106006
199.1398823,259.5375723,134.6819957,163.0649094,136.0315394,506.4363144,138.3589744,196.0976624,260.9986505,134.5875543,163.7106006,134.6751326
259.5375723,134.6819957,163.0649094,136.0315394,506.4363144,138.3589744,196.0976624,260.9986505,134.5875543,163.7106006,134.6751326,521.2510024
134.6819957,163.0649094,136.0315394,506.4363144,138.3589744,196.0976624,260.9986505,134.5875543,163.7106006,134.6751326,521.2510024,136.6295124
163.0649094,136.0315394,506.4363144,138.3589744,196.0976624,260.9986505,134.5875543,163.7106006,134.6751326,521.2510024,136.6295124,196.0784314
136.0315394,506.4363144,138.3589744,196.0976624,260.9986505,134.5875543,163.7106006,134.6751326,521.2510024,136.6295124,196.0784314,260.9612142
506.4363144,138.3589744,196.0976624,260.9986505,134.5875543,163.7106006,134.6751326,521.2510024,136.6295124,196.0784314,260.9612142,130.9055118
138.3589744,196.0976624,260.9986505,134.5875543,163.7106006,134.6751326,521.2510024,136.6295124,196.0784314,260.9612142,130.9055118,163.1668558
196.0976624,260.9986505,134.5875543,163.7106006,134.6751326,521.2510024,136.6295124,196.0784314,260.9612142,130.9055118,163.1668558,135.2814191
260.9986505,134.5875543,163.7106006,134.6751326,521.2510024,136.6295124,196.0784314,260.9612142,130.9055118,163.1668558,135.2814191,514.2857143
134.5875543,163.7106006,134.6751326,521.2510024,136.6295124,196.0784314,260.9612142,130.9055118,163.1668558,135.2814191,514.2857143,135.6485594
163.7106006,134.6751326,521.2510024,136.6295124,196.0784314,260.9612142,130.9055118,163.1668558,135.2814191,514.2857143,135.6485594,201.0053619
134.6751326,521.2510024,136.6295124,196.0784314,260.9612142,130.9055118,163.1668558,135.2814191,514.2857143,135.6485594,201.0053619,264.7854441
521.2510024,136.6295124,196.0784314,260.9612142,130.9055118,163.1668558,135.2814191,514.2857143,135.6485594,201.0053619,264.7854441,127.7139208
136.6295124,196.0784314,260.9612142,130.9055118,163.1668558,135.2814191,514.2857143,135.6485594,201.0053619,264.7854441,127.7139208,158.839307
196.0784314,260.9612142,130.9055118,163.1668558,135.2814191,514.2857143,135.6485594,201.0053619,264.7854441,127.7139208,158.839307,136.5437158
260.9612142,130.9055118,163.1668558,135.2814191,514.2857143,135.6485594,201.0053619,264.7854441,127.7139208,158.839307,136.5437158,524.5663689
130.9055118,163.1668558,135.2814191,514.2857143,135.6485594,201.0053619,264.7854441,127.7139208,158.839307,136.5437158,524.5663689,136.9426752
163.1668558,135.2814191,514.2857143,135.6485594,201.0053619,264.7854441,127.7139208,158.839307,136.5437158,524.5663689,136.9426752,208.3333333
135.2814191,514.2857143,135.6485594,201.0053619,264.7854441,127.7139208,158.839307,136.5437158,524.5663689,136.9426752,208.3333333,264.7951442
514.2857143,135.6485594,201.0053619,264.7854441,127.7139208,158.839307,136.5437158,524.5663689,136.9426752,208.3333333,264.7951442,129.7662181
135.6485594,201.0053619,264.7854441,127.7139208,158.839307,136.5437158,524.5663689,136.9426752,208.3333333,264.7951442,129.7662181,159.0621678
201.0053619,264.7854441,127.7139208,158.839307,136.5437158,524.5663689,136.9426752,208.3333333,264.7951442,129.7662181,159.0621678,138.7896825
264.7854441,127.7139208,158.839307,136.5437158,524.5663689,136.9426752,208.3333333,264.7951442,129.7662181,159.0621678,138.7896825,512.864494
127.7139208,158.839307,136.5437158,524.5663689,136.9426752,208.3333333,264.7951442,129.7662181,159.0621678,138.7896825,512.864494,140.1136364
158.839307,136.5437158,524.5663689,136.9426752,208.3333333,264.7951442,129.7662181,159.0621678,138.7896825,512.864494,140.1136364,213.5292108
136.5437158,524.5663689,136.9426752,208.3333333,264.7951442,129.7662181,159.0621678,138.7896825,512.864494,140.1136364,213.5292108,263.7987013
524.5663689,136.9426752,208.3333333,264.7951442,129.7662181,159.0621678,138.7896825,512.864494,140.1136364,213.5292108,263.7987013,133.9914089
136.9426752,208.3333333,264.7951442,129.7662181,159.0621678,138.7896825,512.864494,140.1136364,213.5292108,263.7987013,133.9914089,163.1668558
208.3333333,264.7951442,129.7662181,159.0621678,138.7896825,512.864494,140.1136364,213.5292108,263.7987013,133.9914089,163.1668558,141.0377358
264.7951442,129.7662181,159.0621678,138.7896825,512.864494,140.1136364,213.5292108,263.7987013,133.9914089,163.1668558,141.0377358,490.1477833
129.7662181,159.0621678,138.7896825,512.864494,140.1136364,213.5292108,263.7987013,133.9914089,163.1668558,141.0377358,490.1477833,143.5279667
159.0621678,138.7896825,512.864494,140.1136364,213.5292108,263.7987013,133.9914089,163.1668558,141.0377358,490.1477833,143.5279667,216.1120169
138.7896825,512.864494,140.1136364,213.5292108,263.7987013,133.9914089,163.1668558,141.0377358,490.1477833,143.5279667,216.1120169,263.7962963
512.864494,140.1136364,213.5292108,263.7987013,133.9914089,163.1668558,141.0377358,490.1477833,143.5279667,216.1120169,263.7962963,139.6207585
140.1136364,213.5292108,263.7987013,133.9914089,163.1668558,141.0377358,490.1477833,143.5279667,216.1120169,263.7962963,139.6207585,162.6670553
213.5292108,263.7987013,133.9914089,163.1668558,141.0377358,490.1477833,143.5279667,216.1120169,263.7962963,139.6207585,162.6670553,143.3018344
263.7987013,133.9914089,163.1668558,141.0377358,490.1477833,143.5279667,216.1120169,263.7962963,139.6207585,162.6670553,143.3018344,526.4741276
133.9914089,163.1668558,141.0377358,490.1477833,143.5279667,216.1120169,263.7962963,139.6207585,162.6670553,143.3018344,526.4741276,145.3076923
163.1668558,141.0377358,490.1477833,143.5279667,216.1120169,263.7962963,139.6207585,162.6670553,143.3018344,526.4741276,145.3076923,218.0239736
141.0377358,490.1477833,143.5279667,216.1120169,263.7962963,139.6207585,162.6670553,143.3018344,526.4741276,145.3076923,218.0239736,265.5266889
490.1477833,143.5279667,216.1120169,263.7962963,139.6207585,162.6670553,143.3018344,526.4741276,145.3076923,218.0239736,265.5266889,139.4927536
143.5279667,216.1120169,263.7962963,139.6207585,162.6670553,143.3018344,526.4741276,145.3076923,218.0239736,265.5266889,139.4927536,164.3640351
216.1120169,263.7962963,139.6207585,162.6670553,143.3018344,526.4741276,145.3076923,218.0239736,265.5266889,139.4927536,164.3640351,143.1556949
263.7962963,139.6207585,162.6670553,143.3018344,526.4741276,145.3076923,218.0239736,265.5266889,139.4927536,164.3640351,143.1556949,527.3553888
139.6207585,162.6670553,143.3018344,526.4741276,145.3076923,218.0239736,265.5266889,139.4927536,164.3640351,143.1556949,527.3553888,146.7329545
162.6670553,143.3018344,526.4741276,145.3076923,218.0239736,265.5266889,139.4927536,164.3640351,143.1556949,527.3553888,146.7329545,215.7202606
143.3018344,526.4741276,145.3076923,218.0239736,265.5266889,139.4927536,164.3640351,143.1556949,527.3553888,146.7329545,215.7202606,268.1077694
526.4741276,145.3076923,218.0239736,265.5266889,139.4927536,164.3640351,143.1556949,527.3553888,146.7329545,215.7202606,268.1077694,139.0498296
145.3076923,218.0239736,265.5266889,139.4927536,164.3640351,143.1556949,527.3553888,146.7329545,215.7202606,268.1077694,139.0498296,169.1794189
218.0239736,265.5266889,139.4927536,164.3640351,143.1556949,527.3553888,146.7329545,215.7202606,268.1077694,139.0498296,169.1794189,142.971246
265.5266889,139.4927536,164.3640351,143.1556949,527.3553888,146.7329545,215.7202606,268.1077694,139.0498296,169.1794189,142.971246,503.7715517
139.4927536,164.3640351,143.1556949,527.3553888,146.7329545,215.7202606,268.1077694,139.0498296,169.1794189,142.971246,503.7715517,146.1069525
164.3640351,143.1556949,527.3553888,146.7329545,215.7202606,268.1077694,139.0498296,169.1794189,142.971246,503.7715517,146.1069525,212.3918175
143.1556949,527.3553888,146.7329545,215.7202606,268.1077694,139.0498296,169.1794189,142.971246,503.7715517,146.1069525,212.3918175,268.2100508
527.3553888,146.7329545,215.7202606,268.1077694,139.0498296,169.1794189,142.971246,503.7715517,146.1069525,212.3918175,268.2100508,138.6130952
146.7329545,215.7202606,268.1077694,139.0498296,169.1794189,142.971246,503.7715517,146.1069525,212.3918175,268.2100508,138.6130952,166.1923734
215.7202606,268.1077694,139.0498296,169.1794189,142.971246,503.7715517,146.1069525,212.3918175,268.2100508,138.6130952,166.1923734,142.1871423
268.1077694,139.0498296,169.1794189,142.971246,503.7715517,146.1069525,212.3918175,268.2100508,138.6130952,166.1923734,142.1871423,493.0931961
139.0498296,169.1794189,142.971246,503.7715517,146.1069525,212.3918175,268.2100508,138.6130952,166.1923734,142.1871423,493.0931961,145.8348276
169.1794189,142.971246,503.7715517,146.1069525,212.3918175,268.2100508,138.6130952,166.1923734,142.1871423,493.0931961,145.8348276,214.4298389
142.971246,503.7715517,146.1069525,212.3918175,268.2100508,138.6130952,166.1923734,142.1871423,493.0931961,145.8348276,214.4298389,269.6560367
503.7715517,146.1069525,212.3918175,268.2100508,138.6130952,166.1923734,142.1871423,493.0931961,145.8348276,214.4298389,269.6560367,137.5676022
146.1069525,212.3918175,268.2100508,138.6130952,166.1923734,142.1871423,493.0931961,145.8348276,214.4298389,269.6560367,137.5676022,164.9547175
212.3918175,268.2100508,138.6130952,166.1923734,142.1871423,493.0931961,145.8348276,214.4298389,269.6560367,137.5676022,164.9547175,141.4027149
268.2100508,138.6130952,166.1923734,142.1871423,493.0931961,145.8348276,214.4298389,269.6560367,137.5676022,164.9547175,141.4027149,493.3333333
138.6130952,166.1923734,142.1871423,493.0931961,145.8348276,214.4298389,269.6560367,137.5676022,164.9547175,141.4027149,493.3333333,146.0063898
166.1923734,142.1871423,493.0931961,145.8348276,214.4298389,269.6560367,137.5676022,164.9547175,141.4027149,493.3333333,146.0063898,215.0297619
142.1871423,493.0931961,145.8348276,214.4298389,269.6560367,137.5676022,164.9547175,141.4027149,493.3333333,146.0063898,215.0297619,269.0104167
493.0931961,145.8348276,214.4298389,269.6560367,137.5676022,164.9547175,141.4027149,493.3333333,146.0063898,215.0297619,269.0104167,134.9798747
145.8348276,214.4298389,269.6560367,137.5676022,164.9547175,141.4027149,493.3333333,146.0063898,215.0297619,269.0104167,134.9798747,163.6795021
214.4298389,269.6560367,137.5676022,164.9547175,141.4027149,493.3333333,146.0063898,215.0297619,269.0104167,134.9798747,163.6795021,139.7755035
269.6560367,137.5676022,164.9547175,141.4027149,493.3333333,146.0063898,215.0297619,269.0104167,134.9798747,163.6795021,139.7755035,515.625
137.5676022,164.9547175,141.4027149,493.3333333,146.0063898,215.0297619,269.0104167,134.9798747,163.6795021,139.7755035,515.625,144.8467967
164.9547175,141.4027149,493.3333333,146.0063898,215.0297619,269.0104167,134.9798747,163.6795021,139.7755035,515.625,144.8467967,213.0434783
141.4027149,493.3333333,146.0063898,215.0297619,269.0104167,134.9798747,163.6795021,139.7755035,515.625,144.8467967,213.0434783,270.1878827
493.3333333,146.0063898,215.0297619,269.0104167,134.9798747,163.6795021,139.7755035,515.625,144.8467967,213.0434783,270.1878827,133.6084906
146.0063898,215.0297619,269.0104167,134.9798747,163.6795021,139.7755035,515.625,144.8467967,213.0434783,270.1878827,133.6084906,162.2420482
215.0297619,269.0104167,134.9798747,163.6795021,139.7755035,515.625,144.8467967,213.0434783,270.1878827,133.6084906,162.2420482,138.2488479
269.0104167,134.9798747,163.6795021,139.7755035,515.625,144.8467967,213.0434783,270.1878827,133.6084906,162.2420482,138.2488479,516.9516053
134.9798747,163.6795021,139.7755035,515.625,144.8467967,213.0434783,270.1878827,133.6084906,162.2420482,138.2488479,516.9516053,143.6875
163.6795021,139.7755035,515.625,144.8467967,213.0434783,270.1878827,133.6084906,162.2420482,138.2488479,516.9516053,143.6875,209.6938776
139.7755035,515.625,144.8467967,213.0434783,270.1878827,133.6084906,162.2420482,138.2488479,516.9516053,143.6875,209.6938776,269.6103896
515.625,144.8467967,213.0434783,270.1878827,133.6084906,162.2420482,138.2488479,516.9516053,143.6875,209.6938776,269.6103896,130.3623188
144.8467967,213.0434783,270.1878827,133.6084906,162.2420482,138.2488479,516.9516053,143.6875,209.6938776,269.6103896,130.3623188,162.7604167
213.0434783,270.1878827,133.6084906,162.2420482,138.2488479,516.9516053,143.6875,209.6938776,269.6103896,130.3623188,162.7604167,138.202765
270.1878827,133.6084906,162.2420482,138.2488479,516.9516053,143.6875,209.6938776,269.6103896,130.3623188,162.7604167,138.202765,520.8333333
133.6084906,162.2420482,138.2488479,516.9516053,143.6875,209.6938776,269.6103896,130.3623188,162.7604167,138.202765,520.8333333,141.9533972
162.2420482,138.2488479,516.9516053,143.6875,209.6938776,269.6103896,130.3623188,162.7604167,138.202765,520.8333333,141.9533972,210.1962086
138.2488479,516.9516053,143.6875,209.6938776,269.6103896,130.3623188,162.7604167,138.202765,520.8333333,141.9533972,210.1962086,269.1511387
516.9516053,143.6875,209.6938776,269.6103896,130.3623188,162.7604167,138.202765,520.8333333,141.9533972,210.1962086,269.1511387,132.6832151
143.6875,209.6938776,269.6103896,130.3623188,162.7604167,138.202765,520.8333333,141.9533972,210.1962086,269.1511387,132.6832151,162.7604167
209.6938776,269.6103896,130.3623188,162.7604167,138.202765,520.8333333,141.9533972,210.1962086,269.1511387,132.6832151,162.7604167,137.1284865
269.6103896,130.3623188,162.7604167,138.202765,520.8333333,141.9533972,210.1962086,269.1511387,132.6832151,162.7604167,137.1284865,529.5339179
130.3623188,162.7604167,138.202765,520.8333333,141.9533972,210.1962086,269.1511387,132.6832151,162.7604167,137.1284865,529.5339179,140.8753709
162.7604167,138.202765,520.8333333,141.9533972,210.1962086,269.1511387,132.6832151,162.7604167,137.1284865,529.5339179,140.8753709,218.9485214
138.202765,520.8333333,141.9533972,210.1962086,269.1511387,132.6832151,162.7604167,137.1284865,529.5339179,140.8753709,218.9485214,272.8908189
520.8333333,141.9533972,210.1962086,269.1511387,132.6832151,162.7604167,137.1284865,529.5339179,140.8753709,218.9485214,272.8908189,136.1386139
141.9533972,210.1962086,269.1511387,132.6832151,162.7604167,137.1284865,529.5339179,140.8753709,218.9485214,272.8908189,136.1386139,163.0434783
210.1962086,269.1511387,132.6832151,162.7604167,137.1284865,529.5339179,140.8753709,218.9485214,272.8908189,136.1386139,163.0434783,138.8305054
269.1511387,132.6832151,162.7604167,137.1284865,529.5339179,140.8753709,218.9485214,272.8908189,136.1386139,163.0434783,138.8305054,521.375445
132.6832151,162.7604167,137.1284865,529.5339179,140.8753709,218.9485214,272.8908189,136.1386139,163.0434783,138.8305054,521.375445,144.2887964
162.7604167,137.1284865,529.5339179,140.8753709,218.9485214,272.8908189,136.1386139,163.0434783,138.8305054,521.375445,144.2887964,223.534202
137.1284865,529.5339179,140.8753709,218.9485214,272.8908189,136.1386139,163.0434783,138.8305054,521.375445,144.2887964,223.534202,274.122807
529.5339179,140.8753709,218.9485214,272.8908189,136.1386139,163.0434783,138.8305054,521.375445,144.2887964,223.534202,274.122807,137.0128784
140.8753709,218.9485214,272.8908189,136.1386139,163.0434783,138.8305054,521.375445,144.2887964,223.534202,274.122807,137.0128784,163.0561854
218.9485214,272.8908189,136.1386139,163.0434783,138.8305054,521.375445,144.2887964,223.534202,274.122807,137.0128784,163.0561854,139.9896266
272.8908189,136.1386139,163.0434783,138.8305054,521.375445,144.2887964,223.534202,274.122807,137.0128784,163.0561854,139.9896266,553.5714286
136.1386139,163.0434783,138.8305054,521.375445,144.2887964,223.534202,274.122807,137.0128784,163.0561854,139.9896266,553.5714286,144.141318
163.0434783,138.8305054,521.375445,144.2887964,223.534202,274.122807,137.0128784,163.0561854,139.9896266,553.5714286,144.141318,227.7868186
138.8305054,521.375445,144.2887964,223.534202,274.122807,137.0128784,163.0561854,139.9896266,553.5714286,144.141318,227.7868186,271.3009213
521.375445,144.2887964,223.534202,274.122807,137.0128784,163.0561854,139.9896266,553.5714286,144.141318,227.7868186,271.3009213,138.2327209
144.2887964,223.534202,274.122807,137.0128784,163.0561854,139.9896266,553.5714286,144.141318,227.7868186,271.3009213,138.2327209,163.0797306
223.534202,274.122807,137.0128784,163.0561854,139.9896266,553.5714286,144.141318,227.7868186,271.3009213,138.2327209,163.0797306,142.3734694
274.122807,137.0128784,163.0561854,139.9896266,553.5714286,144.141318,227.7868186,271.3009213,138.2327209,163.0797306,142.3734694,553.9264131
137.0128784,163.0561854,139.9896266,553.5714286,144.141318,227.7868186,271.3009213,138.2327209,163.0797306,142.3734694,553.9264131,146.8464276
163.0561854,139.9896266,553.5714286,144.141318,227.7868186,271.3009213,138.2327209,163.0797306,142.3734694,553.9264131,146.8464276,229.3862018
139.9896266,553.5714286,144.141318,227.7868186,271.3009213,138.2327209,163.0797306,142.3734694,553.9264131,146.8464276,229.3862018,271.2537929
553.5714286,144.141318,227.7868186,271.3009213,138.2327209,163.0797306,142.3734694,553.9264131,146.8464276,229.3862018,271.2537929,141.1239751
144.141318,227.7868186,271.3009213,138.2327209,163.0797306,142.3734694,553.9264131,146.8464276,229.3862018,271.2537929,141.1239751,166.4438655
227.7868186,271.3009213,138.2327209,163.0797306,142.3734694,553.9264131,146.8464276,229.3862018,271.2537929,141.1239751,166.4438655,144.6776131
271.3009213,138.2327209,163.0797306,142.3734694,553.9264131,146.8464276,229.3862018,271.2537929,141.1239751,166.4438655,144.6776131,553.7048281
138.2327209,163.0797306,142.3734694,553.9264131,146.8464276,229.3862018,271.2537929,141.1239751,166.4438655,144.6776131,553.7048281,148.6607143
163.0797306,142.3734694,553.9264131,146.8464276,229.3862018,271.2537929,141.1239751,166.4438655,144.6776131,553.7048281,148.6607143,228.550181
142.3734694,553.9264131,146.8464276,229.3862018,271.2537929,141.1239751,166.4438655,144.6776131,553.7048281,148.6607143,228.550181,273.7182678
553.9264131,146.8464276,229.3862018,271.2537929,141.1239751,166.4438655,144.6776131,553.7048281,148.6607143,228.550181,273.7182678,143.7640981
146.8464276,229.3862018,271.2537929,141.1239751,166.4438655,144.6776131,553.7048281,148.6607143,228.550181,273.7182678,143.7640981,165.726817
229.3862018,271.2537929,141.1239751,166.4438655,144.6776131,553.7048281,148.6607143,228.550181,273.7182678,143.7640981,165.726817,143.6875
271.2537929,141.1239751,166.4438655,144.6776131,553.7048281,148.6607143,228.550181,273.7182678,143.7640981,165.726817,143.6875,543.3009382
141.1239751,166.4438655,144.6776131,553.7048281,148.6607143,228.550181,273.7182678,143.7640981,165.726817,143.6875,543.3009382,148.670031
166.4438655,144.6776131,553.7048281,148.6607143,228.550181,273.7182678,143.7640981,165.726817,143.6875,543.3009382,148.670031,225.7857519
144.6776131,553.7048281,148.6607143,228.550181,273.7182678,143.7640981,165.726817,143.6875,543.3009382,148.670031,225.7857519,271.7475728
553.7048281,148.6607143,228.550181,273.7182678,143.7640981,165.726817,143.6875,543.3009382,148.670031,225.7857519,271.7475728,141.4525433
148.6607143,228.550181,273.7182678,143.7640981,165.726817,143.6875,543.3009382,148.670031,225.7857519,271.7475728,141.4525433,165.6480118
228.550181,273.7182678,143.7640981,165.726817,143.6875,543.3009382,148.670031,225.7857519,271.7475728,141.4525433,165.6480118,143.0343511
273.7182678,143.7640981,165.726817,143.6875,543.3009382,148.670031,225.7857519,271.7475728,141.4525433,165.6480118,143.0343511,514.9638803
143.7640981,165.726817,143.6875,543.3009382,148.670031,225.7857519,271.7475728,141.4525433,165.6480118,143.0343511,514.9638803,147.81491
165.726817,143.6875,543.3009382,148.670031,225.7857519,271.7475728,141.4525433,165.6480118,143.0343511,514.9638803,147.81491,223.0938335
143.6875,543.3009382,148.670031,225.7857519,271.7475728,141.4525433,165.6480118,143.0343511,514.9638803,147.81491,223.0938335,273.2035928
543.3009382,148.670031,225.7857519,271.7475728,141.4525433,165.6480118,143.0343511,514.9638803,147.81491,223.0938335,273.2035928,141.2563241
148.670031,225.7857519,271.7475728,141.4525433,165.6480118,143.0343511,514.9638803,147.81491,223.0938335,273.2035928,141.2563241,164.921466
225.7857519,271.7475728,141.4525433,165.6480118,143.0343511,514.9638803,147.81491,223.0938335,273.2035928,141.2563241,164.921466,141.3017717
271.7475728,141.4525433,165.6480118,143.0343511,514.9638803,147.81491,223.0938335,273.2035928,141.2563241,164.921466,141.3017717,493.2064591
141.4525433,165.6480118,143.0343511,514.9638803,147.81491,223.0938335,273.2035928,141.2563241,164.921466,141.3017717,493.2064591,146.7231544
165.6480118,143.0343511,514.9638803,147.81491,223.0938335,273.2035928,141.2563241,164.921466,141.3017717,493.2064591,146.7231544,223.172735
143.0343511,514.9638803,147.81491,223.0938335,273.2035928,141.2563241,164.921466,141.3017717,493.2064591,146.7231544,223.172735,274.5913519
514.9638803,147.81491,223.0938335,273.2035928,141.2563241,164.921466,141.3017717,493.2064591,146.7231544,223.172735,274.5913519,140.9478695
147.81491,223.0938335,273.2035928,141.2563241,164.921466,141.3017717,493.2064591,146.7231544,223.172735,274.5913519,140.9478695,164.2156863
223.0938335,273.2035928,141.2563241,164.921466,141.3017717,493.2064591,146.7231544,223.172735,274.5913519,140.9478695,164.2156863,139.5348837
273.2035928,141.2563241,164.921466,141.3017717,493.2064591,146.7231544,223.172735,274.5913519,140.9478695,164.2156863,139.5348837,527.1378368
141.2563241,164.921466,141.3017717,493.2064591,146.7231544,223.172735,274.5913519,140.9478695,164.2156863,139.5348837,527.1378368,146.1931291
164.921466,141.3017717,493.2064591,146.7231544,223.172735,274.5913519,140.9478695,164.2156863,139.5348837,527.1378368,146.1931291,224.2152466
141.3017717,493.2064591,146.7231544,223.172735,274.5913519,140.9478695,164.2156863,139.5348837,527.1378368,146.1931291,224.2152466,274.6774964
493.2064591,146.7231544,223.172735,274.5913519,140.9478695,164.2156863,139.5348837,527.1378368,146.1931291,224.2152466,274.6774964,141.3459906
146.7231544,223.172735,274.5913519,140.9478695,164.2156863,139.5348837,527.1378368,146.1931291,224.2152466,274.6774964,141.3459906,165.7407822
223.172735,274.5913519,140.9478695,164.2156863,139.5348837,527.1378368,146.1931291,224.2152466,274.6774964,141.3459906,165.7407822,139.8169772
274.5913519,140.9478695,164.2156863,139.5348837,527.1378368,146.1931291,224.2152466,274.6774964,141.3459906,165.7407822,139.8169772,537.5722543
140.9478695,164.2156863,139.5348837,527.1378368,146.1931291,224.2152466,274.6774964,141.3459906,165.7407822,139.8169772,537.5722543,145.8759373
164.2156863,139.5348837,527.1378368,146.1931291,224.2152466,274.6774964,141.3459906,165.7407822,139.8169772,537.5722543,145.8759373,222.8106974
139.5348837,527.1378368,146.1931291,224.2152466,274.6774964,141.3459906,165.7407822,139.8169772,537.5722543,145.8759373,222.8106974,277.3225325
527.1378368,146.1931291,224.2152466,274.6774964,141.3459906,165.7407822,139.8169772,537.5722543,145.8759373,222.8106974,277.3225325,137.4099007
146.1931291,224.2152466,274.6774964,141.3459906,165.7407822,139.8169772,537.5722543,145.8759373,222.8106974,277.3225325,137.4099007,165.7547473
224.2152466,274.6774964,141.3459906,165.7407822,139.8169772,537.5722543,145.8759373,222.8106974,277.3225325,137.4099007,165.7547473,138.8256269
274.6774964,141.3459906,165.7407822,139.8169772,537.5722543,145.8759373,222.8106974,277.3225325,137.4099007,165.7547473,138.8256269,551.7514286
141.3459906,165.7407822,139.8169772,537.5722543,145.8759373,222.8106974,277.3225325,137.4099007,165.7547473,138.8256269,551.7514286,144.8067633
165.7407822,139.8169772,537.5722543,145.8759373,222.8106974,277.3225325,137.4099007,165.7547473,138.8256269,551.7514286,144.8067633,219.7844828
139.8169772,537.5722543,145.8759373,222.8106974,277.3225325,137.4099007,165.7547473,138.8256269,551.7514286,144.8067633,219.7844828,274.4377919
537.5722543,145.8759373,222.8106974,277.3225325,137.4099007,165.7547473,138.8256269,551.7514286,144.8067633,219.7844828,274.4377919,136.7887609
145.8759373,222.8106974,277.3225325,137.4099007,165.7547473,138.8256269,551.7514286,144.8067633,219.7844828,274.4377919,136.7887609,164.5
222.8106974,277.3225325,137.4099007,165.7547473,138.8256269,551.7514286,144.8067633,219.7844828,274.4377919,136.7887609,164.5,138.6125654
277.3225325,137.4099007,165.7547473,138.8256269,551.7514286,144.8067633,219.7844828,274.4377919,136.7887609,164.5,138.6125654,548.6527421
137.4099007,165.7547473,138.8256269,551.7514286,144.8067633,219.7844828,274.4377919,136.7887609,164.5,138.6125654,548.6527421,143.5
165.7547473,138.8256269,551.7514286,144.8067633,219.7844828,274.4377919,136.7887609,164.5,138.6125654,548.6527421,143.5,219.6590339
138.8256269,551.7514286,144.8067633,219.7844828,274.4377919,136.7887609,164.5,138.6125654,548.6527421,143.5,219.6590339,274.3902439
551.7514286,144.8067633,219.7844828,274.4377919,136.7887609,164.5,138.6125654,548.6527421,143.5,219.6590339,274.3902439,137.1130212
144.8067633,219.7844828,274.4377919,136.7887609,164.5,138.6125654,548.6527421,143.5,219.6590339,274.3902439,137.1130212,164.5912698
219.7844828,274.4377919,136.7887609,164.5,138.6125654,548.6527421,143.5,219.6590339,274.3902439,137.1130212,164.5912698,137.9333787
274.4377919,136.7887609,164.5,138.6125654,548.6527421,143.5,219.6590339,274.3902439,137.1130212,164.5912698,137.9333787,520.4983923
136.7887609,164.5,138.6125654,548.6527421,143.5,219.6590339,274.3902439,137.1130212,164.5912698,137.9333787,520.4983923,143.3046202
164.5,138.6125654,548.6527421,143.5,219.6590339,274.3902439,137.1130212,164.5912698,137.9333787,520.4983923,143.3046202,220.6157332
138.6125654,548.6527421,143.5,219.6590339,274.3902439,137.1130212,164.5912698,137.9333787,520.4983923,143.3046202,220.6157332,276.4573991
548.6527421,143.5,219.6590339,274.3902439,137.1130212,164.5912698,137.9333787,520.4983923,143.3046202,220.6157332,276.4573991,134.641012
143.5,219.6590339,274.3902439,137.1130212,164.5912698,137.9333787,520.4983923,143.3046202,220.6157332,276.4573991,134.641012,166.0181582
219.6590339,274.3902439,137.1130212,164.5912698,137.9333787,520.4983923,143.3046202,220.6157332,276.4573991,134.641012,166.0181582,139.3865506
274.3902439,137.1130212,164.5912698,137.9333787,520.4983923,143.3046202,220.6157332,276.4573991,134.641012,166.0181582,139.3865506,523.8181145
137.1130212,164.5912698,137.9333787,520.4983923,143.3046202,220.6157332,276.4573991,134.641012,166.0181582,139.3865506,523.8181145,144.0234792
164.5912698,137.9333787,520.4983923,143.3046202,220.6157332,276.4573991,134.641012,166.0181582,139.3865506,523.8181145,144.0234792,225.9187613
137.9333787,520.4983923,143.3046202,220.6157332,276.4573991,134.641012,166.0181582,139.3865506,523.8181145,144.0234792,225.9187613,275.870383
520.4983923,143.3046202,220.6157332,276.4573991,134.641012,166.0181582,139.3865506,523.8181145,144.0234792,225.9187613,275.870383,136.895811
143.3046202,220.6157332,276.4573991,134.641012,166.0181582,139.3865506,523.8181145,144.0234792,225.9187613,275.870383,136.895811,168.928922
220.6157332,276.4573991,134.641012,166.0181582,139.3865506,523.8181145,144.0234792,225.9187613,275.870383,136.895811,168.928922,140.4266389
276.4573991,134.641012,166.0181582,139.3865506,523.8181145,144.0234792,225.9187613,275.870383,136.895811,168.928922,140.4266389,507.5167446
134.641012,166.0181582,139.3865506,523.8181145,144.0234792,225.9187613,275.870383,136.895811,168.928922,140.4266389,507.5167446,146.9394168
166.0181582,139.3865506,523.8181145,144.0234792,225.9187613,275.870383,136.895811,168.928922,140.4266389,507.5167446,146.9394168,232.0954907
139.3865506,523.8181145,144.0234792,225.9187613,275.870383,136.895811,168.928922,140.4266389,507.5167446,146.9394168,232.0954907,275.9013981
523.8181145,144.0234792,225.9187613,275.870383,136.895811,168.928922,140.4266389,507.5167446,146.9394168,232.0954907,275.9013981,138.3846154
144.0234792,225.9187613,275.870383,136.895811,168.928922,140.4266389,507.5167446,146.9394168,232.0954907,275.9013981,138.3846154,165.5273438
225.9187613,275.870383,136.895811,168.928922,140.4266389,507.5167446,146.9394168,232.0954907,275.9013981,138.3846154,165.5273438,142.7884209
275.870383,136.895811,168.928922,140.4266389,507.5167446,146.9394168,232.0954907,275.9013981,138.3846154,165.5273438,142.7884209,499.7144489
136.895811,168.928922,140.4266389,507.5167446,146.9394168,232.0954907,275.9013981,138.3846154,165.5273438,142.7884209,499.7144489,149.3817179
168.928922,140.4266389,507.5167446,146.9394168,232.0954907,275.9013981,138.3846154,165.5273438,142.7884209,499.7144489,149.3817179,235.7881371
140.4266389,507.5167446,146.9394168,232.0954907,275.9013981,138.3846154,165.5273438,142.7884209,499.7144489,149.3817179,235.7881371,278.4090909
507.5167446,146.9394168,232.0954907,275.9013981,138.3846154,165.5273438,142.7884209,499.7144489,149.3817179,235.7881371,278.4090909,138.9155983
146.9394168,232.0954907,275.9013981,138.3846154,165.5273438,142.7884209,499.7144489,149.3817179,235.7881371,278.4090909,138.9155983,165.7547473
232.0954907,275.9013981,138.3846154,165.5273438,142.7884209,499.7144489,149.3817179,235.7881371,278.4090909,138.9155983,165.7547473,143.8636364
275.9013981,138.3846154,165.5273438,142.7884209,499.7144489,149.3817179,235.7881371,278.4090909,138.9155983,165.7547473,143.8636364,551.9374796
138.3846154,165.5273438,142.7884209,499.7144489,149.3817179,235.7881371,278.4090909,138.9155983,165.7547473,143.8636364,551.9374796,151.9522112
165.5273438,142.7884209,499.7144489,149.3817179,235.7881371,278.4090909,138.9155983,165.7547473,143.8636364,551.9374796,151.9522112,236.0651741
142.7884209,499.7144489,149.3817179,235.7881371,278.4090909,138.9155983,165.7547473,143.8636364,551.9374796,151.9522112,236.0651741,279.1881443
499.7144489,149.3817179,235.7881371,278.4090909,138.9155983,165.7547473,143.8636364,551.9374796,151.9522112,236.0651741,279.1881443,140.2879902
149.3817179,235.7881371,278.4090909,138.9155983,165.7547473,143.8636364,551.9374796,151.9522112,236.0651741,279.1881443,140.2879902,164.8044461
235.7881371,278.4090909,138.9155983,165.7547473,143.8636364,551.9374796,151.9522112,236.0651741,279.1881443,140.2879902,164.8044461,144.5082721
278.4090909,138.9155983,165.7547473,143.8636364,551.9374796,151.9522112,236.0651741,279.1881443,140.2879902,164.8044461,144.5082721,522.5119097
138.9155983,165.7547473,143.8636364,551.9374796,151.9522112,236.0651741,279.1881443,140.2879902,164.8044461,144.5082721,522.5119097,152.2850123
165.7547473,143.8636364,551.9374796,151.9522112,236.0651741,279.1881443,140.2879902,164.8044461,144.5082721,522.5119097,152.2850123,232.712766
143.8636364,551.9374796,151.9522112,236.0651741,279.1881443,140.2879902,164.8044461,144.5082721,522.5119097,152.2850123,232.712766,281.4041803
551.9374796,151.9522112,236.0651741,279.1881443,140.2879902,164.8044461,144.5082721,522.5119097,152.2850123,232.712766,281.4041803,138.7070585
151.9522112,236.0651741,279.1881443,140.2879902,164.8044461,144.5082721,522.5119097,152.2850123,232.712766,281.4041803,138.7070585,165.6965382
236.0651741,279.1881443,140.2879902,164.8044461,144.5082721,522.5119097,152.2850123,232.712766,281.4041803,138.7070585,165.6965382,143.1585292
279.1881443,140.2879902,164.8044461,144.5082721,522.5119097,152.2850123,232.712766,281.4041803,138.7070585,165.6965382,143.1585292,589.7703549
140.2879902,164.8044461,144.5082721,522.5119097,152.2850123,232.712766,281.4041803,138.7070585,165.6965382,143.1585292,589.7703549,151.1254045
164.8044461,144.5082721,522.5119097,152.2850123,232.712766,281.4041803,138.7070585,165.6965382,143.1585292,589.7703549,151.1254045,229.1061633
144.5082721,522.5119097,152.2850123,232.712766,281.4041803,138.7070585,165.6965382,143.1585292,589.7703549,151.1254045,229.1061633,281.2437561
522.5119097,152.2850123,232.712766,281.4041803,138.7070585,165.6965382,143.1585292,589.7703549,151.1254045,229.1061633,281.2437561,138.0969786
152.2850123,232.712766,281.4041803,138.7070585,165.6965382,143.1585292,589.7703549,151.1254045,229.1061633,281.2437561,138.0969786,165.726817
232.712766,281.4041803,138.7070585,165.6965382,143.1585292,589.7703549,151.1254045,229.1061633,281.2437561,138.0969786,165.726817,141.9138646
281.4041803,138.7070585,165.6965382,143.1585292,589.7703549,151.1254045,229.1061633,281.2437561,138.0969786,165.726817,141.9138646,582.7369306
138.7070585,165.6965382,143.1585292,589.7703549,151.1254045,229.1061633,281.2437561,138.0969786,165.726817,141.9138646,582.7369306,150.2797203
165.6965382,143.1585292,589.7703549,151.1254045,229.1061633,281.2437561,138.0969786,165.726817,141.9138646,582.7369306,150.2797203,232.4612403
143.1585292,589.7703549,151.1254045,229.1061633,281.2437561,138.0969786,165.726817,141.9138646,582.7369306,150.2797203,232.4612403,280.3242725
589.7703549,151.1254045,229.1061633,281.2437561,138.0969786,165.726817,141.9138646,582.7369306,150.2797203,232.4612403,280.3242725,136.9495166
151.1254045,229.1061633,281.2437561,138.0969786,165.726817,141.9138646,582.7369306,150.2797203,232.4612403,280.3242725,136.9495166,165.625
229.1061633,281.2437561,138.0969786,165.726817,141.9138646,582.7369306,150.2797203,232.4612403,280.3242725,136.9495166,165.625,141.6156148
281.2437561,138.0969786,165.726817,141.9138646,582.7369306,150.2797203,232.4612403,280.3242725,136.9495166,165.625,141.6156148,572.3648038
138.0969786,165.726817,141.9138646,582.7369306,150.2797203,232.4612403,280.3242725,136.9495166,165.625,141.6156148,572.3648038,149.6240602
165.726817,141.9138646,582.7369306,150.2797203,232.4612403,280.3242725,136.9495166,165.625,141.6156148,572.3648038,149.6240602,233.3330556
141.9138646,582.7369306,150.2797203,232.4612403,280.3242725,136.9495166,165.625,141.6156148,572.3648038,149.6240602,233.3330556,278.8820347
582.7369306,150.2797203,232.4612403,280.3242725,136.9495166,165.625,141.6156148,572.3648038,149.6240602,233.3330556,278.8820347,135.9670626
150.2797203,232.4612403,280.3242725,136.9495166,165.625,141.6156148,572.3648038,149.6240602,233.3330556,278.8820347,135.9670626,165.2854512
232.4612403,280.3242725,136.9495166,165.625,141.6156148,572.3648038,149.6240602,233.3330556,278.8820347,135.9670626,165.2854512,140.8803105
280.3242725,136.9495166,165.625,141.6156148,572.3648038,149.6240602,233.3330556,278.8820347,135.9670626,165.2854512,140.8803105,568.6572841
136.9495166,165.625,141.6156148,572.3648038,149.6240602,233.3330556,278.8820347,135.9670626,165.2854512,140.8803105,568.6572841,148.7761127
165.625,141.6156148,572.3648038,149.6240602,233.3330556,278.8820347,135.9670626,165.2854512,140.8803105,568.6572841,148.7761127,232.2635135
141.6156148,572.3648038,149.6240602,233.3330556,278.8820347,135.9670626,165.2854512,140.8803105,568.6572841,148.7761127,232.2635135,280.0407332
572.3648038,149.6240602,233.3330556,278.8820347,135.9670626,165.2854512,140.8803105,568.6572841,148.7761127,232.2635135,280.0407332,134.3697479
149.6240602,233.3330556,278.8820347,135.9670626,165.2854512,140.8803105,568.6572841,148.7761127,232.2635135,280.0407332,134.3697479,162.5502624
233.3330556,278.8820347,135.9670626,165.2854512,140.8803105,568.6572841,148.7761127,232.2635135,280.0407332,134.3697479,162.5502624,139.4067797
278.8820347,135.9670626,165.2854512,140.8803105,568.6572841,148.7761127,232.2635135,280.0407332,134.3697479,162.5502624,139.4067797,588.9292196
135.9670626,165.2854512,140.8803105,568.6572841,148.7761127,232.2635135,280.0407332,134.3697479,162.5502624,139.4067797,588.9292196,148.3002696
165.2854512,140.8803105,568.6572841,148.7761127,232.2635135,280.0407332,134.3697479,162.5502624,139.4067797,588.9292196,148.3002696,229.8717548
140.8803105,568.6572841,148.7761127,232.2635135,280.0407332,134.3697479,162.5502624,139.4067797,588.9292196,148.3002696,229.8717548,277.8450363
568.6572841,148.7761127,232.2635135,280.0407332,134.3697479,162.5502624,139.4067797,588.9292196,148.3002696,229.8717548,277.8450363,135.4312642
148.7761127,232.2635135,280.0407332,134.3697479,162.5502624,139.4067797,588.9292196,148.3002696,229.8717548,277.8450363,135.4312642,160.6358387
232.2635135,280.0407332,134.3697479,162.5502624,139.4067797,588.9292196,148.3002696,229.8717548,277.8450363,135.4312642,160.6358387,138.3608815
280.0407332,134.3697479,162.5502624,139.4067797,588.9292196,148.3002696,229.8717548,277.8450363,135.4312642,160.6358387,138.3608815,599.7474747
134.3697479,162.5502624,139.4067797,588.9292196,148.3002696,229.8717548,277.8450363,135.4312642,160.6358387,138.3608815,599.7474747,146.9948849
162.5502624,139.4067797,588.9292196,148.3002696,229.8717548,277.8450363,135.4312642,160.6358387,138.3608815,599.7474747,146.9948849,228.8554441
139.4067797,588.9292196,148.3002696,229.8717548,277.8450363,135.4312642,160.6358387,138.3608815,599.7474747,146.9948849,228.8554441,278.2766236
588.9292196,148.3002696,229.8717548,277.8450363,135.4312642,160.6358387,138.3608815,599.7474747,146.9948849,228.8554441,278.2766236,132.2024152
148.3002696,229.8717548,277.8450363,135.4312642,160.6358387,138.3608815,599.7474747,146.9948849,228.8554441,278.2766236,132.2024152,162.1857309
229.8717548,277.8450363,135.4312642,160.6358387,138.3608815,599.7474747,146.9948849,228.8554441,278.2766236,132.2024152,162.1857309,137.5752365
277.8450363,135.4312642,160.6358387,138.3608815,599.7474747,146.9948849,228.8554441,278.2766236,132.2024152,162.1857309,137.5752365,589.3621961
135.4312642,160.6358387,138.3608815,599.7474747,146.9948849,228.8554441,278.2766236,132.2024152,162.1857309,137.5752365,589.3621961,147.285798
160.6358387,138.3608815,599.7474747,146.9948849,228.8554441,278.2766236,132.2024152,162.1857309,137.5752365,589.3621961,147.285798,233.6074572
138.3608815,599.7474747,146.9948849,228.8554441,278.2766236,132.2024152,162.1857309,137.5752365,589.3621961,147.285798,233.6074572,279.6901893
599.7474747,146.9948849,228.8554441,278.2766236,132.2024152,162.1857309,137.5752365,589.3621961,147.285798,233.6074572,279.6901893,131.9802625
146.9948849,228.8554441,278.2766236,132.2024152,162.1857309,137.5752365,589.3621961,147.285798,233.6074572,279.6901893,131.9802625,161.4059971
228.8554441,278.2766236,132.2024152,162.1857309,137.5752365,589.3621961,147.285798,233.6074572,279.6901893,131.9802625,161.4059971,138.7896825
278.2766236,132.2024152,162.1857309,137.5752365,589.3621961,147.285798,233.6074572,279.6901893,131.9802625,161.4059971,138.7896825,589.3621961
132.2024152,162.1857309,137.5752365,589.3621961,147.285798,233.6074572,279.6901893,131.9802625,161.4059971,138.7896825,589.3621961,148.0480971
162.1857309,137.5752365,589.3621961,147.285798,233.6074572,279.6901893,131.9802625,161.4059971,138.7896825,589.3621961,148.0480971,241.893039
137.5752365,589.3621961,147.285798,233.6074572,279.6901893,131.9802625,161.4059971,138.7896825,589.3621961,148.0480971,241.893039,283.090334
589.3621961,147.285798,233.6074572,279.6901893,131.9802625,161.4059971,138.7896825,589.3621961,148.0480971,241.893039,283.090334,136.0677765
147.285798,233.6074572,279.6901893,131.9802625,161.4059971,138.7896825,589.3621961,148.0480971,241.893039,283.090334,136.0677765,161.2741697
233.6074572,279.6901893,131.9802625,161.4059971,138.7896825,589.3621961,148.0480971,241.893039,283.090334,136.0677765,161.2741697,141.2530497
279.6901893,131.9802625,161.4059971,138.7896825,589.3621961,148.0480971,241.893039,283.090334,136.0677765,161.2741697,141.2530497,599.3670329
131.9802625,161.4059971,138.7896825,589.3621961,148.0480971,241.893039,283.090334,136.0677765,161.2741697,141.2530497,599.3670329,151.1699507
161.4059971,138.7896825,589.3621961,148.0480971,241.893039,283.090334,136.0677765,161.2741697,141.2530497,599.3670329,151.1699507,245.723889
138.7896825,589.3621961,148.0480971,241.893039,283.090334,136.0677765,161.2741697,141.2530497,599.3670329,151.1699507,245.723889,284.0909091
589.3621961,148.0480971,241.893039,283.090334,136.0677765,161.2741697,141.2530497,599.3670329,151.1699507,245.723889,284.0909091,134.0131911
148.0480971,241.893039,283.090334,136.0677765,161.2741697,141.2530497,599.3670329,151.1699507,245.723889,284.0909091,134.0131911,162.3006834
241.893039,283.090334,136.0677765,161.2741697,141.2530497,599.3670329,151.1699507,245.723889,284.0909091,134.0131911,162.3006834,143.8106796
283.090334,136.0677765,161.2741697,141.2530497,599.3670329,151.1699507,245.723889,284.0909091,134.0131911,162.3006834,143.8106796,581.1700891
136.0677765,161.2741697,141.2530497,599.3670329,151.1699507,245.723889,284.0909091,134.0131911,162.3006834,143.8106796,581.1700891,153.5999861
161.2741697,141.2530497,599.3670329,151.1699507,245.723889,284.0909091,134.0131911,162.3006834,143.8106796,581.1700891,153.5999861,248.2445639
141.2530497,599.3670329,151.1699507,245.723889,284.0909091,134.0131911,162.3006834,143.8106796,581.1700891,153.5999861,248.2445639,285.0241546
599.3670329,151.1699507,245.723889,284.0909091,134.0131911,162.3006834,143.8106796,581.1700891,153.5999861,248.2445639,285.0241546,139.3020639
151.1699507,245.723889,284.0909091,134.0131911,162.3006834,143.8106796,581.1700891,153.5999861,248.2445639,285.0241546,139.3020639,164.0707071
245.723889,284.0909091,134.0131911,162.3006834,143.8106796,581.1700891,153.5999861,248.2445639,285.0241546,139.3020639,164.0707071,145.9057606
284.0909091,134.0131911,162.3006834,143.8106796,581.1700891,153.5999861,248.2445639,285.0241546,139.3020639,164.0707071,145.9057606,633.3333333
134.0131911,162.3006834,143.8106796,581.1700891,153.5999861,248.2445639,285.0241546,139.3020639,164.0707071,145.9057606,633.3333333,155.63655
162.3006834,143.8106796,581.1700891,153.5999861,248.2445639,285.0241546,139.3020639,164.0707071,145.9057606,633.3333333,155.63655,249.1874323
143.8106796,581.1700891,153.5999861,248.2445639,285.0241546,139.3020639,164.0707071,145.9057606,633.3333333,155.63655,249.1874323,286.259542
581.1700891,153.5999861,248.2445639,285.0241546,139.3020639,164.0707071,145.9057606,633.3333333,155.63655,249.1874323,286.259542,140.5235095
153.5999861,248.2445639,285.0241546,139.3020639,164.0707071,145.9057606,633.3333333,155.63655,249.1874323,286.259542,140.5235095,163.5674931
248.2445639,285.0241546,139.3020639,164.0707071,145.9057606,633.3333333,155.63655,249.1874323,286.259542,140.5235095,163.5674931,145.715504
285.0241546,139.3020639,164.0707071,145.9057606,633.3333333,155.63655,249.1874323,286.259542,140.5235095,163.5674931,145.715504,657.498999
139.3020639,164.0707071,145.9057606,633.3333333,155.63655,249.1874323,286.259542,140.5235095,163.5674931,145.715504,657.498999,156.2769465
164.0707071,145.9057606,633.3333333,155.63655,249.1874323,286.259542,140.5235095,163.5674931,145.715504,657.498999,156.2769465,247.3608693
145.9057606,633.3333333,155.63655,249.1874323,286.259542,140.5235095,163.5674931,145.715504,657.498999,156.2769465,247.3608693,287.2477184
633.3333333,155.63655,249.1874323,286.259542,140.5235095,163.5674931,145.715504,657.498999,156.2769465,247.3608693,287.2477184,141.340227
155.63655,249.1874323,286.259542,140.5235095,163.5674931,145.715504,657.498999,156.2769465,247.3608693,287.2477184,141.340227,161.6467769
249.1874323,286.259542,140.5235095,163.5674931,145.715504,657.498999,156.2769465,247.3608693,287.2477184,141.340227,161.6467769,145.1254796
286.259542,140.5235095,163.5674931,145.715504,657.498999,156.2769465,247.3608693,287.2477184,141.340227,161.6467769,145.1254796,656.1472715
