MPCt-12,MPCt-11,MPCt-10,MPCt-9,MPCt-8,MPCt-7,MPCt-6,MPCt-5,MPCt-4,MPCt-3,MPCt-2,MPCt-1
,,,,,,,,,,,
,,,,,,,,,,,4.454342984
,,,,,,,,,,4.454342984,4.08
,,,,,,,,,4.454342984,4.08,4.00160064
,,,,,,,,4.454342984,4.08,4.00160064,4.003202562
,,,,,,,4.454342984,4.08,4.00160064,4.003202562,6.253908693
,,,,,,4.454342984,4.08,4.00160064,4.003202562,6.253908693,4.361370717
,,,,,4.454342984,4.08,4.00160064,4.003202562,6.253908693,4.361370717,5.409060176
,,,,4.454342984,4.08,4.00160064,4.003202562,6.253908693,4.361370717,5.409060176,4.52173913
,,,4.454342984,4.08,4.00160064,4.003202562,6.253908693,4.361370717,5.409060176,4.52173913,4.347826087
,,4.454342984,4.08,4.00160064,4.003202562,6.253908693,4.361370717,5.409060176,4.52173913,4.347826087,3.848620911
,4.454342984,4.08,4.00160064,4.003202562,6.253908693,4.361370717,5.409060176,4.52173913,4.347826087,3.848620911,4.347826087
4.454342984,4.08,4.00160064,4.003202562,6.253908693,4.361370717,5.409060176,4.52173913,4.347826087,3.848620911,4.347826087,5.006257822
4.08,4.00160064,4.003202562,6.253908693,4.361370717,5.409060176,4.52173913,4.347826087,3.848620911,4.347826087,5.006257822,3.925795021
4.00160064,4.003202562,6.253908693,4.361370717,5.409060176,4.52173913,4.347826087,3.848620911,4.347826087,5.006257822,3.925795021,5.280592706
4.003202562,6.253908693,4.361370717,5.409060176,4.52173913,4.347826087,3.848620911,4.347826087,5.006257822,3.925795021,5.280592706,4.848484848
6.253908693,4.361370717,5.409060176,4.52173913,4.347826087,3.848620911,4.347826087,5.006257822,3.925795021,5.280592706,4.848484848,4.170141785
4.361370717,5.409060176,4.52173913,4.347826087,3.848620911,4.347826087,5.006257822,3.925795021,5.280592706,4.848484848,4.170141785,4.003202562
5.409060176,4.52173913,4.347826087,3.848620911,4.347826087,5.006257822,3.925795021,5.280592706,4.848484848,4.170141785,4.003202562,5.008768167
4.52173913,4.347826087,3.848620911,4.347826087,5.006257822,3.925795021,5.280592706,4.848484848,4.170141785,4.003202562,5.008768167,6.230590062
4.347826087,3.848620911,4.347826087,5.006257822,3.925795021,5.280592706,4.848484848,4.170141785,4.003202562,5.008768167,6.230590062,4.854368932
3.848620911,4.347826087,5.006257822,3.925795021,5.280592706,4.848484848,4.170141785,4.003202562,5.008768167,6.230590062,4.854368932,5.002501251
4.347826087,5.006257822,3.925795021,5.280592706,4.848484848,4.170141785,4.003202562,5.008768167,6.230590062,4.854368932,5.002501251,4.776192846
5.006257822,3.925795021,5.280592706,4.848484848,4.170141785,4.003202562,5.008768167,6.230590062,4.854368932,5.002501251,4.776192846,4.155872193
3.925795021,5.280592706,4.848484848,4.170141785,4.003202562,5.008768167,6.230590062,4.854368932,5.002501251,4.776192846,4.155872193,3.585230572
5.280592706,4.848484848,4.170141785,4.003202562,5.008768167,6.230590062,4.854368932,5.002501251,4.776192846,4.155872193,3.585230572,4.16
4.848484848,4.170141785,4.003202562,5.008768167,6.230590062,4.854368932,5.002501251,4.776192846,4.155872193,3.585230572,4.16,5.644171779
4.170141785,4.003202562,5.008768167,6.230590062,4.854368932,5.002501251,4.776192846,4.155872193,3.585230572,4.16,5.644171779,4.299863286
4.003202562,5.008768167,6.230590062,4.854368932,5.002501251,4.776192846,4.155872193,3.585230572,4.16,5.644171779,4.299863286,5.406866721
5.008768167,6.230590062,4.854368932,5.002501251,4.776192846,4.155872193,3.585230572,4.16,5.644171779,4.299863286,5.406866721,4.763416958
6.230590062,4.854368932,5.002501251,4.776192846,4.155872193,3.585230572,4.16,5.644171779,4.299863286,5.406866721,4.763416958,3.848620911
4.854368932,5.002501251,4.776192846,4.155872193,3.585230572,4.16,5.644171779,4.299863286,5.406866721,4.763416958,3.848620911,3.670818021
5.002501251,4.776192846,4.155872193,3.585230572,4.16,5.644171779,4.299863286,5.406866721,4.763416958,3.848620911,3.670818021,3.715488215
4.776192846,4.155872193,3.585230572,4.16,5.644171779,4.299863286,5.406866721,4.763416958,3.848620911,3.670818021,3.715488215,6.081601232
4.155872193,3.585230572,4.16,5.644171779,4.299863286,5.406866721,4.763416958,3.848620911,3.670818021,3.715488215,6.081601232,4.383310567
3.585230572,4.16,5.644171779,4.299863286,5.406866721,4.763416958,3.848620911,3.670818021,3.715488215,6.081601232,4.383310567,4.773534974
4.16,5.644171779,4.299863286,5.406866721,4.763416958,3.848620911,3.670818021,3.715488215,6.081601232,4.383310567,4.773534974,4.484304933
5.644171779,4.299863286,5.406866721,4.763416958,3.848620911,3.670818021,3.715488215,6.081601232,4.383310567,4.773534974,4.484304933,3.743237582
4.299863286,5.406866721,4.763416958,3.848620911,3.670818021,3.715488215,6.081601232,4.383310567,4.773534974,4.484304933,3.743237582,3.628866627
5.406866721,4.763416958,3.848620911,3.670818021,3.715488215,6.081601232,4.383310567,4.773534974,4.484304933,3.743237582,3.628866627,3.849114704
4.763416958,3.848620911,3.670818021,3.715488215,6.081601232,4.383310567,4.773534974,4.484304933,3.743237582,3.628866627,3.849114704,5.343604295
3.848620911,3.670818021,3.715488215,6.081601232,4.383310567,4.773534974,4.484304933,3.743237582,3.628866627,3.849114704,5.343604295,4.200565461
3.670818021,3.715488215,6.081601232,4.383310567,4.773534974,4.484304933,3.743237582,3.628866627,3.849114704,5.343604295,4.200565461,6.183823529
3.715488215,6.081601232,4.383310567,4.773534974,4.484304933,3.743237582,3.628866627,3.849114704,5.343604295,4.200565461,6.183823529,4.264392324
6.081601232,4.383310567,4.773534974,4.484304933,3.743237582,3.628866627,3.849114704,5.343604295,4.200565461,6.183823529,4.264392324,3.706449222
4.383310567,4.773534974,4.484304933,3.743237582,3.628866627,3.849114704,5.343604295,4.200565461,6.183823529,4.264392324,3.706449222,3.565649561
4.773534974,4.484304933,3.743237582,3.628866627,3.849114704,5.343604295,4.200565461,6.183823529,4.264392324,3.706449222,3.565649561,4.170141785
4.484304933,3.743237582,3.628866627,3.849114704,5.343604295,4.200565461,6.183823529,4.264392324,3.706449222,3.565649561,4.170141785,5.730004572
3.743237582,3.628866627,3.849114704,5.343604295,4.200565461,6.183823529,4.264392324,3.706449222,3.565649561,4.170141785,5.730004572,4.008016032
3.628866627,3.849114704,5.343604295,4.200565461,6.183823529,4.264392324,3.706449222,3.565649561,4.170141785,5.730004572,4.008016032,4.965517241
3.849114704,5.343604295,4.200565461,6.183823529,4.264392324,3.706449222,3.565649561,4.170141785,5.730004572,4.008016032,4.965517241,4.242424242
5.343604295,4.200565461,6.183823529,4.264392324,3.706449222,3.565649561,4.170141785,5.730004572,4.008016032,4.965517241,4.242424242,3.706449222
4.200565461,6.183823529,4.264392324,3.706449222,3.565649561,4.170141785,5.730004572,4.008016032,4.965517241,4.242424242,3.706449222,3.449167914
6.183823529,4.264392324,3.706449222,3.565649561,4.170141785,5.730004572,4.008016032,4.965517241,4.242424242,3.706449222,3.449167914,3.849114704
4.264392324,3.706449222,3.565649561,4.170141785,5.730004572,4.008016032,4.965517241,4.242424242,3.706449222,3.449167914,3.849114704,5.003175183
3.706449222,3.565649561,4.170141785,5.730004572,4.008016032,4.965517241,4.242424242,3.706449222,3.449167914,3.849114704,5.003175183,3.706449222
3.565649561,4.170141785,5.730004572,4.008016032,4.965517241,4.242424242,3.706449222,3.449167914,3.849114704,5.003175183,3.706449222,5.002501251
4.170141785,5.730004572,4.008016032,4.965517241,4.242424242,3.706449222,3.449167914,3.849114704,5.003175183,3.706449222,5.002501251,4.347826087
5.730004572,4.008016032,4.965517241,4.242424242,3.706449222,3.449167914,3.849114704,5.003175183,3.706449222,5.002501251,4.347826087,3.706449222
4.008016032,4.965517241,4.242424242,3.706449222,3.449167914,3.849114704,5.003175183,3.706449222,5.002501251,4.347826087,3.706449222,3.572704537
4.965517241,4.242424242,3.706449222,3.449167914,3.849114704,5.003175183,3.706449222,5.002501251,4.347826087,3.706449222,3.572704537,4.003202562
4.242424242,3.706449222,3.449167914,3.849114704,5.003175183,3.706449222,5.002501251,4.347826087,3.706449222,3.572704537,4.003202562,5.120064241
3.706449222,3.449167914,3.849114704,5.003175183,3.706449222,5.002501251,4.347826087,3.706449222,3.572704537,4.003202562,5.120064241,4.168403501
3.449167914,3.849114704,5.003175183,3.706449222,5.002501251,4.347826087,3.706449222,3.572704537,4.003202562,5.120064241,4.168403501,5.177819471
3.849114704,5.003175183,3.706449222,5.002501251,4.347826087,3.706449222,3.572704537,4.003202562,5.120064241,4.168403501,5.177819471,4.4
5.003175183,3.706449222,5.002501251,4.347826087,3.706449222,3.572704537,4.003202562,5.120064241,4.168403501,5.177819471,4.4,3.799654577
3.706449222,5.002501251,4.347826087,3.706449222,3.572704537,4.003202562,5.120064241,4.168403501,5.177819471,4.4,3.799654577,3.584871956
5.002501251,4.347826087,3.706449222,3.572704537,4.003202562,5.120064241,4.168403501,5.177819471,4.4,3.799654577,3.584871956,4.168403501
4.347826087,3.706449222,3.572704537,4.003202562,5.120064241,4.168403501,5.177819471,4.4,3.799654577,3.584871956,4.168403501,5.412719892
3.706449222,3.572704537,4.003202562,5.120064241,4.168403501,5.177819471,4.4,3.799654577,3.584871956,4.168403501,5.412719892,4.170141785
3.572704537,4.003202562,5.120064241,4.168403501,5.177819471,4.4,3.799654577,3.584871956,4.168403501,5.412719892,4.170141785,4.668674699
4.003202562,5.120064241,4.168403501,5.177819471,4.4,3.799654577,3.584871956,4.168403501,5.412719892,4.170141785,4.668674699,4.434782609
5.120064241,4.168403501,5.177819471,4.4,3.799654577,3.584871956,4.168403501,5.412719892,4.170141785,4.668674699,4.434782609,4.0
4.168403501,5.177819471,4.4,3.799654577,3.584871956,4.168403501,5.412719892,4.170141785,4.668674699,4.434782609,4.0,3.513513514
5.177819471,4.4,3.799654577,3.584871956,4.168403501,5.412719892,4.170141785,4.668674699,4.434782609,4.0,3.513513514,4.00160064
4.4,3.799654577,3.584871956,4.168403501,5.412719892,4.170141785,4.668674699,4.434782609,4.0,3.513513514,4.00160064,5.506079693
3.799654577,3.584871956,4.168403501,5.412719892,4.170141785,4.668674699,4.434782609,4.0,3.513513514,4.00160064,5.506079693,4.606741573
3.584871956,4.168403501,5.412719892,4.170141785,4.668674699,4.434782609,4.0,3.513513514,4.00160064,5.506079693,4.606741573,4.764173416
4.168403501,5.412719892,4.170141785,4.668674699,4.434782609,4.0,3.513513514,4.00160064,5.506079693,4.606741573,4.764173416,4.547521601
5.412719892,4.170141785,4.668674699,4.434782609,4.0,3.513513514,4.00160064,5.506079693,4.606741573,4.764173416,4.547521601,3.921826693
4.170141785,4.668674699,4.434782609,4.0,3.513513514,4.00160064,5.506079693,4.606741573,4.764173416,4.547521601,3.921826693,3.706449222
4.668674699,4.434782609,4.0,3.513513514,4.00160064,5.506079693,4.606741573,4.764173416,4.547521601,3.921826693,3.706449222,4.00160064
4.434782609,4.0,3.513513514,4.00160064,5.506079693,4.606741573,4.764173416,4.547521601,3.921826693,3.706449222,4.00160064,5.264543666
4.0,3.513513514,4.00160064,5.506079693,4.606741573,4.764173416,4.547521601,3.921826693,3.706449222,4.00160064,5.264543666,5.066684414
3.513513514,4.00160064,5.506079693,4.606741573,4.764173416,4.547521601,3.921826693,3.706449222,4.00160064,5.264543666,5.066684414,5.278467364
4.00160064,5.506079693,4.606741573,4.764173416,4.547521601,3.921826693,3.706449222,4.00160064,5.264543666,5.066684414,5.278467364,4.546487838
5.506079693,4.606741573,4.764173416,4.547521601,3.921826693,3.706449222,4.00160064,5.264543666,5.066684414,5.278467364,4.546487838,4.003083861
4.606741573,4.764173416,4.547521601,3.921826693,3.706449222,4.00160064,5.264543666,5.066684414,5.278467364,4.546487838,4.003083861,3.823121487
4.764173416,4.547521601,3.921826693,3.706449222,4.00160064,5.264543666,5.066684414,5.278467364,4.546487838,4.003083861,3.823121487,3.855887824
4.547521601,3.921826693,3.706449222,4.00160064,5.264543666,5.066684414,5.278467364,4.546487838,4.003083861,3.823121487,3.855887824,5.560189476
3.921826693,3.706449222,4.00160064,5.264543666,5.066684414,5.278467364,4.546487838,4.003083861,3.823121487,3.855887824,5.560189476,4.170141785
3.706449222,4.00160064,5.264543666,5.066684414,5.278467364,4.546487838,4.003083861,3.823121487,3.855887824,5.560189476,4.170141785,5.192949023
4.00160064,5.264543666,5.066684414,5.278467364,4.546487838,4.003083861,3.823121487,3.855887824,5.560189476,4.170141785,5.192949023,4.566210046
5.264543666,5.066684414,5.278467364,4.546487838,4.003083861,3.823121487,3.855887824,5.560189476,4.170141785,5.192949023,4.566210046,4.010025063
5.066684414,5.278467364,4.546487838,4.003083861,3.823121487,3.855887824,5.560189476,4.170141785,5.192949023,4.566210046,4.010025063,4.00040008
5.278467364,4.546487838,4.003083861,3.823121487,3.855887824,5.560189476,4.170141785,5.192949023,4.566210046,4.010025063,4.00040008,4.163333333
4.546487838,4.003083861,3.823121487,3.855887824,5.560189476,4.170141785,5.192949023,4.566210046,4.010025063,4.00040008,4.163333333,5.885817224
4.003083861,3.823121487,3.855887824,5.560189476,4.170141785,5.192949023,4.566210046,4.010025063,4.00040008,4.163333333,5.885817224,4.0
3.823121487,3.855887824,5.560189476,4.170141785,5.192949023,4.566210046,4.010025063,4.00040008,4.163333333,5.885817224,4.0,5.002501251
3.855887824,5.560189476,4.170141785,5.192949023,4.566210046,4.010025063,4.00040008,4.163333333,5.885817224,4.0,5.002501251,4.854368932
5.560189476,4.170141785,5.192949023,4.566210046,4.010025063,4.00040008,4.163333333,5.885817224,4.0,5.002501251,4.854368932,4.255319149
4.170141785,5.192949023,4.566210046,4.010025063,4.00040008,4.163333333,5.885817224,4.0,5.002501251,4.854368932,4.255319149,4.338153504
5.192949023,4.566210046,4.010025063,4.00040008,4.163333333,5.885817224,4.0,5.002501251,4.854368932,4.255319149,4.338153504,4.499067575
4.566210046,4.010025063,4.00040008,4.163333333,5.885817224,4.0,5.002501251,4.854368932,4.255319149,4.338153504,4.499067575,5.000649773
4.010025063,4.00040008,4.163333333,5.885817224,4.0,5.002501251,4.854368932,4.255319149,4.338153504,4.499067575,5.000649773,4.253521127
4.00040008,4.163333333,5.885817224,4.0,5.002501251,4.854368932,4.255319149,4.338153504,4.499067575,5.000649773,4.253521127,6.034449419
4.163333333,5.885817224,4.0,5.002501251,4.854368932,4.255319149,4.338153504,4.499067575,5.000649773,4.253521127,6.034449419,4.651400757
5.885817224,4.0,5.002501251,4.854368932,4.255319149,4.338153504,4.499067575,5.000649773,4.253521127,6.034449419,4.651400757,3.703703704
4.0,5.002501251,4.854368932,4.255319149,4.338153504,4.499067575,5.000649773,4.253521127,6.034449419,4.651400757,3.703703704,3.583570828
5.002501251,4.854368932,4.255319149,4.338153504,4.499067575,5.000649773,4.253521127,6.034449419,4.651400757,3.703703704,3.583570828,4.002401601
4.854368932,4.255319149,4.338153504,4.499067575,5.000649773,4.253521127,6.034449419,4.651400757,3.703703704,3.583570828,4.002401601,5.219601632
4.255319149,4.338153504,4.499067575,5.000649773,4.253521127,6.034449419,4.651400757,3.703703704,3.583570828,4.002401601,5.219601632,5.454980008
4.338153504,4.499067575,5.000649773,4.253521127,6.034449419,4.651400757,3.703703704,3.583570828,4.002401601,5.219601632,5.454980008,5.350032733
4.499067575,5.000649773,4.253521127,6.034449419,4.651400757,3.703703704,3.583570828,4.002401601,5.219601632,5.454980008,5.350032733,4.546832373
5.000649773,4.253521127,6.034449419,4.651400757,3.703703704,3.583570828,4.002401601,5.219601632,5.454980008,5.350032733,4.546832373,4.002401601
4.253521127,6.034449419,4.651400757,3.703703704,3.583570828,4.002401601,5.219601632,5.454980008,5.350032733,4.546832373,4.002401601,3.706449731
6.034449419,4.651400757,3.703703704,3.583570828,4.002401601,5.219601632,5.454980008,5.350032733,4.546832373,4.002401601,3.706449731,3.629536921
4.651400757,3.703703704,3.583570828,4.002401601,5.219601632,5.454980008,5.350032733,4.546832373,4.002401601,3.706449731,3.629536921,5.026529295
3.703703704,3.583570828,4.002401601,5.219601632,5.454980008,5.350032733,4.546832373,4.002401601,3.706449731,3.629536921,5.026529295,4.207453721
3.583570828,4.002401601,5.219601632,5.454980008,5.350032733,4.546832373,4.002401601,3.706449731,3.629536921,5.026529295,4.207453721,4.476797088
4.002401601,5.219601632,5.454980008,5.350032733,4.546832373,4.002401601,3.706449731,3.629536921,5.026529295,4.207453721,4.476797088,4.28410372
5.219601632,5.454980008,5.350032733,4.546832373,4.002401601,3.706449731,3.629536921,5.026529295,4.207453721,4.476797088,4.28410372,3.706449222
5.454980008,5.350032733,4.546832373,4.002401601,3.706449731,3.629536921,5.026529295,4.207453721,4.476797088,4.28410372,3.706449222,3.334444815
5.350032733,4.546832373,4.002401601,3.706449731,3.629536921,5.026529295,4.207453721,4.476797088,4.28410372,3.706449222,3.334444815,3.849114704
4.546832373,4.002401601,3.706449731,3.629536921,5.026529295,4.207453721,4.476797088,4.28410372,3.706449222,3.334444815,3.849114704,5.2666236
4.002401601,3.706449731,3.629536921,5.026529295,4.207453721,4.476797088,4.28410372,3.706449222,3.334444815,3.849114704,5.2666236,4.439198022
3.706449731,3.629536921,5.026529295,4.207453721,4.476797088,4.28410372,3.706449222,3.334444815,3.849114704,5.2666236,4.439198022,5.204138314
3.629536921,5.026529295,4.207453721,4.476797088,4.28410372,3.706449222,3.334444815,3.849114704,5.2666236,4.439198022,5.204138314,4.168403501
5.026529295,4.207453721,4.476797088,4.28410372,3.706449222,3.334444815,3.849114704,5.2666236,4.439198022,5.204138314,4.168403501,3.618817853
4.207453721,4.476797088,4.28410372,3.706449222,3.334444815,3.849114704,5.2666236,4.439198022,5.204138314,4.168403501,3.618817853,3.511852502
4.476797088,4.28410372,3.706449222,3.334444815,3.849114704,5.2666236,4.439198022,5.204138314,4.168403501,3.618817853,3.511852502,3.883495146
4.28410372,3.706449222,3.334444815,3.849114704,5.2666236,4.439198022,5.204138314,4.168403501,3.618817853,3.511852502,3.883495146,4.839453187
3.706449222,3.334444815,3.849114704,5.2666236,4.439198022,5.204138314,4.168403501,3.618817853,3.511852502,3.883495146,4.839453187,4.170141785
3.334444815,3.849114704,5.2666236,4.439198022,5.204138314,4.168403501,3.618817853,3.511852502,3.883495146,4.839453187,4.170141785,5.348189415
3.849114704,5.2666236,4.439198022,5.204138314,4.168403501,3.618817853,3.511852502,3.883495146,4.839453187,4.170141785,5.348189415,4.166718751
5.2666236,4.439198022,5.204138314,4.168403501,3.618817853,3.511852502,3.883495146,4.839453187,4.170141785,5.348189415,4.166718751,3.650987238
4.439198022,5.204138314,4.168403501,3.618817853,3.511852502,3.883495146,4.839453187,4.170141785,5.348189415,4.166718751,3.650987238,3.333344444
5.204138314,4.168403501,3.618817853,3.511852502,3.883495146,4.839453187,4.170141785,5.348189415,4.166718751,3.650987238,3.333344444,4.048582996
4.168403501,3.618817853,3.511852502,3.883495146,4.839453187,4.170141785,5.348189415,4.166718751,3.650987238,3.333344444,4.048582996,5.001250625
3.618817853,3.511852502,3.883495146,4.839453187,4.170141785,5.348189415,4.166718751,3.650987238,3.333344444,4.048582996,5.001250625,4.003202562
3.511852502,3.883495146,4.839453187,4.170141785,5.348189415,4.166718751,3.650987238,3.333344444,4.048582996,5.001250625,4.003202562,4.764173416
3.883495146,4.839453187,4.170141785,5.348189415,4.166718751,3.650987238,3.333344444,4.048582996,5.001250625,4.003202562,4.764173416,4.175365344
4.839453187,4.170141785,5.348189415,4.166718751,3.650987238,3.333344444,4.048582996,5.001250625,4.003202562,4.764173416,4.175365344,3.849114704
4.170141785,5.348189415,4.166718751,3.650987238,3.333344444,4.048582996,5.001250625,4.003202562,4.764173416,4.175365344,3.849114704,3.557136505
5.348189415,4.166718751,3.650987238,3.333344444,4.048582996,5.001250625,4.003202562,4.764173416,4.175365344,3.849114704,3.557136505,3.706449222
4.166718751,3.650987238,3.333344444,4.048582996,5.001250625,4.003202562,4.764173416,4.175365344,3.849114704,3.557136505,3.706449222,5.122930127
3.650987238,3.333344444,4.048582996,5.001250625,4.003202562,4.764173416,4.175365344,3.849114704,3.557136505,3.706449222,5.122930127,4.273504274
3.333344444,4.048582996,5.001250625,4.003202562,4.764173416,4.175365344,3.849114704,3.557136505,3.706449222,5.122930127,4.273504274,5.005005005
4.048582996,5.001250625,4.003202562,4.764173416,4.175365344,3.849114704,3.557136505,3.706449222,5.122930127,4.273504274,5.005005005,4.155844156
5.001250625,4.003202562,4.764173416,4.175365344,3.849114704,3.557136505,3.706449222,5.122930127,4.273504274,5.005005005,4.155844156,3.706449222
4.003202562,4.764173416,4.175365344,3.849114704,3.557136505,3.706449222,5.122930127,4.273504274,5.005005005,4.155844156,3.706449222,3.506252648
4.764173416,4.175365344,3.849114704,3.557136505,3.706449222,5.122930127,4.273504274,5.005005005,4.155844156,3.706449222,3.506252648,4.05590925
4.175365344,3.849114704,3.557136505,3.706449222,5.122930127,4.273504274,5.005005005,4.155844156,3.706449222,3.506252648,4.05590925,4.940275016
3.849114704,3.557136505,3.706449222,5.122930127,4.273504274,5.005005005,4.155844156,3.706449222,3.506252648,4.05590925,4.940275016,4.003202562
3.557136505,3.706449222,5.122930127,4.273504274,5.005005005,4.155844156,3.706449222,3.506252648,4.05590925,4.940275016,4.003202562,4.824009863
3.706449222,5.122930127,4.273504274,5.005005005,4.155844156,3.706449222,3.506252648,4.05590925,4.940275016,4.003202562,4.824009863,4.168403501
5.122930127,4.273504274,5.005005005,4.155844156,3.706449222,3.506252648,4.05590925,4.940275016,4.003202562,4.824009863,4.168403501,3.849114704
4.273504274,5.005005005,4.155844156,3.706449222,3.506252648,4.05590925,4.940275016,4.003202562,4.824009863,4.168403501,3.849114704,3.501945525
5.005005005,4.155844156,3.706449222,3.506252648,4.05590925,4.940275016,4.003202562,4.824009863,4.168403501,3.849114704,3.501945525,4.003202562
4.155844156,3.706449222,3.506252648,4.05590925,4.940275016,4.003202562,4.824009863,4.168403501,3.849114704,3.501945525,4.003202562,4.968322774
3.706449222,3.506252648,4.05590925,4.940275016,4.003202562,4.824009863,4.168403501,3.849114704,3.501945525,4.003202562,4.968322774,4.461440408
3.506252648,4.05590925,4.940275016,4.003202562,4.824009863,4.168403501,3.849114704,3.501945525,4.003202562,4.968322774,4.461440408,4.349717268
4.05590925,4.940275016,4.003202562,4.824009863,4.168403501,3.849114704,3.501945525,4.003202562,4.968322774,4.461440408,4.349717268,4.170141785
4.940275016,4.003202562,4.824009863,4.168403501,3.849114704,3.501945525,4.003202562,4.968322774,4.461440408,4.349717268,4.170141785,3.923107101
4.003202562,4.824009863,4.168403501,3.849114704,3.501945525,4.003202562,4.968322774,4.461440408,4.349717268,4.170141785,3.923107101,3.572704537
4.824009863,4.168403501,3.849114704,3.501945525,4.003202562,4.968322774,4.461440408,4.349717268,4.170141785,3.923107101,3.572704537,4.002401601
4.168403501,3.849114704,3.501945525,4.003202562,4.968322774,4.461440408,4.349717268,4.170141785,3.923107101,3.572704537,4.002401601,5.097490417
3.849114704,3.501945525,4.003202562,4.968322774,4.461440408,4.349717268,4.170141785,3.923107101,3.572704537,4.002401601,5.097490417,4.170141785
3.501945525,4.003202562,4.968322774,4.461440408,4.349717268,4.170141785,3.923107101,3.572704537,4.002401601,5.097490417,4.170141785,3.846153846
4.003202562,4.968322774,4.461440408,4.349717268,4.170141785,3.923107101,3.572704537,4.002401601,5.097490417,4.170141785,3.846153846,4.17101147
4.968322774,4.461440408,4.349717268,4.170141785,3.923107101,3.572704537,4.002401601,5.097490417,4.170141785,3.846153846,4.17101147,3.849114704
4.461440408,4.349717268,4.170141785,3.923107101,3.572704537,4.002401601,5.097490417,4.170141785,3.846153846,4.17101147,3.849114704,3.705075954
4.349717268,4.170141785,3.923107101,3.572704537,4.002401601,5.097490417,4.170141785,3.846153846,4.17101147,3.849114704,3.705075954,3.849114704
4.170141785,3.923107101,3.572704537,4.002401601,5.097490417,4.170141785,3.846153846,4.17101147,3.849114704,3.705075954,3.849114704,5.483486259
3.923107101,3.572704537,4.002401601,5.097490417,4.170141785,3.846153846,4.17101147,3.849114704,3.705075954,3.849114704,5.483486259,3.931847969
3.572704537,4.002401601,5.097490417,4.170141785,3.846153846,4.17101147,3.849114704,3.705075954,3.849114704,5.483486259,3.931847969,4.177121102
4.002401601,5.097490417,4.170141785,3.846153846,4.17101147,3.849114704,3.705075954,3.849114704,5.483486259,3.931847969,4.177121102,4.366812227
5.097490417,4.170141785,3.846153846,4.17101147,3.849114704,3.705075954,3.849114704,5.483486259,3.931847969,4.177121102,4.366812227,3.971688574
4.170141785,3.846153846,4.17101147,3.849114704,3.705075954,3.849114704,5.483486259,3.931847969,4.177121102,4.366812227,3.971688574,3.539823009
3.846153846,4.17101147,3.849114704,3.705075954,3.849114704,5.483486259,3.931847969,4.177121102,4.366812227,3.971688574,3.539823009,3.916913947
4.17101147,3.849114704,3.705075954,3.849114704,5.483486259,3.931847969,4.177121102,4.366812227,3.971688574,3.539823009,3.916913947,5.263157895
3.849114704,3.705075954,3.849114704,5.483486259,3.931847969,4.177121102,4.366812227,3.971688574,3.539823009,3.916913947,5.263157895,4.347826087
3.705075954,3.849114704,5.483486259,3.931847969,4.177121102,4.366812227,3.971688574,3.539823009,3.916913947,5.263157895,4.347826087,4.652244708
3.849114704,5.483486259,3.931847969,4.177121102,4.366812227,3.971688574,3.539823009,3.916913947,5.263157895,4.347826087,4.652244708,4.682274247
5.483486259,3.931847969,4.177121102,4.366812227,3.971688574,3.539823009,3.916913947,5.263157895,4.347826087,4.652244708,4.682274247,4.005340454
3.931847969,4.177121102,4.366812227,3.971688574,3.539823009,3.916913947,5.263157895,4.347826087,4.652244708,4.682274247,4.005340454,4.255319149
4.177121102,4.366812227,3.971688574,3.539823009,3.916913947,5.263157895,4.347826087,4.652244708,4.682274247,4.005340454,4.255319149,4.0
4.366812227,3.971688574,3.539823009,3.916913947,5.263157895,4.347826087,4.652244708,4.682274247,4.005340454,4.255319149,4.0,5.561735261
3.971688574,3.539823009,3.916913947,5.263157895,4.347826087,4.652244708,4.682274247,4.005340454,4.255319149,4.0,5.561735261,5.147623087
3.539823009,3.916913947,5.263157895,4.347826087,4.652244708,4.682274247,4.005340454,4.255319149,4.0,5.561735261,5.147623087,6.050567595
3.916913947,5.263157895,4.347826087,4.652244708,4.682274247,4.005340454,4.255319149,4.0,5.561735261,5.147623087,6.050567595,4.404404581
5.263157895,4.347826087,4.652244708,4.682274247,4.005340454,4.255319149,4.0,5.561735261,5.147623087,6.050567595,4.404404581,3.849114704
4.347826087,4.652244708,4.682274247,4.005340454,4.255319149,4.0,5.561735261,5.147623087,6.050567595,4.404404581,3.849114704,3.573981415
4.652244708,4.682274247,4.005340454,4.255319149,4.0,5.561735261,5.147623087,6.050567595,4.404404581,3.849114704,3.573981415,4.00160064
4.682274247,4.005340454,4.255319149,4.0,5.561735261,5.147623087,6.050567595,4.404404581,3.849114704,3.573981415,4.00160064,5.459439059
4.005340454,4.255319149,4.0,5.561735261,5.147623087,6.050567595,4.404404581,3.849114704,3.573981415,4.00160064,5.459439059,4.170141785
4.255319149,4.0,5.561735261,5.147623087,6.050567595,4.404404581,3.849114704,3.573981415,4.00160064,5.459439059,4.170141785,4.102564103
4.0,5.561735261,5.147623087,6.050567595,4.404404581,3.849114704,3.573981415,4.00160064,5.459439059,4.170141785,4.102564103,4.175365344
5.561735261,5.147623087,6.050567595,4.404404581,3.849114704,3.573981415,4.00160064,5.459439059,4.170141785,4.102564103,4.175365344,3.849114704
5.147623087,6.050567595,4.404404581,3.849114704,3.573981415,4.00160064,5.459439059,4.170141785,4.102564103,4.175365344,3.849114704,3.393995175
6.050567595,4.404404581,3.849114704,3.573981415,4.00160064,5.459439059,4.170141785,4.102564103,4.175365344,3.849114704,3.393995175,3.501389588
4.404404581,3.849114704,3.573981415,4.00160064,5.459439059,4.170141785,4.102564103,4.175365344,3.849114704,3.393995175,3.501389588,5.003753128
3.849114704,3.573981415,4.00160064,5.459439059,4.170141785,4.102564103,4.175365344,3.849114704,3.393995175,3.501389588,5.003753128,3.583091315
3.573981415,4.00160064,5.459439059,4.170141785,4.102564103,4.175365344,3.849114704,3.393995175,3.501389588,5.003753128,3.583091315,4.921259843
4.00160064,5.459439059,4.170141785,4.102564103,4.175365344,3.849114704,3.393995175,3.501389588,5.003753128,3.583091315,4.921259843,4.103852596
5.459439059,4.170141785,4.102564103,4.175365344,3.849114704,3.393995175,3.501389588,5.003753128,3.583091315,4.921259843,4.103852596,3.846893776
4.170141785,4.102564103,4.175365344,3.849114704,3.393995175,3.501389588,5.003753128,3.583091315,4.921259843,4.103852596,3.846893776,3.227888961
4.102564103,4.175365344,3.849114704,3.393995175,3.501389588,5.003753128,3.583091315,4.921259843,4.103852596,3.846893776,3.227888961,3.804347826
4.175365344,3.849114704,3.393995175,3.501389588,5.003753128,3.583091315,4.921259843,4.103852596,3.846893776,3.227888961,3.804347826,4.696295468
3.849114704,3.393995175,3.501389588,5.003753128,3.583091315,4.921259843,4.103852596,3.846893776,3.227888961,3.804347826,4.696295468,5.212720533
3.393995175,3.501389588,5.003753128,3.583091315,4.921259843,4.103852596,3.846893776,3.227888961,3.804347826,4.696295468,5.212720533,4.351892127
3.501389588,5.003753128,3.583091315,4.921259843,4.103852596,3.846893776,3.227888961,3.804347826,4.696295468,5.212720533,4.351892127,4.051172708
5.003753128,3.583091315,4.921259843,4.103852596,3.846893776,3.227888961,3.804347826,4.696295468,5.212720533,4.351892127,4.051172708,3.573981415
3.583091315,4.921259843,4.103852596,3.846893776,3.227888961,3.804347826,4.696295468,5.212720533,4.351892127,4.051172708,3.573981415,3.226977537
4.921259843,4.103852596,3.846893776,3.227888961,3.804347826,4.696295468,5.212720533,4.351892127,4.051172708,3.573981415,3.226977537,3.47826087
4.103852596,3.846893776,3.227888961,3.804347826,4.696295468,5.212720533,4.351892127,4.051172708,3.573981415,3.226977537,3.47826087,4.347826087
3.846893776,3.227888961,3.804347826,4.696295468,5.212720533,4.351892127,4.051172708,3.573981415,3.226977537,3.47826087,4.347826087,3.706449222
3.227888961,3.804347826,4.696295468,5.212720533,4.351892127,4.051172708,3.573981415,3.226977537,3.47826087,4.347826087,3.706449222,5.020333352
3.804347826,4.696295468,5.212720533,4.351892127,4.051172708,3.573981415,3.226977537,3.47826087,4.347826087,3.706449222,5.020333352,4.0
4.696295468,5.212720533,4.351892127,4.051172708,3.573981415,3.226977537,3.47826087,4.347826087,3.706449222,5.020333352,4.0,3.77213241
5.212720533,4.351892127,4.051172708,3.573981415,3.226977537,3.47826087,4.347826087,3.706449222,5.020333352,4.0,3.77213241,3.405797101
4.351892127,4.051172708,3.573981415,3.226977537,3.47826087,4.347826087,3.706449222,5.020333352,4.0,3.77213241,3.405797101,3.783783784
4.051172708,3.573981415,3.226977537,3.47826087,4.347826087,3.706449222,5.020333352,4.0,3.77213241,3.405797101,3.783783784,5.272407733
3.573981415,3.226977537,3.47826087,4.347826087,3.706449222,5.020333352,4.0,3.77213241,3.405797101,3.783783784,5.272407733,4.13523874
3.226977537,3.47826087,4.347826087,3.706449222,5.020333352,4.0,3.77213241,3.405797101,3.783783784,5.272407733,4.13523874,4.050632911
3.47826087,4.347826087,3.706449222,5.020333352,4.0,3.77213241,3.405797101,3.783783784,5.272407733,4.13523874,4.050632911,4.00016
4.347826087,3.706449222,5.020333352,4.0,3.77213241,3.405797101,3.783783784,5.272407733,4.13523874,4.050632911,4.00016,3.706449222
3.706449222,5.020333352,4.0,3.77213241,3.405797101,3.783783784,5.272407733,4.13523874,4.050632911,4.00016,3.706449222,3.344481605
5.020333352,4.0,3.77213241,3.405797101,3.783783784,5.272407733,4.13523874,4.050632911,4.00016,3.706449222,3.344481605,3.706449222
4.0,3.77213241,3.405797101,3.783783784,5.272407733,4.13523874,4.050632911,4.00016,3.706449222,3.344481605,3.706449222,5.003037616
3.77213241,3.405797101,3.783783784,5.272407733,4.13523874,4.050632911,4.00016,3.706449222,3.344481605,3.706449222,5.003037616,3.946772819
3.405797101,3.783783784,5.272407733,4.13523874,4.050632911,4.00016,3.706449222,3.344481605,3.706449222,5.003037616,3.946772819,4.566210046
3.783783784,5.272407733,4.13523874,4.050632911,4.00016,3.706449222,3.344481605,3.706449222,5.003037616,3.946772819,4.566210046,3.948407476
5.272407733,4.13523874,4.050632911,4.00016,3.706449222,3.344481605,3.706449222,5.003037616,3.946772819,4.566210046,3.948407476,3.857566766
4.13523874,4.050632911,4.00016,3.706449222,3.344481605,3.706449222,5.003037616,3.946772819,4.566210046,3.948407476,3.857566766,3.383946165
4.050632911,4.00016,3.706449222,3.344481605,3.706449222,5.003037616,3.946772819,4.566210046,3.948407476,3.857566766,3.383946165,4.001881986
4.00016,3.706449222,3.344481605,3.706449222,5.003037616,3.946772819,4.566210046,3.948407476,3.857566766,3.383946165,4.001881986,5.452726363
3.706449222,3.344481605,3.706449222,5.003037616,3.946772819,4.566210046,3.948407476,3.857566766,3.383946165,4.001881986,5.452726363,4.15704388
3.344481605,3.706449222,5.003037616,3.946772819,4.566210046,3.948407476,3.857566766,3.383946165,4.001881986,5.452726363,4.15704388,4.773698307
3.706449222,5.003037616,3.946772819,4.566210046,3.948407476,3.857566766,3.383946165,4.001881986,5.452726363,4.15704388,4.773698307,4.001539053
5.003037616,3.946772819,4.566210046,3.948407476,3.857566766,3.383946165,4.001881986,5.452726363,4.15704388,4.773698307,4.001539053,3.846153846
3.946772819,4.566210046,3.948407476,3.857566766,3.383946165,4.001881986,5.452726363,4.15704388,4.773698307,4.001539053,3.846153846,3.571290816
4.566210046,3.948407476,3.857566766,3.383946165,4.001881986,5.452726363,4.15704388,4.773698307,4.001539053,3.846153846,3.571290816,3.637025034
3.948407476,3.857566766,3.383946165,4.001881986,5.452726363,4.15704388,4.773698307,4.001539053,3.846153846,3.571290816,3.637025034,5.097397331
3.857566766,3.383946165,4.001881986,5.452726363,4.15704388,4.773698307,4.001539053,3.846153846,3.571290816,3.637025034,5.097397331,4.168403501
3.383946165,4.001881986,5.452726363,4.15704388,4.773698307,4.001539053,3.846153846,3.571290816,3.637025034,5.097397331,4.168403501,4.166670139
4.001881986,5.452726363,4.15704388,4.773698307,4.001539053,3.846153846,3.571290816,3.637025034,5.097397331,4.168403501,4.166670139,4.003202562
5.452726363,4.15704388,4.773698307,4.001539053,3.846153846,3.571290816,3.637025034,5.097397331,4.168403501,4.166670139,4.003202562,3.725931483
4.15704388,4.773698307,4.001539053,3.846153846,3.571290816,3.637025034,5.097397331,4.168403501,4.166670139,4.003202562,3.725931483,3.584229391
4.773698307,4.001539053,3.846153846,3.571290816,3.637025034,5.097397331,4.168403501,4.166670139,4.003202562,3.725931483,3.584229391,3.776393608
4.001539053,3.846153846,3.571290816,3.637025034,5.097397331,4.168403501,4.166670139,4.003202562,3.725931483,3.584229391,3.776393608,5.268703899
3.846153846,3.571290816,3.637025034,5.097397331,4.168403501,4.166670139,4.003202562,3.725931483,3.584229391,3.776393608,5.268703899,4.349717268
3.571290816,3.637025034,5.097397331,4.168403501,4.166670139,4.003202562,3.725931483,3.584229391,3.776393608,5.268703899,4.349717268,4.549590537
3.637025034,5.097397331,4.168403501,4.166670139,4.003202562,3.725931483,3.584229391,3.776393608,5.268703899,4.349717268,4.549590537,4.00160064
5.097397331,4.168403501,4.166670139,4.003202562,3.725931483,3.584229391,3.776393608,5.268703899,4.349717268,4.549590537,4.00160064,3.777777778
4.168403501,4.166670139,4.003202562,3.725931483,3.584229391,3.776393608,5.268703899,4.349717268,4.549590537,4.00160064,3.777777778,3.502501787
4.166670139,4.003202562,3.725931483,3.584229391,3.776393608,5.268703899,4.349717268,4.549590537,4.00160064,3.777777778,3.502501787,3.895742488
4.003202562,3.725931483,3.584229391,3.776393608,5.268703899,4.349717268,4.549590537,4.00160064,3.777777778,3.502501787,3.895742488,5.066605067
3.725931483,3.584229391,3.776393608,5.268703899,4.349717268,4.549590537,4.00160064,3.777777778,3.502501787,3.895742488,5.066605067,4.306220096
3.584229391,3.776393608,5.268703899,4.349717268,4.549590537,4.00160064,3.777777778,3.502501787,3.895742488,5.066605067,4.306220096,4.792344498
3.776393608,5.268703899,4.349717268,4.549590537,4.00160064,3.777777778,3.502501787,3.895742488,5.066605067,4.306220096,4.792344498,4.090909091
5.268703899,4.349717268,4.549590537,4.00160064,3.777777778,3.502501787,3.895742488,5.066605067,4.306220096,4.792344498,4.090909091,3.573981415
4.349717268,4.549590537,4.00160064,3.777777778,3.502501787,3.895742488,5.066605067,4.306220096,4.792344498,4.090909091,3.573981415,3.44862069
4.549590537,4.00160064,3.777777778,3.502501787,3.895742488,5.066605067,4.306220096,4.792344498,4.090909091,3.573981415,3.44862069,3.743018325
4.00160064,3.777777778,3.502501787,3.895742488,5.066605067,4.306220096,4.792344498,4.090909091,3.573981415,3.44862069,3.743018325,5.561735261
3.777777778,3.502501787,3.895742488,5.066605067,4.306220096,4.792344498,4.090909091,3.573981415,3.44862069,3.743018325,5.561735261,4.227928035
3.502501787,3.895742488,5.066605067,4.306220096,4.792344498,4.090909091,3.573981415,3.44862069,3.743018325,5.561735261,4.227928035,4.485263186
3.895742488,5.066605067,4.306220096,4.792344498,4.090909091,3.573981415,3.44862069,3.743018325,5.561735261,4.227928035,4.485263186,4.301075269
5.066605067,4.306220096,4.792344498,4.090909091,3.573981415,3.44862069,3.743018325,5.561735261,4.227928035,4.485263186,4.301075269,4.003202562
4.306220096,4.792344498,4.090909091,3.573981415,3.44862069,3.743018325,5.561735261,4.227928035,4.485263186,4.301075269,4.003202562,3.970452447
4.792344498,4.090909091,3.573981415,3.44862069,3.743018325,5.561735261,4.227928035,4.485263186,4.301075269,4.003202562,3.970452447,4.19695014
4.090909091,3.573981415,3.44862069,3.743018325,5.561735261,4.227928035,4.485263186,4.301075269,4.003202562,3.970452447,4.19695014,5.546292867
3.573981415,3.44862069,3.743018325,5.561735261,4.227928035,4.485263186,4.301075269,4.003202562,3.970452447,4.19695014,5.546292867,5.459508644
3.44862069,3.743018325,5.561735261,4.227928035,4.485263186,4.301075269,4.003202562,3.970452447,4.19695014,5.546292867,5.459508644,4.908658033
3.743018325,5.561735261,4.227928035,4.485263186,4.301075269,4.003202562,3.970452447,4.19695014,5.546292867,5.459508644,4.908658033,4.184100418
5.561735261,4.227928035,4.485263186,4.301075269,4.003202562,3.970452447,4.19695014,5.546292867,5.459508644,4.908658033,4.184100418,3.847633705
4.227928035,4.485263186,4.301075269,4.003202562,3.970452447,4.19695014,5.546292867,5.459508644,4.908658033,4.184100418,3.847633705,3.636363636
4.485263186,4.301075269,4.003202562,3.970452447,4.19695014,5.546292867,5.459508644,4.908658033,4.184100418,3.847633705,3.636363636,3.923076923
4.301075269,4.003202562,3.970452447,4.19695014,5.546292867,5.459508644,4.908658033,4.184100418,3.847633705,3.636363636,3.923076923,5.551137901
4.003202562,3.970452447,4.19695014,5.546292867,5.459508644,4.908658033,4.184100418,3.847633705,3.636363636,3.923076923,5.551137901,5.102040816
3.970452447,4.19695014,5.546292867,5.459508644,4.908658033,4.184100418,3.847633705,3.636363636,3.923076923,5.551137901,5.102040816,5.044208384
4.19695014,5.546292867,5.459508644,4.908658033,4.184100418,3.847633705,3.636363636,3.923076923,5.551137901,5.102040816,5.044208384,4.130335016
5.546292867,5.459508644,4.908658033,4.184100418,3.847633705,3.636363636,3.923076923,5.551137901,5.102040816,5.044208384,4.130335016,4.00160064
5.459508644,4.908658033,4.184100418,3.847633705,3.636363636,3.923076923,5.551137901,5.102040816,5.044208384,4.130335016,4.00160064,3.68635059
4.908658033,4.184100418,3.847633705,3.636363636,3.923076923,5.551137901,5.102040816,5.044208384,4.130335016,4.00160064,3.68635059,3.797468354
4.184100418,3.847633705,3.636363636,3.923076923,5.551137901,5.102040816,5.044208384,4.130335016,4.00160064,3.68635059,3.797468354,6.257822278
3.847633705,3.636363636,3.923076923,5.551137901,5.102040816,5.044208384,4.130335016,4.00160064,3.68635059,3.797468354,6.257822278,3.870967742
3.636363636,3.923076923,5.551137901,5.102040816,5.044208384,4.130335016,4.00160064,3.68635059,3.797468354,6.257822278,3.870967742,4.413015206
3.923076923,5.551137901,5.102040816,5.044208384,4.130335016,4.00160064,3.68635059,3.797468354,6.257822278,3.870967742,4.413015206,4.0
5.551137901,5.102040816,5.044208384,4.130335016,4.00160064,3.68635059,3.797468354,6.257822278,3.870967742,4.413015206,4.0,3.586206897
5.102040816,5.044208384,4.130335016,4.00160064,3.68635059,3.797468354,6.257822278,3.870967742,4.413015206,4.0,3.586206897,3.274784162
5.044208384,4.130335016,4.00160064,3.68635059,3.797468354,6.257822278,3.870967742,4.413015206,4.0,3.586206897,3.274784162,3.580094156
4.130335016,4.00160064,3.68635059,3.797468354,6.257822278,3.870967742,4.413015206,4.0,3.586206897,3.274784162,3.580094156,5.023365278
4.00160064,3.68635059,3.797468354,6.257822278,3.870967742,4.413015206,4.0,3.586206897,3.274784162,3.580094156,5.023365278,4.257130694
3.68635059,3.797468354,6.257822278,3.870967742,4.413015206,4.0,3.586206897,3.274784162,3.580094156,5.023365278,4.257130694,4.16473343
3.797468354,6.257822278,3.870967742,4.413015206,4.0,3.586206897,3.274784162,3.580094156,5.023365278,4.257130694,4.16473343,3.851851852
6.257822278,3.870967742,4.413015206,4.0,3.586206897,3.274784162,3.580094156,5.023365278,4.257130694,4.16473343,3.851851852,3.377499358
3.870967742,4.413015206,4.0,3.586206897,3.274784162,3.580094156,5.023365278,4.257130694,4.16473343,3.851851852,3.377499358,3.364759084
4.413015206,4.0,3.586206897,3.274784162,3.580094156,5.023365278,4.257130694,4.16473343,3.851851852,3.377499358,3.364759084,3.337041157
4.0,3.586206897,3.274784162,3.580094156,5.023365278,4.257130694,4.16473343,3.851851852,3.377499358,3.364759084,3.337041157,5.220063718
3.586206897,3.274784162,3.580094156,5.023365278,4.257130694,4.16473343,3.851851852,3.377499358,3.364759084,3.337041157,5.220063718,3.754693367
3.274784162,3.580094156,5.023365278,4.257130694,4.16473343,3.851851852,3.377499358,3.364759084,3.337041157,5.220063718,3.754693367,3.9410299
3.580094156,5.023365278,4.257130694,4.16473343,3.851851852,3.377499358,3.364759084,3.337041157,5.220063718,3.754693367,3.9410299,3.853564547
5.023365278,4.257130694,4.16473343,3.851851852,3.377499358,3.364759084,3.337041157,5.220063718,3.754693367,3.9410299,3.853564547,3.573981415
4.257130694,4.16473343,3.851851852,3.377499358,3.364759084,3.337041157,5.220063718,3.754693367,3.9410299,3.853564547,3.573981415,3.227888961
4.16473343,3.851851852,3.377499358,3.364759084,3.337041157,5.220063718,3.754693367,3.9410299,3.853564547,3.573981415,3.227888961,3.445378151
3.851851852,3.377499358,3.364759084,3.337041157,5.220063718,3.754693367,3.9410299,3.853564547,3.573981415,3.227888961,3.445378151,4.766444233
3.377499358,3.364759084,3.337041157,5.220063718,3.754693367,3.9410299,3.853564547,3.573981415,3.227888961,3.445378151,4.766444233,4.349718091
3.364759084,3.337041157,5.220063718,3.754693367,3.9410299,3.853564547,3.573981415,3.227888961,3.445378151,4.766444233,4.349718091,4.784688995
3.337041157,5.220063718,3.754693367,3.9410299,3.853564547,3.573981415,3.227888961,3.445378151,4.766444233,4.349718091,4.784688995,3.84669633
5.220063718,3.754693367,3.9410299,3.853564547,3.573981415,3.227888961,3.445378151,4.766444233,4.349718091,4.784688995,3.84669633,3.450655625
3.754693367,3.9410299,3.853564547,3.573981415,3.227888961,3.445378151,4.766444233,4.349718091,4.784688995,3.84669633,3.450655625,3.395595526
3.9410299,3.853564547,3.573981415,3.227888961,3.445378151,4.766444233,4.349718091,4.784688995,3.84669633,3.450655625,3.395595526,3.691194642
3.853564547,3.573981415,3.227888961,3.445378151,4.766444233,4.349718091,4.784688995,3.84669633,3.450655625,3.395595526,3.691194642,4.785894207
3.573981415,3.227888961,3.445378151,4.766444233,4.349718091,4.784688995,3.84669633,3.450655625,3.395595526,3.691194642,4.785894207,4.464285714
3.227888961,3.445378151,4.766444233,4.349718091,4.784688995,3.84669633,3.450655625,3.395595526,3.691194642,4.785894207,4.464285714,4.137458668
3.445378151,4.766444233,4.349718091,4.784688995,3.84669633,3.450655625,3.395595526,3.691194642,4.785894207,4.464285714,4.137458668,3.846153846
4.766444233,4.349718091,4.784688995,3.84669633,3.450655625,3.395595526,3.691194642,4.785894207,4.464285714,4.137458668,3.846153846,3.588385728
4.349718091,4.784688995,3.84669633,3.450655625,3.395595526,3.691194642,4.785894207,4.464285714,4.137458668,3.846153846,3.588385728,3.271458719
4.784688995,3.84669633,3.450655625,3.395595526,3.691194642,4.785894207,4.464285714,4.137458668,3.846153846,3.588385728,3.271458719,3.597122302
3.84669633,3.450655625,3.395595526,3.691194642,4.785894207,4.464285714,4.137458668,3.846153846,3.588385728,3.271458719,3.597122302,5.012531328
3.450655625,3.395595526,3.691194642,4.785894207,4.464285714,4.137458668,3.846153846,3.588385728,3.271458719,3.597122302,5.012531328,4.252565054
3.395595526,3.691194642,4.785894207,4.464285714,4.137458668,3.846153846,3.588385728,3.271458719,3.597122302,5.012531328,4.252565054,4.349717268
3.691194642,4.785894207,4.464285714,4.137458668,3.846153846,3.588385728,3.271458719,3.597122302,5.012531328,4.252565054,4.349717268,3.851091142
4.785894207,4.464285714,4.137458668,3.846153846,3.588385728,3.271458719,3.597122302,5.012531328,4.252565054,4.349717268,3.851091142,3.679175865
4.464285714,4.137458668,3.846153846,3.588385728,3.271458719,3.597122302,5.012531328,4.252565054,4.349717268,3.851091142,3.679175865,3.529411765
4.137458668,3.846153846,3.588385728,3.271458719,3.597122302,5.012531328,4.252565054,4.349717268,3.851091142,3.679175865,3.529411765,3.575579054
3.846153846,3.588385728,3.271458719,3.597122302,5.012531328,4.252565054,4.349717268,3.851091142,3.679175865,3.529411765,3.575579054,5.137282359
3.588385728,3.271458719,3.597122302,5.012531328,4.252565054,4.349717268,3.851091142,3.679175865,3.529411765,3.575579054,5.137282359,4.897959184
3.271458719,3.597122302,5.012531328,4.252565054,4.349717268,3.851091142,3.679175865,3.529411765,3.575579054,5.137282359,4.897959184,4.366812227
3.597122302,5.012531328,4.252565054,4.349717268,3.851091142,3.679175865,3.529411765,3.575579054,5.137282359,4.897959184,4.366812227,3.853564547
5.012531328,4.252565054,4.349717268,3.851091142,3.679175865,3.529411765,3.575579054,5.137282359,4.897959184,4.366812227,3.853564547,3.636363636
4.252565054,4.349717268,3.851091142,3.679175865,3.529411765,3.575579054,5.137282359,4.897959184,4.366812227,3.853564547,3.636363636,3.420895322
4.349717268,3.851091142,3.679175865,3.529411765,3.575579054,5.137282359,4.897959184,4.366812227,3.853564547,3.636363636,3.420895322,3.703703704
3.851091142,3.679175865,3.529411765,3.575579054,5.137282359,4.897959184,4.366812227,3.853564547,3.636363636,3.420895322,3.703703704,5.450500556
3.679175865,3.529411765,3.575579054,5.137282359,4.897959184,4.366812227,3.853564547,3.636363636,3.420895322,3.703703704,5.450500556,4.545454545
3.529411765,3.575579054,5.137282359,4.897959184,4.366812227,3.853564547,3.636363636,3.420895322,3.703703704,5.450500556,4.545454545,4.272579773
3.575579054,5.137282359,4.897959184,4.366812227,3.853564547,3.636363636,3.420895322,3.703703704,5.450500556,4.545454545,4.272579773,3.856041131
5.137282359,4.897959184,4.366812227,3.853564547,3.636363636,3.420895322,3.703703704,5.450500556,4.545454545,4.272579773,3.856041131,3.781349157
4.897959184,4.366812227,3.853564547,3.636363636,3.420895322,3.703703704,5.450500556,4.545454545,4.272579773,3.856041131,3.781349157,3.597122302
4.366812227,3.853564547,3.636363636,3.420895322,3.703703704,5.450500556,4.545454545,4.272579773,3.856041131,3.781349157,3.597122302,4.003202562
3.853564547,3.636363636,3.420895322,3.703703704,5.450500556,4.545454545,4.272579773,3.856041131,3.781349157,3.597122302,4.003202562,5.666884083
3.636363636,3.420895322,3.703703704,5.450500556,4.545454545,4.272579773,3.856041131,3.781349157,3.597122302,4.003202562,5.666884083,5.0
3.420895322,3.703703704,5.450500556,4.545454545,4.272579773,3.856041131,3.781349157,3.597122302,4.003202562,5.666884083,5.0,4.370211154
3.703703704,5.450500556,4.545454545,4.272579773,3.856041131,3.781349157,3.597122302,4.003202562,5.666884083,5.0,4.370211154,3.948407476
5.450500556,4.545454545,4.272579773,3.856041131,3.781349157,3.597122302,4.003202562,5.666884083,5.0,4.370211154,3.948407476,4.003639672
4.545454545,4.272579773,3.856041131,3.781349157,3.597122302,4.003202562,5.666884083,5.0,4.370211154,3.948407476,4.003639672,3.484771224
4.272579773,3.856041131,3.781349157,3.597122302,4.003202562,5.666884083,5.0,4.370211154,3.948407476,4.003639672,3.484771224,3.849114704
3.856041131,3.781349157,3.597122302,4.003202562,5.666884083,5.0,4.370211154,3.948407476,4.003639672,3.484771224,3.849114704,5.261830698
3.781349157,3.597122302,4.003202562,5.666884083,5.0,4.370211154,3.948407476,4.003639672,3.484771224,3.849114704,5.261830698,4.547521601
3.597122302,4.003202562,5.666884083,5.0,4.370211154,3.948407476,4.003639672,3.484771224,3.849114704,5.261830698,4.547521601,4.282831988
4.003202562,5.666884083,5.0,4.370211154,3.948407476,4.003639672,3.484771224,3.849114704,5.261830698,4.547521601,4.282831988,4.193734563
5.666884083,5.0,4.370211154,3.948407476,4.003639672,3.484771224,3.849114704,5.261830698,4.547521601,4.282831988,4.193734563,4.170141785
5.0,4.370211154,3.948407476,4.003639672,3.484771224,3.849114704,5.261830698,4.547521601,4.282831988,4.193734563,4.170141785,3.788349332
4.370211154,3.948407476,4.003639672,3.484771224,3.849114704,5.261830698,4.547521601,4.282831988,4.193734563,4.170141785,3.788349332,4.102222834
3.948407476,4.003639672,3.484771224,3.849114704,5.261830698,4.547521601,4.282831988,4.193734563,4.170141785,3.788349332,4.102222834,6.051950105
4.003639672,3.484771224,3.849114704,5.261830698,4.547521601,4.282831988,4.193734563,4.170141785,3.788349332,4.102222834,6.051950105,4.784688995
3.484771224,3.849114704,5.261830698,4.547521601,4.282831988,4.193734563,4.170141785,3.788349332,4.102222834,6.051950105,4.784688995,5.600850964
3.849114704,5.261830698,4.547521601,4.282831988,4.193734563,4.170141785,3.788349332,4.102222834,6.051950105,4.784688995,5.600850964,4.00040004
5.261830698,4.547521601,4.282831988,4.193734563,4.170141785,3.788349332,4.102222834,6.051950105,4.784688995,5.600850964,4.00040004,3.997512688
4.547521601,4.282831988,4.193734563,4.170141785,3.788349332,4.102222834,6.051950105,4.784688995,5.600850964,4.00040004,3.997512688,3.573981415
4.282831988,4.193734563,4.170141785,3.788349332,4.102222834,6.051950105,4.784688995,5.600850964,4.00040004,3.997512688,3.573981415,3.719212736
4.193734563,4.170141785,3.788349332,4.102222834,6.051950105,4.784688995,5.600850964,4.00040004,3.997512688,3.573981415,3.719212736,5.617977528
4.170141785,3.788349332,4.102222834,6.051950105,4.784688995,5.600850964,4.00040004,3.997512688,3.573981415,3.719212736,5.617977528,4.827586207
3.788349332,4.102222834,6.051950105,4.784688995,5.600850964,4.00040004,3.997512688,3.573981415,3.719212736,5.617977528,4.827586207,4.366812227
4.102222834,6.051950105,4.784688995,5.600850964,4.00040004,3.997512688,3.573981415,3.719212736,5.617977528,4.827586207,4.366812227,4.044489383
6.051950105,4.784688995,5.600850964,4.00040004,3.997512688,3.573981415,3.719212736,5.617977528,4.827586207,4.366812227,4.044489383,4.168403501
4.784688995,5.600850964,4.00040004,3.997512688,3.573981415,3.719212736,5.617977528,4.827586207,4.366812227,4.044489383,4.168403501,3.237860918
5.600850964,4.00040004,3.997512688,3.573981415,3.719212736,5.617977528,4.827586207,4.366812227,4.044489383,4.168403501,3.237860918,4.00148258
4.00040004,3.997512688,3.573981415,3.719212736,5.617977528,4.827586207,4.366812227,4.044489383,4.168403501,3.237860918,4.00148258,5.808237106
3.997512688,3.573981415,3.719212736,5.617977528,4.827586207,4.366812227,4.044489383,4.168403501,3.237860918,4.00148258,5.808237106,4.97870693
3.573981415,3.719212736,5.617977528,4.827586207,4.366812227,4.044489383,4.168403501,3.237860918,4.00148258,5.808237106,4.97870693,5.01086051
3.719212736,5.617977528,4.827586207,4.366812227,4.044489383,4.168403501,3.237860918,4.00148258,5.808237106,4.97870693,5.01086051,3.846185898
5.617977528,4.827586207,4.366812227,4.044489383,4.168403501,3.237860918,4.00148258,5.808237106,4.97870693,5.01086051,3.846185898,3.83147387
4.827586207,4.366812227,4.044489383,4.168403501,3.237860918,4.00148258,5.808237106,4.97870693,5.01086051,3.846185898,3.83147387,3.338393319
4.366812227,4.044489383,4.168403501,3.237860918,4.00148258,5.808237106,4.97870693,5.01086051,3.846185898,3.83147387,3.338393319,3.82753141
4.044489383,4.168403501,3.237860918,4.00148258,5.808237106,4.97870693,5.01086051,3.846185898,3.83147387,3.338393319,3.82753141,4.952380952
4.168403501,3.237860918,4.00148258,5.808237106,4.97870693,5.01086051,3.846185898,3.83147387,3.338393319,3.82753141,4.952380952,4.19412822
3.237860918,4.00148258,5.808237106,4.97870693,5.01086051,3.846185898,3.83147387,3.338393319,3.82753141,4.952380952,4.19412822,4.8
4.00148258,5.808237106,4.97870693,5.01086051,3.846185898,3.83147387,3.338393319,3.82753141,4.952380952,4.19412822,4.8,3.773584906
5.808237106,4.97870693,5.01086051,3.846185898,3.83147387,3.338393319,3.82753141,4.952380952,4.19412822,4.8,3.773584906,3.779132791
4.97870693,5.01086051,3.846185898,3.83147387,3.338393319,3.82753141,4.952380952,4.19412822,4.8,3.773584906,3.779132791,3.355921265
5.01086051,3.846185898,3.83147387,3.338393319,3.82753141,4.952380952,4.19412822,4.8,3.773584906,3.779132791,3.355921265,3.706449222
3.846185898,3.83147387,3.338393319,3.82753141,4.952380952,4.19412822,4.8,3.773584906,3.779132791,3.355921265,3.706449222,4.952976488
3.83147387,3.338393319,3.82753141,4.952380952,4.19412822,4.8,3.773584906,3.779132791,3.355921265,3.706449222,4.952976488,4.351610096
3.338393319,3.82753141,4.952380952,4.19412822,4.8,3.773584906,3.779132791,3.355921265,3.706449222,4.952976488,4.351610096,4.444444444
3.82753141,4.952380952,4.19412822,4.8,3.773584906,3.779132791,3.355921265,3.706449222,4.952976488,4.351610096,4.444444444,3.754693367
4.952380952,4.19412822,4.8,3.773584906,3.779132791,3.355921265,3.706449222,4.952976488,4.351610096,4.444444444,3.754693367,3.887866505
4.19412822,4.8,3.773584906,3.779132791,3.355921265,3.706449222,4.952976488,4.351610096,4.444444444,3.754693367,3.887866505,3.344481605
4.8,3.773584906,3.779132791,3.355921265,3.706449222,4.952976488,4.351610096,4.444444444,3.754693367,3.887866505,3.344481605,3.661266967
3.773584906,3.779132791,3.355921265,3.706449222,4.952976488,4.351610096,4.444444444,3.754693367,3.887866505,3.344481605,3.661266967,5.265929437
3.779132791,3.355921265,3.706449222,4.952976488,4.351610096,4.444444444,3.754693367,3.887866505,3.344481605,3.661266967,5.265929437,4.522292994
3.355921265,3.706449222,4.952976488,4.351610096,4.444444444,3.754693367,3.887866505,3.344481605,3.661266967,5.265929437,4.522292994,4.340265047
3.706449222,4.952976488,4.351610096,4.444444444,3.754693367,3.887866505,3.344481605,3.661266967,5.265929437,4.522292994,4.340265047,3.722721438
4.952976488,4.351610096,4.444444444,3.754693367,3.887866505,3.344481605,3.661266967,5.265929437,4.522292994,4.340265047,3.722721438,3.60862558
4.351610096,4.444444444,3.754693367,3.887866505,3.344481605,3.661266967,5.265929437,4.522292994,4.340265047,3.722721438,3.60862558,3.341329776
4.444444444,3.754693367,3.887866505,3.344481605,3.661266967,5.265929437,4.522292994,4.340265047,3.722721438,3.60862558,3.341329776,3.787878788
3.754693367,3.887866505,3.344481605,3.661266967,5.265929437,4.522292994,4.340265047,3.722721438,3.60862558,3.341329776,3.787878788,5.188291139
3.887866505,3.344481605,3.661266967,5.265929437,4.522292994,4.340265047,3.722721438,3.60862558,3.341329776,3.787878788,5.188291139,4.093959732
3.344481605,3.661266967,5.265929437,4.522292994,4.340265047,3.722721438,3.60862558,3.341329776,3.787878788,5.188291139,4.093959732,4.763606117
3.661266967,5.265929437,4.522292994,4.340265047,3.722721438,3.60862558,3.341329776,3.787878788,5.188291139,4.093959732,4.763606117,3.725931483
5.265929437,4.522292994,4.340265047,3.722721438,3.60862558,3.341329776,3.787878788,5.188291139,4.093959732,4.763606117,3.725931483,3.735179961
4.522292994,4.340265047,3.722721438,3.60862558,3.341329776,3.787878788,5.188291139,4.093959732,4.763606117,3.725931483,3.735179961,3.227426015
4.340265047,3.722721438,3.60862558,3.341329776,3.787878788,5.188291139,4.093959732,4.763606117,3.725931483,3.735179961,3.227426015,3.773570924
3.722721438,3.60862558,3.341329776,3.787878788,5.188291139,4.093959732,4.763606117,3.725931483,3.735179961,3.227426015,3.773570924,5.268703899
3.60862558,3.341329776,3.787878788,5.188291139,4.093959732,4.763606117,3.725931483,3.735179961,3.227426015,3.773570924,5.268703899,4.493255874
3.341329776,3.787878788,5.188291139,4.093959732,4.763606117,3.725931483,3.735179961,3.227426015,3.773570924,5.268703899,4.493255874,4.351610096
3.787878788,5.188291139,4.093959732,4.763606117,3.725931483,3.735179961,3.227426015,3.773570924,5.268703899,4.493255874,4.351610096,3.717472119
5.188291139,4.093959732,4.763606117,3.725931483,3.735179961,3.227426015,3.773570924,5.268703899,4.493255874,4.351610096,3.717472119,4.001066951
4.093959732,4.763606117,3.725931483,3.735179961,3.227426015,3.773570924,5.268703899,4.493255874,4.351610096,3.717472119,4.001066951,3.473767217
4.763606117,3.725931483,3.735179961,3.227426015,3.773570924,5.268703899,4.493255874,4.351610096,3.717472119,4.001066951,3.473767217,3.711672942
3.725931483,3.735179961,3.227426015,3.773570924,5.268703899,4.493255874,4.351610096,3.717472119,4.001066951,3.473767217,3.711672942,4.819979342
3.735179961,3.227426015,3.773570924,5.268703899,4.493255874,4.351610096,3.717472119,4.001066951,3.473767217,3.711672942,4.819979342,4.081632653
3.227426015,3.773570924,5.268703899,4.493255874,4.351610096,3.717472119,4.001066951,3.473767217,3.711672942,4.819979342,4.081632653,4.446420631
3.773570924,5.268703899,4.493255874,4.351610096,3.717472119,4.001066951,3.473767217,3.711672942,4.819979342,4.081632653,4.446420631,3.846819643
5.268703899,4.493255874,4.351610096,3.717472119,4.001066951,3.473767217,3.711672942,4.819979342,4.081632653,4.446420631,3.846819643,4.168403501
4.493255874,4.351610096,3.717472119,4.001066951,3.473767217,3.711672942,4.819979342,4.081632653,4.446420631,3.846819643,4.168403501,3.357070193
4.351610096,3.717472119,4.001066951,3.473767217,3.711672942,4.819979342,4.081632653,4.446420631,3.846819643,4.168403501,3.357070193,3.851059616
3.717472119,4.001066951,3.473767217,3.711672942,4.819979342,4.081632653,4.446420631,3.846819643,4.168403501,3.357070193,3.851059616,5.222252522
4.001066951,3.473767217,3.711672942,4.819979342,4.081632653,4.446420631,3.846819643,4.168403501,3.357070193,3.851059616,5.222252522,4.976863275
3.473767217,3.711672942,4.819979342,4.081632653,4.446420631,3.846819643,4.168403501,3.357070193,3.851059616,5.222252522,4.976863275,4.246800276
3.711672942,4.819979342,4.081632653,4.446420631,3.846819643,4.168403501,3.357070193,3.851059616,5.222252522,4.976863275,4.246800276,3.847633705
4.819979342,4.081632653,4.446420631,3.846819643,4.168403501,3.357070193,3.851059616,5.222252522,4.976863275,4.246800276,3.847633705,4.006010018
4.081632653,4.446420631,3.846819643,4.168403501,3.357070193,3.851059616,5.222252522,4.976863275,4.246800276,3.847633705,4.006010018,3.631473126
4.446420631,3.846819643,4.168403501,3.357070193,3.851059616,5.222252522,4.976863275,4.246800276,3.847633705,4.006010018,3.631473126,3.875968992
3.846819643,4.168403501,3.357070193,3.851059616,5.222252522,4.976863275,4.246800276,3.847633705,4.006010018,3.631473126,3.875968992,4.871456823
4.168403501,3.357070193,3.851059616,5.222252522,4.976863275,4.246800276,3.847633705,4.006010018,3.631473126,3.875968992,4.871456823,4.385964912
3.357070193,3.851059616,5.222252522,4.976863275,4.246800276,3.847633705,4.006010018,3.631473126,3.875968992,4.871456823,4.385964912,4.00160064
3.851059616,5.222252522,4.976863275,4.246800276,3.847633705,4.006010018,3.631473126,3.875968992,4.871456823,4.385964912,4.00160064,3.855421687
5.222252522,4.976863275,4.246800276,3.847633705,4.006010018,3.631473126,3.875968992,4.871456823,4.385964912,4.00160064,3.855421687,4.351610096
4.976863275,4.246800276,3.847633705,4.006010018,3.631473126,3.875968992,4.871456823,4.385964912,4.00160064,3.855421687,4.351610096,3.571428571
4.246800276,3.847633705,4.006010018,3.631473126,3.875968992,4.871456823,4.385964912,4.00160064,3.855421687,4.351610096,3.571428571,4.016032129
3.847633705,4.006010018,3.631473126,3.875968992,4.871456823,4.385964912,4.00160064,3.855421687,4.351610096,3.571428571,4.016032129,4.842870544
4.006010018,3.631473126,3.875968992,4.871456823,4.385964912,4.00160064,3.855421687,4.351610096,3.571428571,4.016032129,4.842870544,4.580306699
3.631473126,3.875968992,4.871456823,4.385964912,4.00160064,3.855421687,4.351610096,3.571428571,4.016032129,4.842870544,4.580306699,4.348771678
3.875968992,4.871456823,4.385964912,4.00160064,3.855421687,4.351610096,3.571428571,4.016032129,4.842870544,4.580306699,4.348771678,4.264392324
4.871456823,4.385964912,4.00160064,3.855421687,4.351610096,3.571428571,4.016032129,4.842870544,4.580306699,4.348771678,4.264392324,4.170141785
4.385964912,4.00160064,3.855421687,4.351610096,3.571428571,4.016032129,4.842870544,4.580306699,4.348771678,4.264392324,4.170141785,4.146057421
4.00160064,3.855421687,4.351610096,3.571428571,4.016032129,4.842870544,4.580306699,4.348771678,4.264392324,4.170141785,4.146057421,4.547521601
3.855421687,4.351610096,3.571428571,4.016032129,4.842870544,4.580306699,4.348771678,4.264392324,4.170141785,4.146057421,4.547521601,5.025125628
4.351610096,3.571428571,4.016032129,4.842870544,4.580306699,4.348771678,4.264392324,4.170141785,4.146057421,4.547521601,5.025125628,5.289532294
3.571428571,4.016032129,4.842870544,4.580306699,4.348771678,4.264392324,4.170141785,4.146057421,4.547521601,5.025125628,5.289532294,5.095946613
4.016032129,4.842870544,4.580306699,4.348771678,4.264392324,4.170141785,4.146057421,4.547521601,5.025125628,5.289532294,5.095946613,4.071773637
4.842870544,4.580306699,4.348771678,4.264392324,4.170141785,4.146057421,4.547521601,5.025125628,5.289532294,5.095946613,4.071773637,4.002401601
4.580306699,4.348771678,4.264392324,4.170141785,4.146057421,4.547521601,5.025125628,5.289532294,5.095946613,4.071773637,4.002401601,3.861003861
4.348771678,4.264392324,4.170141785,4.146057421,4.547521601,5.025125628,5.289532294,5.095946613,4.071773637,4.002401601,3.861003861,4.017730313
4.264392324,4.170141785,4.146057421,4.547521601,5.025125628,5.289532294,5.095946613,4.071773637,4.002401601,3.861003861,4.017730313,5.561735261
4.170141785,4.146057421,4.547521601,5.025125628,5.289532294,5.095946613,4.071773637,4.002401601,3.861003861,4.017730313,5.561735261,4.761904762
4.146057421,4.547521601,5.025125628,5.289532294,5.095946613,4.071773637,4.002401601,3.861003861,4.017730313,5.561735261,4.761904762,4.354066986
4.547521601,5.025125628,5.289532294,5.095946613,4.071773637,4.002401601,3.861003861,4.017730313,5.561735261,4.761904762,4.354066986,3.961584634
5.025125628,5.289532294,5.095946613,4.071773637,4.002401601,3.861003861,4.017730313,5.561735261,4.761904762,4.354066986,3.961584634,3.850483278
5.289532294,5.095946613,4.071773637,4.002401601,3.861003861,4.017730313,5.561735261,4.761904762,4.354066986,3.961584634,3.850483278,3.637686431
5.095946613,4.071773637,4.002401601,3.861003861,4.017730313,5.561735261,4.761904762,4.354066986,3.961584634,3.850483278,3.637686431,4.022872247
4.071773637,4.002401601,3.861003861,4.017730313,5.561735261,4.761904762,4.354066986,3.961584634,3.850483278,3.637686431,4.022872247,6.67334075
4.002401601,3.861003861,4.017730313,5.561735261,4.761904762,4.354066986,3.961584634,3.850483278,3.637686431,4.022872247,6.67334075,4.780952381
3.861003861,4.017730313,5.561735261,4.761904762,4.354066986,3.961584634,3.850483278,3.637686431,4.022872247,6.67334075,4.780952381,3.775009438
4.017730313,5.561735261,4.761904762,4.354066986,3.961584634,3.850483278,3.637686431,4.022872247,6.67334075,4.780952381,3.775009438,3.847549909
5.561735261,4.761904762,4.354066986,3.961584634,3.850483278,3.637686431,4.022872247,6.67334075,4.780952381,3.775009438,3.847549909,3.704252482
4.761904762,4.354066986,3.961584634,3.850483278,3.637686431,4.022872247,6.67334075,4.780952381,3.775009438,3.847549909,3.704252482,3.335557038
4.354066986,3.961584634,3.850483278,3.637686431,4.022872247,6.67334075,4.780952381,3.775009438,3.847549909,3.704252482,3.335557038,3.846893776
3.961584634,3.850483278,3.637686431,4.022872247,6.67334075,4.780952381,3.775009438,3.847549909,3.704252482,3.335557038,3.846893776,5.561735261
3.850483278,3.637686431,4.022872247,6.67334075,4.780952381,3.775009438,3.847549909,3.704252482,3.335557038,3.846893776,5.561735261,4.259850905
3.637686431,4.022872247,6.67334075,4.780952381,3.775009438,3.847549909,3.704252482,3.335557038,3.846893776,5.561735261,4.259850905,5.037011354
4.022872247,6.67334075,4.780952381,3.775009438,3.847549909,3.704252482,3.335557038,3.846893776,5.561735261,4.259850905,5.037011354,3.710575139
6.67334075,4.780952381,3.775009438,3.847549909,3.704252482,3.335557038,3.846893776,5.561735261,4.259850905,5.037011354,3.710575139,3.637686431
4.780952381,3.775009438,3.847549909,3.704252482,3.335557038,3.846893776,5.561735261,4.259850905,5.037011354,3.710575139,3.637686431,3.35134528
3.775009438,3.847549909,3.704252482,3.335557038,3.846893776,5.561735261,4.259850905,5.037011354,3.710575139,3.637686431,3.35134528,3.759571288
3.847549909,3.704252482,3.335557038,3.846893776,5.561735261,4.259850905,5.037011354,3.710575139,3.637686431,3.35134528,3.759571288,5.586592179
3.704252482,3.335557038,3.846893776,5.561735261,4.259850905,5.037011354,3.710575139,3.637686431,3.35134528,3.759571288,5.586592179,4.364639656
3.335557038,3.846893776,5.561735261,4.259850905,5.037011354,3.710575139,3.637686431,3.35134528,3.759571288,5.586592179,4.364639656,4.050632911
3.846893776,5.561735261,4.259850905,5.037011354,3.710575139,3.637686431,3.35134528,3.759571288,5.586592179,4.364639656,4.050632911,3.690060442
5.561735261,4.259850905,5.037011354,3.710575139,3.637686431,3.35134528,3.759571288,5.586592179,4.364639656,4.050632911,3.690060442,3.754693367
4.259850905,5.037011354,3.710575139,3.637686431,3.35134528,3.759571288,5.586592179,4.364639656,4.050632911,3.690060442,3.754693367,3.252320409
5.037011354,3.710575139,3.637686431,3.35134528,3.759571288,5.586592179,4.364639656,4.050632911,3.690060442,3.754693367,3.252320409,3.706449222
3.710575139,3.637686431,3.35134528,3.759571288,5.586592179,4.364639656,4.050632911,3.690060442,3.754693367,3.252320409,3.706449222,5.209315794
3.637686431,3.35134528,3.759571288,5.586592179,4.364639656,4.050632911,3.690060442,3.754693367,3.252320409,3.706449222,5.209315794,4.439613527
3.35134528,3.759571288,5.586592179,4.364639656,4.050632911,3.690060442,3.754693367,3.252320409,3.706449222,5.209315794,4.439613527,4.04040404
3.759571288,5.586592179,4.364639656,4.050632911,3.690060442,3.754693367,3.252320409,3.706449222,5.209315794,4.439613527,4.04040404,3.703703704
5.586592179,4.364639656,4.050632911,3.690060442,3.754693367,3.252320409,3.706449222,5.209315794,4.439613527,4.04040404,3.703703704,4.00040008
4.364639656,4.050632911,3.690060442,3.754693367,3.252320409,3.706449222,5.209315794,4.439613527,4.04040404,3.703703704,4.00040008,3.395585739
4.050632911,3.690060442,3.754693367,3.252320409,3.706449222,5.209315794,4.439613527,4.04040404,3.703703704,4.00040008,3.395585739,3.706449222
3.690060442,3.754693367,3.252320409,3.706449222,5.209315794,4.439613527,4.04040404,3.703703704,4.00040008,3.395585739,3.706449222,5.421891507
3.754693367,3.252320409,3.706449222,5.209315794,4.439613527,4.04040404,3.703703704,4.00040008,3.395585739,3.706449222,5.421891507,4.168403501
3.252320409,3.706449222,5.209315794,4.439613527,4.04040404,3.703703704,4.00040008,3.395585739,3.706449222,5.421891507,4.168403501,4.50494927
3.706449222,5.209315794,4.439613527,4.04040404,3.703703704,4.00040008,3.395585739,3.706449222,5.421891507,4.168403501,4.50494927,3.697996918
5.209315794,4.439613527,4.04040404,3.703703704,4.00040008,3.395585739,3.706449222,5.421891507,4.168403501,4.50494927,3.697996918,3.857719608
4.439613527,4.04040404,3.703703704,4.00040008,3.395585739,3.706449222,5.421891507,4.168403501,4.50494927,3.697996918,3.857719608,3.50188755
4.04040404,3.703703704,4.00040008,3.395585739,3.706449222,5.421891507,4.168403501,4.50494927,3.697996918,3.857719608,3.50188755,4.016064257
3.703703704,4.00040008,3.395585739,3.706449222,5.421891507,4.168403501,4.50494927,3.697996918,3.857719608,3.50188755,4.016064257,5.491186252
4.00040008,3.395585739,3.706449222,5.421891507,4.168403501,4.50494927,3.697996918,3.857719608,3.50188755,4.016064257,5.491186252,4.444444444
