MSPt-12,MSPt-11,MSPt-10,MSPt-9,MSPt-8,MSPt-7,MSPt-6,MSPt-5,MSPt-4,MSPt-3,MSPt-2,MSPt-1,MSPt,MSPt+1
,,,,,,,,,,,,235.5711,85.9652
,,,,,,,,,,,235.5711,85.9652,132.6075
,,,,,,,,,,235.5711,85.9652,132.6075,119.133
,,,,,,,,,235.5711,85.9652,132.6075,119.133,74.47
,,,,,,,,235.5711,85.9652,132.6075,119.133,74.47,73.0457
,,,,,,,235.5711,85.9652,132.6075,119.133,74.47,73.0457,113.0205
,,,,,,235.5711,85.9652,132.6075,119.133,74.47,73.0457,113.0205,234.4697
,,,,,235.5711,85.9652,132.6075,119.133,74.47,73.0457,113.0205,234.4697,85.5346
,,,,235.5711,85.9652,132.6075,119.133,74.47,73.0457,113.0205,234.4697,85.5346,133.1974
,,,235.5711,85.9652,132.6075,119.133,74.47,73.0457,113.0205,234.4697,85.5346,133.1974,118.6722
,,235.5711,85.9652,132.6075,119.133,74.47,73.0457,113.0205,234.4697,85.5346,133.1974,118.6722,74.3473
,235.5711,85.9652,132.6075,119.133,74.47,73.0457,113.0205,234.4697,85.5346,133.1974,118.6722,74.3473,73.3933
235.5711,85.9652,132.6075,119.133,74.47,73.0457,113.0205,234.4697,85.5346,133.1974,118.6722,74.3473,73.3933,111.0908
85.9652,132.6075,119.133,74.47,73.0457,113.0205,234.4697,85.5346,133.1974,118.6722,74.3473,73.3933,111.0908,231.1999
132.6075,119.133,74.47,73.0457,113.0205,234.4697,85.5346,133.1974,118.6722,74.3473,73.3933,111.0908,231.1999,84.4796
119.133,74.47,73.0457,113.0205,234.4697,85.5346,133.1974,118.6722,74.3473,73.3933,111.0908,231.1999,84.4796,129.9556
74.47,73.0457,113.0205,234.4697,85.5346,133.1974,118.6722,74.3473,73.3933,111.0908,231.1999,84.4796,129.9556,117.9777
73.0457,113.0205,234.4697,85.5346,133.1974,118.6722,74.3473,73.3933,111.0908,231.1999,84.4796,129.9556,117.9777,79.9631
113.0205,234.4697,85.5346,133.1974,118.6722,74.3473,73.3933,111.0908,231.1999,84.4796,129.9556,117.9777,79.9631,73.2828
234.4697,85.5346,133.1974,118.6722,74.3473,73.3933,111.0908,231.1999,84.4796,129.9556,117.9777,79.9631,73.2828,108.9853
85.5346,133.1974,118.6722,74.3473,73.3933,111.0908,231.1999,84.4796,129.9556,117.9777,79.9631,73.2828,108.9853,228.924
133.1974,118.6722,74.3473,73.3933,111.0908,231.1999,84.4796,129.9556,117.9777,79.9631,73.2828,108.9853,228.924,84.1008
118.6722,74.3473,73.3933,111.0908,231.1999,84.4796,129.9556,117.9777,79.9631,73.2828,108.9853,228.924,84.1008,126.9658
74.3473,73.3933,111.0908,231.1999,84.4796,129.9556,117.9777,79.9631,73.2828,108.9853,228.924,84.1008,126.9658,115.4132
73.3933,111.0908,231.1999,84.4796,129.9556,117.9777,79.9631,73.2828,108.9853,228.924,84.1008,126.9658,115.4132,71.6053
111.0908,231.1999,84.4796,129.9556,117.9777,79.9631,73.2828,108.9853,228.924,84.1008,126.9658,115.4132,71.6053,69.2544
231.1999,84.4796,129.9556,117.9777,79.9631,73.2828,108.9853,228.924,84.1008,126.9658,115.4132,71.6053,69.2544,111.6288
84.4796,129.9556,117.9777,79.9631,73.2828,108.9853,228.924,84.1008,126.9658,115.4132,71.6053,69.2544,111.6288,229.718
129.9556,117.9777,79.9631,73.2828,108.9853,228.924,84.1008,126.9658,115.4132,71.6053,69.2544,111.6288,229.718,82.0749
117.9777,79.9631,73.2828,108.9853,228.924,84.1008,126.9658,115.4132,71.6053,69.2544,111.6288,229.718,82.0749,127.5368
79.9631,73.2828,108.9853,228.924,84.1008,126.9658,115.4132,71.6053,69.2544,111.6288,229.718,82.0749,127.5368,114.5715
73.2828,108.9853,228.924,84.1008,126.9658,115.4132,71.6053,69.2544,111.6288,229.718,82.0749,127.5368,114.5715,66.6447
108.9853,228.924,84.1008,126.9658,115.4132,71.6053,69.2544,111.6288,229.718,82.0749,127.5368,114.5715,66.6447,69.0471
228.924,84.1008,126.9658,115.4132,71.6053,69.2544,111.6288,229.718,82.0749,127.5368,114.5715,66.6447,69.0471,112.4075
84.1008,126.9658,115.4132,71.6053,69.2544,111.6288,229.718,82.0749,127.5368,114.5715,66.6447,69.0471,112.4075,229.1252
126.9658,115.4132,71.6053,69.2544,111.6288,229.718,82.0749,127.5368,114.5715,66.6447,69.0471,112.4075,229.1252,80.9617
115.4132,71.6053,69.2544,111.6288,229.718,82.0749,127.5368,114.5715,66.6447,69.0471,112.4075,229.1252,80.9617,127.5923
71.6053,69.2544,111.6288,229.718,82.0749,127.5368,114.5715,66.6447,69.0471,112.4075,229.1252,80.9617,127.5923,113.4748
69.2544,111.6288,229.718,82.0749,127.5368,114.5715,66.6447,69.0471,112.4075,229.1252,80.9617,127.5923,113.4748,65.4049
111.6288,229.718,82.0749,127.5368,114.5715,66.6447,69.0471,112.4075,229.1252,80.9617,127.5923,113.4748,65.4049,70.1678
229.718,82.0749,127.5368,114.5715,66.6447,69.0471,112.4075,229.1252,80.9617,127.5923,113.4748,65.4049,70.1678,107.5967
82.0749,127.5368,114.5715,66.6447,69.0471,112.4075,229.1252,80.9617,127.5923,113.4748,65.4049,70.1678,107.5967,230.8938
127.5368,114.5715,66.6447,69.0471,112.4075,229.1252,80.9617,127.5923,113.4748,65.4049,70.1678,107.5967,230.8938,81.9961
114.5715,66.6447,69.0471,112.4075,229.1252,80.9617,127.5923,113.4748,65.4049,70.1678,107.5967,230.8938,81.9961,128.1435
66.6447,69.0471,112.4075,229.1252,80.9617,127.5923,113.4748,65.4049,70.1678,107.5967,230.8938,81.9961,128.1435,114.4527
69.0471,112.4075,229.1252,80.9617,127.5923,113.4748,65.4049,70.1678,107.5967,230.8938,81.9961,128.1435,114.4527,67.8636
112.4075,229.1252,80.9617,127.5923,113.4748,65.4049,70.1678,107.5967,230.8938,81.9961,128.1435,114.4527,67.8636,71.5832
229.1252,80.9617,127.5923,113.4748,65.4049,70.1678,107.5967,230.8938,81.9961,128.1435,114.4527,67.8636,71.5832,106.2361
80.9617,127.5923,113.4748,65.4049,70.1678,107.5967,230.8938,81.9961,128.1435,114.4527,67.8636,71.5832,106.2361,230.3119
127.5923,113.4748,65.4049,70.1678,107.5967,230.8938,81.9961,128.1435,114.4527,67.8636,71.5832,106.2361,230.3119,84.5018
113.4748,65.4049,70.1678,107.5967,230.8938,81.9961,128.1435,114.4527,67.8636,71.5832,106.2361,230.3119,84.5018,128.4869
65.4049,70.1678,107.5967,230.8938,81.9961,128.1435,114.4527,67.8636,71.5832,106.2361,230.3119,84.5018,128.4869,115.9607
70.1678,107.5967,230.8938,81.9961,128.1435,114.4527,67.8636,71.5832,106.2361,230.3119,84.5018,128.4869,115.9607,70.6416
107.5967,230.8938,81.9961,128.1435,114.4527,67.8636,71.5832,106.2361,230.3119,84.5018,128.4869,115.9607,70.6416,70.7994
230.8938,81.9961,128.1435,114.4527,67.8636,71.5832,106.2361,230.3119,84.5018,128.4869,115.9607,70.6416,70.7994,111.0226
81.9961,128.1435,114.4527,67.8636,71.5832,106.2361,230.3119,84.5018,128.4869,115.9607,70.6416,70.7994,111.0226,230.2628
128.1435,114.4527,67.8636,71.5832,106.2361,230.3119,84.5018,128.4869,115.9607,70.6416,70.7994,111.0226,230.2628,86.2123
114.4527,67.8636,71.5832,106.2361,230.3119,84.5018,128.4869,115.9607,70.6416,70.7994,111.0226,230.2628,86.2123,132.6607
67.8636,71.5832,106.2361,230.3119,84.5018,128.4869,115.9607,70.6416,70.7994,111.0226,230.2628,86.2123,132.6607,117.1555
71.5832,106.2361,230.3119,84.5018,128.4869,115.9607,70.6416,70.7994,111.0226,230.2628,86.2123,132.6607,117.1555,68.5787
106.2361,230.3119,84.5018,128.4869,115.9607,70.6416,70.7994,111.0226,230.2628,86.2123,132.6607,117.1555,68.5787,75.3007
230.3119,84.5018,128.4869,115.9607,70.6416,70.7994,111.0226,230.2628,86.2123,132.6607,117.1555,68.5787,75.3007,109.9177
84.5018,128.4869,115.9607,70.6416,70.7994,111.0226,230.2628,86.2123,132.6607,117.1555,68.5787,75.3007,109.9177,233.7741
128.4869,115.9607,70.6416,70.7994,111.0226,230.2628,86.2123,132.6607,117.1555,68.5787,75.3007,109.9177,233.7741,87.6372
115.9607,70.6416,70.7994,111.0226,230.2628,86.2123,132.6607,117.1555,68.5787,75.3007,109.9177,233.7741,87.6372,132.8961
70.6416,70.7994,111.0226,230.2628,86.2123,132.6607,117.1555,68.5787,75.3007,109.9177,233.7741,87.6372,132.8961,118.3722
70.7994,111.0226,230.2628,86.2123,132.6607,117.1555,68.5787,75.3007,109.9177,233.7741,87.6372,132.8961,118.3722,69.6674
111.0226,230.2628,86.2123,132.6607,117.1555,68.5787,75.3007,109.9177,233.7741,87.6372,132.8961,118.3722,69.6674,75.2878
230.2628,86.2123,132.6607,117.1555,68.5787,75.3007,109.9177,233.7741,87.6372,132.8961,118.3722,69.6674,75.2878,110.9705
86.2123,132.6607,117.1555,68.5787,75.3007,109.9177,233.7741,87.6372,132.8961,118.3722,69.6674,75.2878,110.9705,233.7281
132.6607,117.1555,68.5787,75.3007,109.9177,233.7741,87.6372,132.8961,118.3722,69.6674,75.2878,110.9705,233.7281,87.4962
117.1555,68.5787,75.3007,109.9177,233.7741,87.6372,132.8961,118.3722,69.6674,75.2878,110.9705,233.7281,87.4962,131.6312
68.5787,75.3007,109.9177,233.7741,87.6372,132.8961,118.3722,69.6674,75.2878,110.9705,233.7281,87.4962,131.6312,117.8438
75.3007,109.9177,233.7741,87.6372,132.8961,118.3722,69.6674,75.2878,110.9705,233.7281,87.4962,131.6312,117.8438,71.0805
109.9177,233.7741,87.6372,132.8961,118.3722,69.6674,75.2878,110.9705,233.7281,87.4962,131.6312,117.8438,71.0805,74.3713
233.7741,87.6372,132.8961,118.3722,69.6674,75.2878,110.9705,233.7281,87.4962,131.6312,117.8438,71.0805,74.3713,108.7553
87.6372,132.8961,118.3722,69.6674,75.2878,110.9705,233.7281,87.4962,131.6312,117.8438,71.0805,74.3713,108.7553,230.7781
132.8961,118.3722,69.6674,75.2878,110.9705,233.7281,87.4962,131.6312,117.8438,71.0805,74.3713,108.7553,230.7781,86.434
118.3722,69.6674,75.2878,110.9705,233.7281,87.4962,131.6312,117.8438,71.0805,74.3713,108.7553,230.7781,86.434,129.1648
69.6674,75.2878,110.9705,233.7281,87.4962,131.6312,117.8438,71.0805,74.3713,108.7553,230.7781,86.434,129.1648,117.354
75.2878,110.9705,233.7281,87.4962,131.6312,117.8438,71.0805,74.3713,108.7553,230.7781,86.434,129.1648,117.354,74.0448
110.9705,233.7281,87.4962,131.6312,117.8438,71.0805,74.3713,108.7553,230.7781,86.434,129.1648,117.354,74.0448,75.8239
233.7281,87.4962,131.6312,117.8438,71.0805,74.3713,108.7553,230.7781,86.434,129.1648,117.354,74.0448,75.8239,107.8786
87.4962,131.6312,117.8438,71.0805,74.3713,108.7553,230.7781,86.434,129.1648,117.354,74.0448,75.8239,107.8786,227.3584
131.6312,117.8438,71.0805,74.3713,108.7553,230.7781,86.434,129.1648,117.354,74.0448,75.8239,107.8786,227.3584,86.2865
117.8438,71.0805,74.3713,108.7553,230.7781,86.434,129.1648,117.354,74.0448,75.8239,107.8786,227.3584,86.2865,130.6538
71.0805,74.3713,108.7553,230.7781,86.434,129.1648,117.354,74.0448,75.8239,107.8786,227.3584,86.2865,130.6538,117.9588
74.3713,108.7553,230.7781,86.434,129.1648,117.354,74.0448,75.8239,107.8786,227.3584,86.2865,130.6538,117.9588,77.7368
108.7553,230.7781,86.434,129.1648,117.354,74.0448,75.8239,107.8786,227.3584,86.2865,130.6538,117.9588,77.7368,75.7496
230.7781,86.434,129.1648,117.354,74.0448,75.8239,107.8786,227.3584,86.2865,130.6538,117.9588,77.7368,75.7496,109.9677
86.434,129.1648,117.354,74.0448,75.8239,107.8786,227.3584,86.2865,130.6538,117.9588,77.7368,75.7496,109.9677,221.4781
129.1648,117.354,74.0448,75.8239,107.8786,227.3584,86.2865,130.6538,117.9588,77.7368,75.7496,109.9677,221.4781,86.2178
117.354,74.0448,75.8239,107.8786,227.3584,86.2865,130.6538,117.9588,77.7368,75.7496,109.9677,221.4781,86.2178,128.3126
74.0448,75.8239,107.8786,227.3584,86.2865,130.6538,117.9588,77.7368,75.7496,109.9677,221.4781,86.2178,128.3126,116.5057
75.8239,107.8786,227.3584,86.2865,130.6538,117.9588,77.7368,75.7496,109.9677,221.4781,86.2178,128.3126,116.5057,74.5605
107.8786,227.3584,86.2865,130.6538,117.9588,77.7368,75.7496,109.9677,221.4781,86.2178,128.3126,116.5057,74.5605,72.4813
227.3584,86.2865,130.6538,117.9588,77.7368,75.7496,109.9677,221.4781,86.2178,128.3126,116.5057,74.5605,72.4813,115.9838
86.2865,130.6538,117.9588,77.7368,75.7496,109.9677,221.4781,86.2178,128.3126,116.5057,74.5605,72.4813,115.9838,215.0015
130.6538,117.9588,77.7368,75.7496,109.9677,221.4781,86.2178,128.3126,116.5057,74.5605,72.4813,115.9838,215.0015,85.31
117.9588,77.7368,75.7496,109.9677,221.4781,86.2178,128.3126,116.5057,74.5605,72.4813,115.9838,215.0015,85.31,127.7413
77.7368,75.7496,109.9677,221.4781,86.2178,128.3126,116.5057,74.5605,72.4813,115.9838,215.0015,85.31,127.7413,112.7881
75.7496,109.9677,221.4781,86.2178,128.3126,116.5057,74.5605,72.4813,115.9838,215.0015,85.31,127.7413,112.7881,73.3758
109.9677,221.4781,86.2178,128.3126,116.5057,74.5605,72.4813,115.9838,215.0015,85.31,127.7413,112.7881,73.3758,71.3695
221.4781,86.2178,128.3126,116.5057,74.5605,72.4813,115.9838,215.0015,85.31,127.7413,112.7881,73.3758,71.3695,103.9302
86.2178,128.3126,116.5057,74.5605,72.4813,115.9838,215.0015,85.31,127.7413,112.7881,73.3758,71.3695,103.9302,212.1263
128.3126,116.5057,74.5605,72.4813,115.9838,215.0015,85.31,127.7413,112.7881,73.3758,71.3695,103.9302,212.1263,85.2237
116.5057,74.5605,72.4813,115.9838,215.0015,85.31,127.7413,112.7881,73.3758,71.3695,103.9302,212.1263,85.2237,124.8808
74.5605,72.4813,115.9838,215.0015,85.31,127.7413,112.7881,73.3758,71.3695,103.9302,212.1263,85.2237,124.8808,111.1893
72.4813,115.9838,215.0015,85.31,127.7413,112.7881,73.3758,71.3695,103.9302,212.1263,85.2237,124.8808,111.1893,69.36
115.9838,215.0015,85.31,127.7413,112.7881,73.3758,71.3695,103.9302,212.1263,85.2237,124.8808,111.1893,69.36,71.5485
215.0015,85.31,127.7413,112.7881,73.3758,71.3695,103.9302,212.1263,85.2237,124.8808,111.1893,69.36,71.5485,103.9964
85.31,127.7413,112.7881,73.3758,71.3695,103.9302,212.1263,85.2237,124.8808,111.1893,69.36,71.5485,103.9964,214.4316
127.7413,112.7881,73.3758,71.3695,103.9302,212.1263,85.2237,124.8808,111.1893,69.36,71.5485,103.9964,214.4316,84.6459
112.7881,73.3758,71.3695,103.9302,212.1263,85.2237,124.8808,111.1893,69.36,71.5485,103.9964,214.4316,84.6459,123.9332
73.3758,71.3695,103.9302,212.1263,85.2237,124.8808,111.1893,69.36,71.5485,103.9964,214.4316,84.6459,123.9332,112.3211
71.3695,103.9302,212.1263,85.2237,124.8808,111.1893,69.36,71.5485,103.9964,214.4316,84.6459,123.9332,112.3211,67.9243
103.9302,212.1263,85.2237,124.8808,111.1893,69.36,71.5485,103.9964,214.4316,84.6459,123.9332,112.3211,67.9243,72.9691
212.1263,85.2237,124.8808,111.1893,69.36,71.5485,103.9964,214.4316,84.6459,123.9332,112.3211,67.9243,72.9691,110.0224
85.2237,124.8808,111.1893,69.36,71.5485,103.9964,214.4316,84.6459,123.9332,112.3211,67.9243,72.9691,110.0224,215.8652
124.8808,111.1893,69.36,71.5485,103.9964,214.4316,84.6459,123.9332,112.3211,67.9243,72.9691,110.0224,215.8652,84.9481
111.1893,69.36,71.5485,103.9964,214.4316,84.6459,123.9332,112.3211,67.9243,72.9691,110.0224,215.8652,84.9481,123.0003
69.36,71.5485,103.9964,214.4316,84.6459,123.9332,112.3211,67.9243,72.9691,110.0224,215.8652,84.9481,123.0003,111.1137
71.5485,103.9964,214.4316,84.6459,123.9332,112.3211,67.9243,72.9691,110.0224,215.8652,84.9481,123.0003,111.1137,64.2151
103.9964,214.4316,84.6459,123.9332,112.3211,67.9243,72.9691,110.0224,215.8652,84.9481,123.0003,111.1137,64.2151,66.8758
214.4316,84.6459,123.9332,112.3211,67.9243,72.9691,110.0224,215.8652,84.9481,123.0003,111.1137,64.2151,66.8758,111.7777
84.6459,123.9332,112.3211,67.9243,72.9691,110.0224,215.8652,84.9481,123.0003,111.1137,64.2151,66.8758,111.7777,212.4835
123.9332,112.3211,67.9243,72.9691,110.0224,215.8652,84.9481,123.0003,111.1137,64.2151,66.8758,111.7777,212.4835,85.1421
112.3211,67.9243,72.9691,110.0224,215.8652,84.9481,123.0003,111.1137,64.2151,66.8758,111.7777,212.4835,85.1421,125.8524
67.9243,72.9691,110.0224,215.8652,84.9481,123.0003,111.1137,64.2151,66.8758,111.7777,212.4835,85.1421,125.8524,110.8666
72.9691,110.0224,215.8652,84.9481,123.0003,111.1137,64.2151,66.8758,111.7777,212.4835,85.1421,125.8524,110.8666,66.1587
110.0224,215.8652,84.9481,123.0003,111.1137,64.2151,66.8758,111.7777,212.4835,85.1421,125.8524,110.8666,66.1587,65.982
215.8652,84.9481,123.0003,111.1137,64.2151,66.8758,111.7777,212.4835,85.1421,125.8524,110.8666,66.1587,65.982,109.5807
84.9481,123.0003,111.1137,64.2151,66.8758,111.7777,212.4835,85.1421,125.8524,110.8666,66.1587,65.982,109.5807,214.3594
123.0003,111.1137,64.2151,66.8758,111.7777,212.4835,85.1421,125.8524,110.8666,66.1587,65.982,109.5807,214.3594,87.5208
111.1137,64.2151,66.8758,111.7777,212.4835,85.1421,125.8524,110.8666,66.1587,65.982,109.5807,214.3594,87.5208,128.7997
64.2151,66.8758,111.7777,212.4835,85.1421,125.8524,110.8666,66.1587,65.982,109.5807,214.3594,87.5208,128.7997,112.5667
66.8758,111.7777,212.4835,85.1421,125.8524,110.8666,66.1587,65.982,109.5807,214.3594,87.5208,128.7997,112.5667,68.9992
111.7777,212.4835,85.1421,125.8524,110.8666,66.1587,65.982,109.5807,214.3594,87.5208,128.7997,112.5667,68.9992,70.9847
212.4835,85.1421,125.8524,110.8666,66.1587,65.982,109.5807,214.3594,87.5208,128.7997,112.5667,68.9992,70.9847,104.7363
85.1421,125.8524,110.8666,66.1587,65.982,109.5807,214.3594,87.5208,128.7997,112.5667,68.9992,70.9847,104.7363,218.6803
125.8524,110.8666,66.1587,65.982,109.5807,214.3594,87.5208,128.7997,112.5667,68.9992,70.9847,104.7363,218.6803,88.8856
110.8666,66.1587,65.982,109.5807,214.3594,87.5208,128.7997,112.5667,68.9992,70.9847,104.7363,218.6803,88.8856,130.2977
66.1587,65.982,109.5807,214.3594,87.5208,128.7997,112.5667,68.9992,70.9847,104.7363,218.6803,88.8856,130.2977,115.8058
65.982,109.5807,214.3594,87.5208,128.7997,112.5667,68.9992,70.9847,104.7363,218.6803,88.8856,130.2977,115.8058,75.3893
109.5807,214.3594,87.5208,128.7997,112.5667,68.9992,70.9847,104.7363,218.6803,88.8856,130.2977,115.8058,75.3893,73.615
214.3594,87.5208,128.7997,112.5667,68.9992,70.9847,104.7363,218.6803,88.8856,130.2977,115.8058,75.3893,73.615,107.9669
87.5208,128.7997,112.5667,68.9992,70.9847,104.7363,218.6803,88.8856,130.2977,115.8058,75.3893,73.615,107.9669,221.5261
128.7997,112.5667,68.9992,70.9847,104.7363,218.6803,88.8856,130.2977,115.8058,75.3893,73.615,107.9669,221.5261,90.668
112.5667,68.9992,70.9847,104.7363,218.6803,88.8856,130.2977,115.8058,75.3893,73.615,107.9669,221.5261,90.668,129.5648
68.9992,70.9847,104.7363,218.6803,88.8856,130.2977,115.8058,75.3893,73.615,107.9669,221.5261,90.668,129.5648,117.7021
70.9847,104.7363,218.6803,88.8856,130.2977,115.8058,75.3893,73.615,107.9669,221.5261,90.668,129.5648,117.7021,77.4936
104.7363,218.6803,88.8856,130.2977,115.8058,75.3893,73.615,107.9669,221.5261,90.668,129.5648,117.7021,77.4936,73.1567
218.6803,88.8856,130.2977,115.8058,75.3893,73.615,107.9669,221.5261,90.668,129.5648,117.7021,77.4936,73.1567,113.8036
88.8856,130.2977,115.8058,75.3893,73.615,107.9669,221.5261,90.668,129.5648,117.7021,77.4936,73.1567,113.8036,221.8508
130.2977,115.8058,75.3893,73.615,107.9669,221.5261,90.668,129.5648,117.7021,77.4936,73.1567,113.8036,221.8508,92.153
115.8058,75.3893,73.615,107.9669,221.5261,90.668,129.5648,117.7021,77.4936,73.1567,113.8036,221.8508,92.153,129.7116
75.3893,73.615,107.9669,221.5261,90.668,129.5648,117.7021,77.4936,73.1567,113.8036,221.8508,92.153,129.7116,118.3733
73.615,107.9669,221.5261,90.668,129.5648,117.7021,77.4936,73.1567,113.8036,221.8508,92.153,129.7116,118.3733,78.9473
107.9669,221.5261,90.668,129.5648,117.7021,77.4936,73.1567,113.8036,221.8508,92.153,129.7116,118.3733,78.9473,73.7971
221.5261,90.668,129.5648,117.7021,77.4936,73.1567,113.8036,221.8508,92.153,129.7116,118.3733,78.9473,73.7971,113.7801
90.668,129.5648,117.7021,77.4936,73.1567,113.8036,221.8508,92.153,129.7116,118.3733,78.9473,73.7971,113.7801,219.6197
129.5648,117.7021,77.4936,73.1567,113.8036,221.8508,92.153,129.7116,118.3733,78.9473,73.7971,113.7801,219.6197,90.6809
117.7021,77.4936,73.1567,113.8036,221.8508,92.153,129.7116,118.3733,78.9473,73.7971,113.7801,219.6197,90.6809,131.8793
77.4936,73.1567,113.8036,221.8508,92.153,129.7116,118.3733,78.9473,73.7971,113.7801,219.6197,90.6809,131.8793,117.2075
73.1567,113.8036,221.8508,92.153,129.7116,118.3733,78.9473,73.7971,113.7801,219.6197,90.6809,131.8793,117.2075,78.6993
113.8036,221.8508,92.153,129.7116,118.3733,78.9473,73.7971,113.7801,219.6197,90.6809,131.8793,117.2075,78.6993,77.7075
221.8508,92.153,129.7116,118.3733,78.9473,73.7971,113.7801,219.6197,90.6809,131.8793,117.2075,78.6993,77.7075,104.6582
92.153,129.7116,118.3733,78.9473,73.7971,113.7801,219.6197,90.6809,131.8793,117.2075,78.6993,77.7075,104.6582,218.2015
129.7116,118.3733,78.9473,73.7971,113.7801,219.6197,90.6809,131.8793,117.2075,78.6993,77.7075,104.6582,218.2015,89.3446
118.3733,78.9473,73.7971,113.7801,219.6197,90.6809,131.8793,117.2075,78.6993,77.7075,104.6582,218.2015,89.3446,129.7027
78.9473,73.7971,113.7801,219.6197,90.6809,131.8793,117.2075,78.6993,77.7075,104.6582,218.2015,89.3446,129.7027,117.2546
73.7971,113.7801,219.6197,90.6809,131.8793,117.2075,78.6993,77.7075,104.6582,218.2015,89.3446,129.7027,117.2546,75.2662
113.7801,219.6197,90.6809,131.8793,117.2075,78.6993,77.7075,104.6582,218.2015,89.3446,129.7027,117.2546,75.2662,74.8326
219.6197,90.6809,131.8793,117.2075,78.6993,77.7075,104.6582,218.2015,89.3446,129.7027,117.2546,75.2662,74.8326,116.1798
90.6809,131.8793,117.2075,78.6993,77.7075,104.6582,218.2015,89.3446,129.7027,117.2546,75.2662,74.8326,116.1798,215.1094
131.8793,117.2075,78.6993,77.7075,104.6582,218.2015,89.3446,129.7027,117.2546,75.2662,74.8326,116.1798,215.1094,86.694
117.2075,78.6993,77.7075,104.6582,218.2015,89.3446,129.7027,117.2546,75.2662,74.8326,116.1798,215.1094,86.694,130.4039
78.6993,77.7075,104.6582,218.2015,89.3446,129.7027,117.2546,75.2662,74.8326,116.1798,215.1094,86.694,130.4039,115.8449
77.7075,104.6582,218.2015,89.3446,129.7027,117.2546,75.2662,74.8326,116.1798,215.1094,86.694,130.4039,115.8449,74.8726
104.6582,218.2015,89.3446,129.7027,117.2546,75.2662,74.8326,116.1798,215.1094,86.694,130.4039,115.8449,74.8726,75.7329
218.2015,89.3446,129.7027,117.2546,75.2662,74.8326,116.1798,215.1094,86.694,130.4039,115.8449,74.8726,75.7329,112.2567
89.3446,129.7027,117.2546,75.2662,74.8326,116.1798,215.1094,86.694,130.4039,115.8449,74.8726,75.7329,112.2567,211.8959
129.7027,117.2546,75.2662,74.8326,116.1798,215.1094,86.694,130.4039,115.8449,74.8726,75.7329,112.2567,211.8959,86.055
117.2546,75.2662,74.8326,116.1798,215.1094,86.694,130.4039,115.8449,74.8726,75.7329,112.2567,211.8959,86.055,128.5816
75.2662,74.8326,116.1798,215.1094,86.694,130.4039,115.8449,74.8726,75.7329,112.2567,211.8959,86.055,128.5816,114.6104
74.8326,116.1798,215.1094,86.694,130.4039,115.8449,74.8726,75.7329,112.2567,211.8959,86.055,128.5816,114.6104,75.7916
116.1798,215.1094,86.694,130.4039,115.8449,74.8726,75.7329,112.2567,211.8959,86.055,128.5816,114.6104,75.7916,74.5017
215.1094,86.694,130.4039,115.8449,74.8726,75.7329,112.2567,211.8959,86.055,128.5816,114.6104,75.7916,74.5017,110.8352
86.694,130.4039,115.8449,74.8726,75.7329,112.2567,211.8959,86.055,128.5816,114.6104,75.7916,74.5017,110.8352,210.4616
130.4039,115.8449,74.8726,75.7329,112.2567,211.8959,86.055,128.5816,114.6104,75.7916,74.5017,110.8352,210.4616,84.5481
115.8449,74.8726,75.7329,112.2567,211.8959,86.055,128.5816,114.6104,75.7916,74.5017,110.8352,210.4616,84.5481,126.916
74.8726,75.7329,112.2567,211.8959,86.055,128.5816,114.6104,75.7916,74.5017,110.8352,210.4616,84.5481,126.916,114.5219
75.7329,112.2567,211.8959,86.055,128.5816,114.6104,75.7916,74.5017,110.8352,210.4616,84.5481,126.916,114.5219,73.1886
112.2567,211.8959,86.055,128.5816,114.6104,75.7916,74.5017,110.8352,210.4616,84.5481,126.916,114.5219,73.1886,76.7139
211.8959,86.055,128.5816,114.6104,75.7916,74.5017,110.8352,210.4616,84.5481,126.916,114.5219,73.1886,76.7139,115.3031
86.055,128.5816,114.6104,75.7916,74.5017,110.8352,210.4616,84.5481,126.916,114.5219,73.1886,76.7139,115.3031,210.115
128.5816,114.6104,75.7916,74.5017,110.8352,210.4616,84.5481,126.916,114.5219,73.1886,76.7139,115.3031,210.115,83.3417
114.6104,75.7916,74.5017,110.8352,210.4616,84.5481,126.916,114.5219,73.1886,76.7139,115.3031,210.115,83.3417,126.3476
75.7916,74.5017,110.8352,210.4616,84.5481,126.916,114.5219,73.1886,76.7139,115.3031,210.115,83.3417,126.3476,112.2942
74.5017,110.8352,210.4616,84.5481,126.916,114.5219,73.1886,76.7139,115.3031,210.115,83.3417,126.3476,112.2942,65.6823
110.8352,210.4616,84.5481,126.916,114.5219,73.1886,76.7139,115.3031,210.115,83.3417,126.3476,112.2942,65.6823,74.0744
210.4616,84.5481,126.916,114.5219,73.1886,76.7139,115.3031,210.115,83.3417,126.3476,112.2942,65.6823,74.0744,114.2041
84.5481,126.916,114.5219,73.1886,76.7139,115.3031,210.115,83.3417,126.3476,112.2942,65.6823,74.0744,114.2041,210.6409
126.916,114.5219,73.1886,76.7139,115.3031,210.115,83.3417,126.3476,112.2942,65.6823,74.0744,114.2041,210.6409,84.3793
114.5219,73.1886,76.7139,115.3031,210.115,83.3417,126.3476,112.2942,65.6823,74.0744,114.2041,210.6409,84.3793,126.1903
73.1886,76.7139,115.3031,210.115,83.3417,126.3476,112.2942,65.6823,74.0744,114.2041,210.6409,84.3793,126.1903,113.0988
76.7139,115.3031,210.115,83.3417,126.3476,112.2942,65.6823,74.0744,114.2041,210.6409,84.3793,126.1903,113.0988,67.0155
115.3031,210.115,83.3417,126.3476,112.2942,65.6823,74.0744,114.2041,210.6409,84.3793,126.1903,113.0988,67.0155,81.5944
210.115,83.3417,126.3476,112.2942,65.6823,74.0744,114.2041,210.6409,84.3793,126.1903,113.0988,67.0155,81.5944,108.7724
83.3417,126.3476,112.2942,65.6823,74.0744,114.2041,210.6409,84.3793,126.1903,113.0988,67.0155,81.5944,108.7724,210.0553
126.3476,112.2942,65.6823,74.0744,114.2041,210.6409,84.3793,126.1903,113.0988,67.0155,81.5944,108.7724,210.0553,85.6628
112.2942,65.6823,74.0744,114.2041,210.6409,84.3793,126.1903,113.0988,67.0155,81.5944,108.7724,210.0553,85.6628,128.4437
65.6823,74.0744,114.2041,210.6409,84.3793,126.1903,113.0988,67.0155,81.5944,108.7724,210.0553,85.6628,128.4437,115.3882
74.0744,114.2041,210.6409,84.3793,126.1903,113.0988,67.0155,81.5944,108.7724,210.0553,85.6628,128.4437,115.3882,67.2939
114.2041,210.6409,84.3793,126.1903,113.0988,67.0155,81.5944,108.7724,210.0553,85.6628,128.4437,115.3882,67.2939,88.2841
210.6409,84.3793,126.1903,113.0988,67.0155,81.5944,108.7724,210.0553,85.6628,128.4437,115.3882,67.2939,88.2841,112.5895
84.3793,126.1903,113.0988,67.0155,81.5944,108.7724,210.0553,85.6628,128.4437,115.3882,67.2939,88.2841,112.5895,214.7196
126.1903,113.0988,67.0155,81.5944,108.7724,210.0553,85.6628,128.4437,115.3882,67.2939,88.2841,112.5895,214.7196,87.5245
113.0988,67.0155,81.5944,108.7724,210.0553,85.6628,128.4437,115.3882,67.2939,88.2841,112.5895,214.7196,87.5245,132.679
67.0155,81.5944,108.7724,210.0553,85.6628,128.4437,115.3882,67.2939,88.2841,112.5895,214.7196,87.5245,132.679,117.7386
81.5944,108.7724,210.0553,85.6628,128.4437,115.3882,67.2939,88.2841,112.5895,214.7196,87.5245,132.679,117.7386,67.135
108.7724,210.0553,85.6628,128.4437,115.3882,67.2939,88.2841,112.5895,214.7196,87.5245,132.679,117.7386,67.135,89.3894
210.0553,85.6628,128.4437,115.3882,67.2939,88.2841,112.5895,214.7196,87.5245,132.679,117.7386,67.135,89.3894,114.9838
85.6628,128.4437,115.3882,67.2939,88.2841,112.5895,214.7196,87.5245,132.679,117.7386,67.135,89.3894,114.9838,218.974
128.4437,115.3882,67.2939,88.2841,112.5895,214.7196,87.5245,132.679,117.7386,67.135,89.3894,114.9838,218.974,90.061
115.3882,67.2939,88.2841,112.5895,214.7196,87.5245,132.679,117.7386,67.135,89.3894,114.9838,218.974,90.061,133.2358
67.2939,88.2841,112.5895,214.7196,87.5245,132.679,117.7386,67.135,89.3894,114.9838,218.974,90.061,133.2358,120.4251
88.2841,112.5895,214.7196,87.5245,132.679,117.7386,67.135,89.3894,114.9838,218.974,90.061,133.2358,120.4251,73.9547
112.5895,214.7196,87.5245,132.679,117.7386,67.135,89.3894,114.9838,218.974,90.061,133.2358,120.4251,73.9547,85.6177
214.7196,87.5245,132.679,117.7386,67.135,89.3894,114.9838,218.974,90.061,133.2358,120.4251,73.9547,85.6177,120.7071
87.5245,132.679,117.7386,67.135,89.3894,114.9838,218.974,90.061,133.2358,120.4251,73.9547,85.6177,120.7071,224.6724
132.679,117.7386,67.135,89.3894,114.9838,218.974,90.061,133.2358,120.4251,73.9547,85.6177,120.7071,224.6724,91.8222
117.7386,67.135,89.3894,114.9838,218.974,90.061,133.2358,120.4251,73.9547,85.6177,120.7071,224.6724,91.8222,134.3875
67.135,89.3894,114.9838,218.974,90.061,133.2358,120.4251,73.9547,85.6177,120.7071,224.6724,91.8222,134.3875,122.5345
89.3894,114.9838,218.974,90.061,133.2358,120.4251,73.9547,85.6177,120.7071,224.6724,91.8222,134.3875,122.5345,77.8187
114.9838,218.974,90.061,133.2358,120.4251,73.9547,85.6177,120.7071,224.6724,91.8222,134.3875,122.5345,77.8187,84.2444
218.974,90.061,133.2358,120.4251,73.9547,85.6177,120.7071,224.6724,91.8222,134.3875,122.5345,77.8187,84.2444,122.2618
90.061,133.2358,120.4251,73.9547,85.6177,120.7071,224.6724,91.8222,134.3875,122.5345,77.8187,84.2444,122.2618,230.2016
133.2358,120.4251,73.9547,85.6177,120.7071,224.6724,91.8222,134.3875,122.5345,77.8187,84.2444,122.2618,230.2016,92.7527
120.4251,73.9547,85.6177,120.7071,224.6724,91.8222,134.3875,122.5345,77.8187,84.2444,122.2618,230.2016,92.7527,133.8494
73.9547,85.6177,120.7071,224.6724,91.8222,134.3875,122.5345,77.8187,84.2444,122.2618,230.2016,92.7527,133.8494,123.7279
85.6177,120.7071,224.6724,91.8222,134.3875,122.5345,77.8187,84.2444,122.2618,230.2016,92.7527,133.8494,123.7279,79.567
120.7071,224.6724,91.8222,134.3875,122.5345,77.8187,84.2444,122.2618,230.2016,92.7527,133.8494,123.7279,79.567,85.9075
224.6724,91.8222,134.3875,122.5345,77.8187,84.2444,122.2618,230.2016,92.7527,133.8494,123.7279,79.567,85.9075,120.0891
91.8222,134.3875,122.5345,77.8187,84.2444,122.2618,230.2016,92.7527,133.8494,123.7279,79.567,85.9075,120.0891,232.2999
134.3875,122.5345,77.8187,84.2444,122.2618,230.2016,92.7527,133.8494,123.7279,79.567,85.9075,120.0891,232.2999,91.2624
122.5345,77.8187,84.2444,122.2618,230.2016,92.7527,133.8494,123.7279,79.567,85.9075,120.0891,232.2999,91.2624,132.7976
77.8187,84.2444,122.2618,230.2016,92.7527,133.8494,123.7279,79.567,85.9075,120.0891,232.2999,91.2624,132.7976,122.9201
84.2444,122.2618,230.2016,92.7527,133.8494,123.7279,79.567,85.9075,120.0891,232.2999,91.2624,132.7976,122.9201,77.8776
122.2618,230.2016,92.7527,133.8494,123.7279,79.567,85.9075,120.0891,232.2999,91.2624,132.7976,122.9201,77.8776,85.9278
230.2016,92.7527,133.8494,123.7279,79.567,85.9075,120.0891,232.2999,91.2624,132.7976,122.9201,77.8776,85.9278,117.3553
92.7527,133.8494,123.7279,79.567,85.9075,120.0891,232.2999,91.2624,132.7976,122.9201,77.8776,85.9278,117.3553,224.5358
133.8494,123.7279,79.567,85.9075,120.0891,232.2999,91.2624,132.7976,122.9201,77.8776,85.9278,117.3553,224.5358,89.0235
123.7279,79.567,85.9075,120.0891,232.2999,91.2624,132.7976,122.9201,77.8776,85.9278,117.3553,224.5358,89.0235,131.597
79.567,85.9075,120.0891,232.2999,91.2624,132.7976,122.9201,77.8776,85.9278,117.3553,224.5358,89.0235,131.597,119.3908
85.9075,120.0891,232.2999,91.2624,132.7976,122.9201,77.8776,85.9278,117.3553,224.5358,89.0235,131.597,119.3908,72.2389
120.0891,232.2999,91.2624,132.7976,122.9201,77.8776,85.9278,117.3553,224.5358,89.0235,131.597,119.3908,72.2389,88.2721
232.2999,91.2624,132.7976,122.9201,77.8776,85.9278,117.3553,224.5358,89.0235,131.597,119.3908,72.2389,88.2721,110.6776
91.2624,132.7976,122.9201,77.8776,85.9278,117.3553,224.5358,89.0235,131.597,119.3908,72.2389,88.2721,110.6776,219.6845
132.7976,122.9201,77.8776,85.9278,117.3553,224.5358,89.0235,131.597,119.3908,72.2389,88.2721,110.6776,219.6845,86.88
122.9201,77.8776,85.9278,117.3553,224.5358,89.0235,131.597,119.3908,72.2389,88.2721,110.6776,219.6845,86.88,130.1593
77.8776,85.9278,117.3553,224.5358,89.0235,131.597,119.3908,72.2389,88.2721,110.6776,219.6845,86.88,130.1593,117.0321
85.9278,117.3553,224.5358,89.0235,131.597,119.3908,72.2389,88.2721,110.6776,219.6845,86.88,130.1593,117.0321,70.739
117.3553,224.5358,89.0235,131.597,119.3908,72.2389,88.2721,110.6776,219.6845,86.88,130.1593,117.0321,70.739,83.9554
224.5358,89.0235,131.597,119.3908,72.2389,88.2721,110.6776,219.6845,86.88,130.1593,117.0321,70.739,83.9554,110.7743
89.0235,131.597,119.3908,72.2389,88.2721,110.6776,219.6845,86.88,130.1593,117.0321,70.739,83.9554,110.7743,218.2625
131.597,119.3908,72.2389,88.2721,110.6776,219.6845,86.88,130.1593,117.0321,70.739,83.9554,110.7743,218.2625,87.4236
119.3908,72.2389,88.2721,110.6776,219.6845,86.88,130.1593,117.0321,70.739,83.9554,110.7743,218.2625,87.4236,131.1301
72.2389,88.2721,110.6776,219.6845,86.88,130.1593,117.0321,70.739,83.9554,110.7743,218.2625,87.4236,131.1301,116.0995
88.2721,110.6776,219.6845,86.88,130.1593,117.0321,70.739,83.9554,110.7743,218.2625,87.4236,131.1301,116.0995,68.1757
110.6776,219.6845,86.88,130.1593,117.0321,70.739,83.9554,110.7743,218.2625,87.4236,131.1301,116.0995,68.1757,81.7218
219.6845,86.88,130.1593,117.0321,70.739,83.9554,110.7743,218.2625,87.4236,131.1301,116.0995,68.1757,81.7218,109.8834
86.88,130.1593,117.0321,70.739,83.9554,110.7743,218.2625,87.4236,131.1301,116.0995,68.1757,81.7218,109.8834,219.7259
130.1593,117.0321,70.739,83.9554,110.7743,218.2625,87.4236,131.1301,116.0995,68.1757,81.7218,109.8834,219.7259,86.8693
117.0321,70.739,83.9554,110.7743,218.2625,87.4236,131.1301,116.0995,68.1757,81.7218,109.8834,219.7259,86.8693,131.8198
70.739,83.9554,110.7743,218.2625,87.4236,131.1301,116.0995,68.1757,81.7218,109.8834,219.7259,86.8693,131.8198,115.1255
83.9554,110.7743,218.2625,87.4236,131.1301,116.0995,68.1757,81.7218,109.8834,219.7259,86.8693,131.8198,115.1255,69.046
110.7743,218.2625,87.4236,131.1301,116.0995,68.1757,81.7218,109.8834,219.7259,86.8693,131.8198,115.1255,69.046,71.6857
218.2625,87.4236,131.1301,116.0995,68.1757,81.7218,109.8834,219.7259,86.8693,131.8198,115.1255,69.046,71.6857,111.6064
87.4236,131.1301,116.0995,68.1757,81.7218,109.8834,219.7259,86.8693,131.8198,115.1255,69.046,71.6857,111.6064,218.242
131.1301,116.0995,68.1757,81.7218,109.8834,219.7259,86.8693,131.8198,115.1255,69.046,71.6857,111.6064,218.242,86.4093
116.0995,68.1757,81.7218,109.8834,219.7259,86.8693,131.8198,115.1255,69.046,71.6857,111.6064,218.242,86.4093,130.6052
68.1757,81.7218,109.8834,219.7259,86.8693,131.8198,115.1255,69.046,71.6857,111.6064,218.242,86.4093,130.6052,113.667
81.7218,109.8834,219.7259,86.8693,131.8198,115.1255,69.046,71.6857,111.6064,218.242,86.4093,130.6052,113.667,71.3358
109.8834,219.7259,86.8693,131.8198,115.1255,69.046,71.6857,111.6064,218.242,86.4093,130.6052,113.667,71.3358,69.2696
219.7259,86.8693,131.8198,115.1255,69.046,71.6857,111.6064,218.242,86.4093,130.6052,113.667,71.3358,69.2696,106.1442
86.8693,131.8198,115.1255,69.046,71.6857,111.6064,218.242,86.4093,130.6052,113.667,71.3358,69.2696,106.1442,215.7714
131.8198,115.1255,69.046,71.6857,111.6064,218.242,86.4093,130.6052,113.667,71.3358,69.2696,106.1442,215.7714,87.3222
115.1255,69.046,71.6857,111.6064,218.242,86.4093,130.6052,113.667,71.3358,69.2696,106.1442,215.7714,87.3222,129.1402
69.046,71.6857,111.6064,218.242,86.4093,130.6052,113.667,71.3358,69.2696,106.1442,215.7714,87.3222,129.1402,115.1291
71.6857,111.6064,218.242,86.4093,130.6052,113.667,71.3358,69.2696,106.1442,215.7714,87.3222,129.1402,115.1291,66.4907
111.6064,218.242,86.4093,130.6052,113.667,71.3358,69.2696,106.1442,215.7714,87.3222,129.1402,115.1291,66.4907,78.6
218.242,86.4093,130.6052,113.667,71.3358,69.2696,106.1442,215.7714,87.3222,129.1402,115.1291,66.4907,78.6,113.45
86.4093,130.6052,113.667,71.3358,69.2696,106.1442,215.7714,87.3222,129.1402,115.1291,66.4907,78.6,113.45,216.2832
130.6052,113.667,71.3358,69.2696,106.1442,215.7714,87.3222,129.1402,115.1291,66.4907,78.6,113.45,216.2832,88.1455
113.667,71.3358,69.2696,106.1442,215.7714,87.3222,129.1402,115.1291,66.4907,78.6,113.45,216.2832,88.1455,128.0586
71.3358,69.2696,106.1442,215.7714,87.3222,129.1402,115.1291,66.4907,78.6,113.45,216.2832,88.1455,128.0586,115.7906
69.2696,106.1442,215.7714,87.3222,129.1402,115.1291,66.4907,78.6,113.45,216.2832,88.1455,128.0586,115.7906,67.8124
106.1442,215.7714,87.3222,129.1402,115.1291,66.4907,78.6,113.45,216.2832,88.1455,128.0586,115.7906,67.8124,82.2152
215.7714,87.3222,129.1402,115.1291,66.4907,78.6,113.45,216.2832,88.1455,128.0586,115.7906,67.8124,82.2152,112.2287
87.3222,129.1402,115.1291,66.4907,78.6,113.45,216.2832,88.1455,128.0586,115.7906,67.8124,82.2152,112.2287,220.5735
129.1402,115.1291,66.4907,78.6,113.45,216.2832,88.1455,128.0586,115.7906,67.8124,82.2152,112.2287,220.5735,90.5768
115.1291,66.4907,78.6,113.45,216.2832,88.1455,128.0586,115.7906,67.8124,82.2152,112.2287,220.5735,90.5768,127.4609
66.4907,78.6,113.45,216.2832,88.1455,128.0586,115.7906,67.8124,82.2152,112.2287,220.5735,90.5768,127.4609,116.3171
78.6,113.45,216.2832,88.1455,128.0586,115.7906,67.8124,82.2152,112.2287,220.5735,90.5768,127.4609,116.3171,67.338
113.45,216.2832,88.1455,128.0586,115.7906,67.8124,82.2152,112.2287,220.5735,90.5768,127.4609,116.3171,67.338,82.6506
216.2832,88.1455,128.0586,115.7906,67.8124,82.2152,112.2287,220.5735,90.5768,127.4609,116.3171,67.338,82.6506,109.3029
88.1455,128.0586,115.7906,67.8124,82.2152,112.2287,220.5735,90.5768,127.4609,116.3171,67.338,82.6506,109.3029,222.0578
128.0586,115.7906,67.8124,82.2152,112.2287,220.5735,90.5768,127.4609,116.3171,67.338,82.6506,109.3029,222.0578,91.1637
115.7906,67.8124,82.2152,112.2287,220.5735,90.5768,127.4609,116.3171,67.338,82.6506,109.3029,222.0578,91.1637,130.1635
67.8124,82.2152,112.2287,220.5735,90.5768,127.4609,116.3171,67.338,82.6506,109.3029,222.0578,91.1637,130.1635,117.6557
82.2152,112.2287,220.5735,90.5768,127.4609,116.3171,67.338,82.6506,109.3029,222.0578,91.1637,130.1635,117.6557,71.4171
112.2287,220.5735,90.5768,127.4609,116.3171,67.338,82.6506,109.3029,222.0578,91.1637,130.1635,117.6557,71.4171,80.0138
220.5735,90.5768,127.4609,116.3171,67.338,82.6506,109.3029,222.0578,91.1637,130.1635,117.6557,71.4171,80.0138,111.1182
90.5768,127.4609,116.3171,67.338,82.6506,109.3029,222.0578,91.1637,130.1635,117.6557,71.4171,80.0138,111.1182,223.1347
127.4609,116.3171,67.338,82.6506,109.3029,222.0578,91.1637,130.1635,117.6557,71.4171,80.0138,111.1182,223.1347,93.2434
116.3171,67.338,82.6506,109.3029,222.0578,91.1637,130.1635,117.6557,71.4171,80.0138,111.1182,223.1347,93.2434,133.6657
67.338,82.6506,109.3029,222.0578,91.1637,130.1635,117.6557,71.4171,80.0138,111.1182,223.1347,93.2434,133.6657,120.0093
82.6506,109.3029,222.0578,91.1637,130.1635,117.6557,71.4171,80.0138,111.1182,223.1347,93.2434,133.6657,120.0093,75.2398
109.3029,222.0578,91.1637,130.1635,117.6557,71.4171,80.0138,111.1182,223.1347,93.2434,133.6657,120.0093,75.2398,76.9763
222.0578,91.1637,130.1635,117.6557,71.4171,80.0138,111.1182,223.1347,93.2434,133.6657,120.0093,75.2398,76.9763,117.7961
91.1637,130.1635,117.6557,71.4171,80.0138,111.1182,223.1347,93.2434,133.6657,120.0093,75.2398,76.9763,117.7961,228.2407
130.1635,117.6557,71.4171,80.0138,111.1182,223.1347,93.2434,133.6657,120.0093,75.2398,76.9763,117.7961,228.2407,91.1135
117.6557,71.4171,80.0138,111.1182,223.1347,93.2434,133.6657,120.0093,75.2398,76.9763,117.7961,228.2407,91.1135,132.988
71.4171,80.0138,111.1182,223.1347,93.2434,133.6657,120.0093,75.2398,76.9763,117.7961,228.2407,91.1135,132.988,121.6454
80.0138,111.1182,223.1347,93.2434,133.6657,120.0093,75.2398,76.9763,117.7961,228.2407,91.1135,132.988,121.6454,79.9611
111.1182,223.1347,93.2434,133.6657,120.0093,75.2398,76.9763,117.7961,228.2407,91.1135,132.988,121.6454,79.9611,79.129
223.1347,93.2434,133.6657,120.0093,75.2398,76.9763,117.7961,228.2407,91.1135,132.988,121.6454,79.9611,79.129,118.4401
93.2434,133.6657,120.0093,75.2398,76.9763,117.7961,228.2407,91.1135,132.988,121.6454,79.9611,79.129,118.4401,228.2719
133.6657,120.0093,75.2398,76.9763,117.7961,228.2407,91.1135,132.988,121.6454,79.9611,79.129,118.4401,228.2719,89.8014
120.0093,75.2398,76.9763,117.7961,228.2407,91.1135,132.988,121.6454,79.9611,79.129,118.4401,228.2719,89.8014,133.9797
75.2398,76.9763,117.7961,228.2407,91.1135,132.988,121.6454,79.9611,79.129,118.4401,228.2719,89.8014,133.9797,121.4677
76.9763,117.7961,228.2407,91.1135,132.988,121.6454,79.9611,79.129,118.4401,228.2719,89.8014,133.9797,121.4677,79.5176
117.7961,228.2407,91.1135,132.988,121.6454,79.9611,79.129,118.4401,228.2719,89.8014,133.9797,121.4677,79.5176,76.9211
228.2407,91.1135,132.988,121.6454,79.9611,79.129,118.4401,228.2719,89.8014,133.9797,121.4677,79.5176,76.9211,120.3147
91.1135,132.988,121.6454,79.9611,79.129,118.4401,228.2719,89.8014,133.9797,121.4677,79.5176,76.9211,120.3147,226.2409
132.988,121.6454,79.9611,79.129,118.4401,228.2719,89.8014,133.9797,121.4677,79.5176,76.9211,120.3147,226.2409,89.4037
121.6454,79.9611,79.129,118.4401,228.2719,89.8014,133.9797,121.4677,79.5176,76.9211,120.3147,226.2409,89.4037,133.0727
79.9611,79.129,118.4401,228.2719,89.8014,133.9797,121.4677,79.5176,76.9211,120.3147,226.2409,89.4037,133.0727,120.4073
79.129,118.4401,228.2719,89.8014,133.9797,121.4677,79.5176,76.9211,120.3147,226.2409,89.4037,133.0727,120.4073,80.2615
118.4401,228.2719,89.8014,133.9797,121.4677,79.5176,76.9211,120.3147,226.2409,89.4037,133.0727,120.4073,80.2615,75.5701
228.2719,89.8014,133.9797,121.4677,79.5176,76.9211,120.3147,226.2409,89.4037,133.0727,120.4073,80.2615,75.5701,117.8949
89.8014,133.9797,121.4677,79.5176,76.9211,120.3147,226.2409,89.4037,133.0727,120.4073,80.2615,75.5701,117.8949,223.1611
133.9797,121.4677,79.5176,76.9211,120.3147,226.2409,89.4037,133.0727,120.4073,80.2615,75.5701,117.8949,223.1611,89.8971
121.4677,79.5176,76.9211,120.3147,226.2409,89.4037,133.0727,120.4073,80.2615,75.5701,117.8949,223.1611,89.8971,132.0862
79.5176,76.9211,120.3147,226.2409,89.4037,133.0727,120.4073,80.2615,75.5701,117.8949,223.1611,89.8971,132.0862,118.7142
76.9211,120.3147,226.2409,89.4037,133.0727,120.4073,80.2615,75.5701,117.8949,223.1611,89.8971,132.0862,118.7142,76.8579
120.3147,226.2409,89.4037,133.0727,120.4073,80.2615,75.5701,117.8949,223.1611,89.8971,132.0862,118.7142,76.8579,73.2853
226.2409,89.4037,133.0727,120.4073,80.2615,75.5701,117.8949,223.1611,89.8971,132.0862,118.7142,76.8579,73.2853,116.9976
89.4037,133.0727,120.4073,80.2615,75.5701,117.8949,223.1611,89.8971,132.0862,118.7142,76.8579,73.2853,116.9976,223.7886
133.0727,120.4073,80.2615,75.5701,117.8949,223.1611,89.8971,132.0862,118.7142,76.8579,73.2853,116.9976,223.7886,88.8645
120.4073,80.2615,75.5701,117.8949,223.1611,89.8971,132.0862,118.7142,76.8579,73.2853,116.9976,223.7886,88.8645,127.6672
80.2615,75.5701,117.8949,223.1611,89.8971,132.0862,118.7142,76.8579,73.2853,116.9976,223.7886,88.8645,127.6672,117.0634
75.5701,117.8949,223.1611,89.8971,132.0862,118.7142,76.8579,73.2853,116.9976,223.7886,88.8645,127.6672,117.0634,76.0181
117.8949,223.1611,89.8971,132.0862,118.7142,76.8579,73.2853,116.9976,223.7886,88.8645,127.6672,117.0634,76.0181,73.9345
223.1611,89.8971,132.0862,118.7142,76.8579,73.2853,116.9976,223.7886,88.8645,127.6672,117.0634,76.0181,73.9345,112.1075
89.8971,132.0862,118.7142,76.8579,73.2853,116.9976,223.7886,88.8645,127.6672,117.0634,76.0181,73.9345,112.1075,226.583
132.0862,118.7142,76.8579,73.2853,116.9976,223.7886,88.8645,127.6672,117.0634,76.0181,73.9345,112.1075,226.583,85.8718
118.7142,76.8579,73.2853,116.9976,223.7886,88.8645,127.6672,117.0634,76.0181,73.9345,112.1075,226.583,85.8718,126.3609
76.8579,73.2853,116.9976,223.7886,88.8645,127.6672,117.0634,76.0181,73.9345,112.1075,226.583,85.8718,126.3609,115.8762
73.2853,116.9976,223.7886,88.8645,127.6672,117.0634,76.0181,73.9345,112.1075,226.583,85.8718,126.3609,115.8762,72.9402
116.9976,223.7886,88.8645,127.6672,117.0634,76.0181,73.9345,112.1075,226.583,85.8718,126.3609,115.8762,72.9402,74.2011
223.7886,88.8645,127.6672,117.0634,76.0181,73.9345,112.1075,226.583,85.8718,126.3609,115.8762,72.9402,74.2011,109.3004
88.8645,127.6672,117.0634,76.0181,73.9345,112.1075,226.583,85.8718,126.3609,115.8762,72.9402,74.2011,109.3004,224.5287
127.6672,117.0634,76.0181,73.9345,112.1075,226.583,85.8718,126.3609,115.8762,72.9402,74.2011,109.3004,224.5287,84.3072
117.0634,76.0181,73.9345,112.1075,226.583,85.8718,126.3609,115.8762,72.9402,74.2011,109.3004,224.5287,84.3072,123.0029
76.0181,73.9345,112.1075,226.583,85.8718,126.3609,115.8762,72.9402,74.2011,109.3004,224.5287,84.3072,123.0029,114.2623
73.9345,112.1075,226.583,85.8718,126.3609,115.8762,72.9402,74.2011,109.3004,224.5287,84.3072,123.0029,114.2623,71.4673
112.1075,226.583,85.8718,126.3609,115.8762,72.9402,74.2011,109.3004,224.5287,84.3072,123.0029,114.2623,71.4673,71.6781
226.583,85.8718,126.3609,115.8762,72.9402,74.2011,109.3004,224.5287,84.3072,123.0029,114.2623,71.4673,71.6781,110.5893
85.8718,126.3609,115.8762,72.9402,74.2011,109.3004,224.5287,84.3072,123.0029,114.2623,71.4673,71.6781,110.5893,220.8253
126.3609,115.8762,72.9402,74.2011,109.3004,224.5287,84.3072,123.0029,114.2623,71.4673,71.6781,110.5893,220.8253,84.5946
115.8762,72.9402,74.2011,109.3004,224.5287,84.3072,123.0029,114.2623,71.4673,71.6781,110.5893,220.8253,84.5946,125.6595
72.9402,74.2011,109.3004,224.5287,84.3072,123.0029,114.2623,71.4673,71.6781,110.5893,220.8253,84.5946,125.6595,113.3399
74.2011,109.3004,224.5287,84.3072,123.0029,114.2623,71.4673,71.6781,110.5893,220.8253,84.5946,125.6595,113.3399,73.3586
109.3004,224.5287,84.3072,123.0029,114.2623,71.4673,71.6781,110.5893,220.8253,84.5946,125.6595,113.3399,73.3586,76.6457
224.5287,84.3072,123.0029,114.2623,71.4673,71.6781,110.5893,220.8253,84.5946,125.6595,113.3399,73.3586,76.6457,98.9555
84.3072,123.0029,114.2623,71.4673,71.6781,110.5893,220.8253,84.5946,125.6595,113.3399,73.3586,76.6457,98.9555,220.8756
123.0029,114.2623,71.4673,71.6781,110.5893,220.8253,84.5946,125.6595,113.3399,73.3586,76.6457,98.9555,220.8756,87.5976
114.2623,71.4673,71.6781,110.5893,220.8253,84.5946,125.6595,113.3399,73.3586,76.6457,98.9555,220.8756,87.5976,125.6453
71.4673,71.6781,110.5893,220.8253,84.5946,125.6595,113.3399,73.3586,76.6457,98.9555,220.8756,87.5976,125.6453,114.0839
71.6781,110.5893,220.8253,84.5946,125.6595,113.3399,73.3586,76.6457,98.9555,220.8756,87.5976,125.6453,114.0839,72.2698
110.5893,220.8253,84.5946,125.6595,113.3399,73.3586,76.6457,98.9555,220.8756,87.5976,125.6453,114.0839,72.2698,73.2988
220.8253,84.5946,125.6595,113.3399,73.3586,76.6457,98.9555,220.8756,87.5976,125.6453,114.0839,72.2698,73.2988,104.8164
84.5946,125.6595,113.3399,73.3586,76.6457,98.9555,220.8756,87.5976,125.6453,114.0839,72.2698,73.2988,104.8164,222.2
125.6595,113.3399,73.3586,76.6457,98.9555,220.8756,87.5976,125.6453,114.0839,72.2698,73.2988,104.8164,222.2,90.5025
113.3399,73.3586,76.6457,98.9555,220.8756,87.5976,125.6453,114.0839,72.2698,73.2988,104.8164,222.2,90.5025,128.0264
73.3586,76.6457,98.9555,220.8756,87.5976,125.6453,114.0839,72.2698,73.2988,104.8164,222.2,90.5025,128.0264,116.2847
76.6457,98.9555,220.8756,87.5976,125.6453,114.0839,72.2698,73.2988,104.8164,222.2,90.5025,128.0264,116.2847,72.0364
98.9555,220.8756,87.5976,125.6453,114.0839,72.2698,73.2988,104.8164,222.2,90.5025,128.0264,116.2847,72.0364,76.2334
220.8756,87.5976,125.6453,114.0839,72.2698,73.2988,104.8164,222.2,90.5025,128.0264,116.2847,72.0364,76.2334,108.7093
87.5976,125.6453,114.0839,72.2698,73.2988,104.8164,222.2,90.5025,128.0264,116.2847,72.0364,76.2334,108.7093,227.3359
125.6453,114.0839,72.2698,73.2988,104.8164,222.2,90.5025,128.0264,116.2847,72.0364,76.2334,108.7093,227.3359,94.9024
114.0839,72.2698,73.2988,104.8164,222.2,90.5025,128.0264,116.2847,72.0364,76.2334,108.7093,227.3359,94.9024,130.8164
72.2698,73.2988,104.8164,222.2,90.5025,128.0264,116.2847,72.0364,76.2334,108.7093,227.3359,94.9024,130.8164,119.9308
73.2988,104.8164,222.2,90.5025,128.0264,116.2847,72.0364,76.2334,108.7093,227.3359,94.9024,130.8164,119.9308,77.6792
104.8164,222.2,90.5025,128.0264,116.2847,72.0364,76.2334,108.7093,227.3359,94.9024,130.8164,119.9308,77.6792,77.2942
222.2,90.5025,128.0264,116.2847,72.0364,76.2334,108.7093,227.3359,94.9024,130.8164,119.9308,77.6792,77.2942,111.5567
90.5025,128.0264,116.2847,72.0364,76.2334,108.7093,227.3359,94.9024,130.8164,119.9308,77.6792,77.2942,111.5567,231.456
128.0264,116.2847,72.0364,76.2334,108.7093,227.3359,94.9024,130.8164,119.9308,77.6792,77.2942,111.5567,231.456,96.9291
116.2847,72.0364,76.2334,108.7093,227.3359,94.9024,130.8164,119.9308,77.6792,77.2942,111.5567,231.456,96.9291,134.5431
72.0364,76.2334,108.7093,227.3359,94.9024,130.8164,119.9308,77.6792,77.2942,111.5567,231.456,96.9291,134.5431,124.0285
76.2334,108.7093,227.3359,94.9024,130.8164,119.9308,77.6792,77.2942,111.5567,231.456,96.9291,134.5431,124.0285,81.8247
108.7093,227.3359,94.9024,130.8164,119.9308,77.6792,77.2942,111.5567,231.456,96.9291,134.5431,124.0285,81.8247,83.0935
227.3359,94.9024,130.8164,119.9308,77.6792,77.2942,111.5567,231.456,96.9291,134.5431,124.0285,81.8247,83.0935,116.3243
94.9024,130.8164,119.9308,77.6792,77.2942,111.5567,231.456,96.9291,134.5431,124.0285,81.8247,83.0935,116.3243,232.6836
130.8164,119.9308,77.6792,77.2942,111.5567,231.456,96.9291,134.5431,124.0285,81.8247,83.0935,116.3243,232.6836,96.8681
119.9308,77.6792,77.2942,111.5567,231.456,96.9291,134.5431,124.0285,81.8247,83.0935,116.3243,232.6836,96.8681,136.6291
77.6792,77.2942,111.5567,231.456,96.9291,134.5431,124.0285,81.8247,83.0935,116.3243,232.6836,96.8681,136.6291,124.5676
77.2942,111.5567,231.456,96.9291,134.5431,124.0285,81.8247,83.0935,116.3243,232.6836,96.8681,136.6291,124.5676,82.3203
111.5567,231.456,96.9291,134.5431,124.0285,81.8247,83.0935,116.3243,232.6836,96.8681,136.6291,124.5676,82.3203,83.8912
231.456,96.9291,134.5431,124.0285,81.8247,83.0935,116.3243,232.6836,96.8681,136.6291,124.5676,82.3203,83.8912,115.0133
96.9291,134.5431,124.0285,81.8247,83.0935,116.3243,232.6836,96.8681,136.6291,124.5676,82.3203,83.8912,115.0133,232.2527
134.5431,124.0285,81.8247,83.0935,116.3243,232.6836,96.8681,136.6291,124.5676,82.3203,83.8912,115.0133,232.2527,94.3474
124.0285,81.8247,83.0935,116.3243,232.6836,96.8681,136.6291,124.5676,82.3203,83.8912,115.0133,232.2527,94.3474,136.2795
81.8247,83.0935,116.3243,232.6836,96.8681,136.6291,124.5676,82.3203,83.8912,115.0133,232.2527,94.3474,136.2795,123.7191
83.0935,116.3243,232.6836,96.8681,136.6291,124.5676,82.3203,83.8912,115.0133,232.2527,94.3474,136.2795,123.7191,82.3387
116.3243,232.6836,96.8681,136.6291,124.5676,82.3203,83.8912,115.0133,232.2527,94.3474,136.2795,123.7191,82.3387,85.4533
232.6836,96.8681,136.6291,124.5676,82.3203,83.8912,115.0133,232.2527,94.3474,136.2795,123.7191,82.3387,85.4533,111.643
96.8681,136.6291,124.5676,82.3203,83.8912,115.0133,232.2527,94.3474,136.2795,123.7191,82.3387,85.4533,111.643,230.0084
136.6291,124.5676,82.3203,83.8912,115.0133,232.2527,94.3474,136.2795,123.7191,82.3387,85.4533,111.643,230.0084,92.3215
124.5676,82.3203,83.8912,115.0133,232.2527,94.3474,136.2795,123.7191,82.3387,85.4533,111.643,230.0084,92.3215,134.2358
82.3203,83.8912,115.0133,232.2527,94.3474,136.2795,123.7191,82.3387,85.4533,111.643,230.0084,92.3215,134.2358,122.4233
83.8912,115.0133,232.2527,94.3474,136.2795,123.7191,82.3387,85.4533,111.643,230.0084,92.3215,134.2358,122.4233,81.481
115.0133,232.2527,94.3474,136.2795,123.7191,82.3387,85.4533,111.643,230.0084,92.3215,134.2358,122.4233,81.481,83.1069
232.2527,94.3474,136.2795,123.7191,82.3387,85.4533,111.643,230.0084,92.3215,134.2358,122.4233,81.481,83.1069,113.3863
94.3474,136.2795,123.7191,82.3387,85.4533,111.643,230.0084,92.3215,134.2358,122.4233,81.481,83.1069,113.3863,227.4775
136.2795,123.7191,82.3387,85.4533,111.643,230.0084,92.3215,134.2358,122.4233,81.481,83.1069,113.3863,227.4775,91.3431
123.7191,82.3387,85.4533,111.643,230.0084,92.3215,134.2358,122.4233,81.481,83.1069,113.3863,227.4775,91.3431,131.7716
82.3387,85.4533,111.643,230.0084,92.3215,134.2358,122.4233,81.481,83.1069,113.3863,227.4775,91.3431,131.7716,122.583
85.4533,111.643,230.0084,92.3215,134.2358,122.4233,81.481,83.1069,113.3863,227.4775,91.3431,131.7716,122.583,81.4805
111.643,230.0084,92.3215,134.2358,122.4233,81.481,83.1069,113.3863,227.4775,91.3431,131.7716,122.583,81.4805,87.3462
230.0084,92.3215,134.2358,122.4233,81.481,83.1069,113.3863,227.4775,91.3431,131.7716,122.583,81.4805,87.3462,116.079
92.3215,134.2358,122.4233,81.481,83.1069,113.3863,227.4775,91.3431,131.7716,122.583,81.4805,87.3462,116.079,227.7207
134.2358,122.4233,81.481,83.1069,113.3863,227.4775,91.3431,131.7716,122.583,81.4805,87.3462,116.079,227.7207,89.5679
122.4233,81.481,83.1069,113.3863,227.4775,91.3431,131.7716,122.583,81.4805,87.3462,116.079,227.7207,89.5679,131.5343
81.481,83.1069,113.3863,227.4775,91.3431,131.7716,122.583,81.4805,87.3462,116.079,227.7207,89.5679,131.5343,121.3691
83.1069,113.3863,227.4775,91.3431,131.7716,122.583,81.4805,87.3462,116.079,227.7207,89.5679,131.5343,121.3691,79.0768
113.3863,227.4775,91.3431,131.7716,122.583,81.4805,87.3462,116.079,227.7207,89.5679,131.5343,121.3691,79.0768,80.6338
227.4775,91.3431,131.7716,122.583,81.4805,87.3462,116.079,227.7207,89.5679,131.5343,121.3691,79.0768,80.6338,119.6813
91.3431,131.7716,122.583,81.4805,87.3462,116.079,227.7207,89.5679,131.5343,121.3691,79.0768,80.6338,119.6813,226.6934
131.7716,122.583,81.4805,87.3462,116.079,227.7207,89.5679,131.5343,121.3691,79.0768,80.6338,119.6813,226.6934,86.7871
122.583,81.4805,87.3462,116.079,227.7207,89.5679,131.5343,121.3691,79.0768,80.6338,119.6813,226.6934,86.7871,129.6668
81.4805,87.3462,116.079,227.7207,89.5679,131.5343,121.3691,79.0768,80.6338,119.6813,226.6934,86.7871,129.6668,118.1599
87.3462,116.079,227.7207,89.5679,131.5343,121.3691,79.0768,80.6338,119.6813,226.6934,86.7871,129.6668,118.1599,78.7717
116.079,227.7207,89.5679,131.5343,121.3691,79.0768,80.6338,119.6813,226.6934,86.7871,129.6668,118.1599,78.7717,74.4411
227.7207,89.5679,131.5343,121.3691,79.0768,80.6338,119.6813,226.6934,86.7871,129.6668,118.1599,78.7717,74.4411,112.5993
89.5679,131.5343,121.3691,79.0768,80.6338,119.6813,226.6934,86.7871,129.6668,118.1599,78.7717,74.4411,112.5993,226.4347
131.5343,121.3691,79.0768,80.6338,119.6813,226.6934,86.7871,129.6668,118.1599,78.7717,74.4411,112.5993,226.4347,86.4501
121.3691,79.0768,80.6338,119.6813,226.6934,86.7871,129.6668,118.1599,78.7717,74.4411,112.5993,226.4347,86.4501,128.32
79.0768,80.6338,119.6813,226.6934,86.7871,129.6668,118.1599,78.7717,74.4411,112.5993,226.4347,86.4501,128.32,114.9065
80.6338,119.6813,226.6934,86.7871,129.6668,118.1599,78.7717,74.4411,112.5993,226.4347,86.4501,128.32,114.9065,70.5744
119.6813,226.6934,86.7871,129.6668,118.1599,78.7717,74.4411,112.5993,226.4347,86.4501,128.32,114.9065,70.5744,70.1493
226.6934,86.7871,129.6668,118.1599,78.7717,74.4411,112.5993,226.4347,86.4501,128.32,114.9065,70.5744,70.1493,107.5107
86.7871,129.6668,118.1599,78.7717,74.4411,112.5993,226.4347,86.4501,128.32,114.9065,70.5744,70.1493,107.5107,225.5503
129.6668,118.1599,78.7717,74.4411,112.5993,226.4347,86.4501,128.32,114.9065,70.5744,70.1493,107.5107,225.5503,86.5205
118.1599,78.7717,74.4411,112.5993,226.4347,86.4501,128.32,114.9065,70.5744,70.1493,107.5107,225.5503,86.5205,127.3116
78.7717,74.4411,112.5993,226.4347,86.4501,128.32,114.9065,70.5744,70.1493,107.5107,225.5503,86.5205,127.3116,114.2217
74.4411,112.5993,226.4347,86.4501,128.32,114.9065,70.5744,70.1493,107.5107,225.5503,86.5205,127.3116,114.2217,69.8582
112.5993,226.4347,86.4501,128.32,114.9065,70.5744,70.1493,107.5107,225.5503,86.5205,127.3116,114.2217,69.8582,71.0304
226.4347,86.4501,128.32,114.9065,70.5744,70.1493,107.5107,225.5503,86.5205,127.3116,114.2217,69.8582,71.0304,105.059
86.4501,128.32,114.9065,70.5744,70.1493,107.5107,225.5503,86.5205,127.3116,114.2217,69.8582,71.0304,105.059,225.1223
128.32,114.9065,70.5744,70.1493,107.5107,225.5503,86.5205,127.3116,114.2217,69.8582,71.0304,105.059,225.1223,86.9362
114.9065,70.5744,70.1493,107.5107,225.5503,86.5205,127.3116,114.2217,69.8582,71.0304,105.059,225.1223,86.9362,128.3982
70.5744,70.1493,107.5107,225.5503,86.5205,127.3116,114.2217,69.8582,71.0304,105.059,225.1223,86.9362,128.3982,111.8719
70.1493,107.5107,225.5503,86.5205,127.3116,114.2217,69.8582,71.0304,105.059,225.1223,86.9362,128.3982,111.8719,69.4494
107.5107,225.5503,86.5205,127.3116,114.2217,69.8582,71.0304,105.059,225.1223,86.9362,128.3982,111.8719,69.4494,72.7867
225.5503,86.5205,127.3116,114.2217,69.8582,71.0304,105.059,225.1223,86.9362,128.3982,111.8719,69.4494,72.7867,88.5384
86.5205,127.3116,114.2217,69.8582,71.0304,105.059,225.1223,86.9362,128.3982,111.8719,69.4494,72.7867,88.5384,229.6549
127.3116,114.2217,69.8582,71.0304,105.059,225.1223,86.9362,128.3982,111.8719,69.4494,72.7867,88.5384,229.6549,90.4096
114.2217,69.8582,71.0304,105.059,225.1223,86.9362,128.3982,111.8719,69.4494,72.7867,88.5384,229.6549,90.4096,129.1996
69.8582,71.0304,105.059,225.1223,86.9362,128.3982,111.8719,69.4494,72.7867,88.5384,229.6549,90.4096,129.1996,119.9316
71.0304,105.059,225.1223,86.9362,128.3982,111.8719,69.4494,72.7867,88.5384,229.6549,90.4096,129.1996,119.9316,76.8308
105.059,225.1223,86.9362,128.3982,111.8719,69.4494,72.7867,88.5384,229.6549,90.4096,129.1996,119.9316,76.8308,73.5631
225.1223,86.9362,128.3982,111.8719,69.4494,72.7867,88.5384,229.6549,90.4096,129.1996,119.9316,76.8308,73.5631,0.0
86.9362,128.3982,111.8719,69.4494,72.7867,88.5384,229.6549,90.4096,129.1996,119.9316,76.8308,73.5631,0.0,251.4209
128.3982,111.8719,69.4494,72.7867,88.5384,229.6549,90.4096,129.1996,119.9316,76.8308,73.5631,0.0,251.4209,94.5337
111.8719,69.4494,72.7867,88.5384,229.6549,90.4096,129.1996,119.9316,76.8308,73.5631,0.0,251.4209,94.5337,131.4565
69.4494,72.7867,88.5384,229.6549,90.4096,129.1996,119.9316,76.8308,73.5631,0.0,251.4209,94.5337,131.4565,125.1123
72.7867,88.5384,229.6549,90.4096,129.1996,119.9316,76.8308,73.5631,0.0,251.4209,94.5337,131.4565,125.1123,83.1183
88.5384,229.6549,90.4096,129.1996,119.9316,76.8308,73.5631,0.0,251.4209,94.5337,131.4565,125.1123,83.1183,73.3802
229.6549,90.4096,129.1996,119.9316,76.8308,73.5631,0.0,251.4209,94.5337,131.4565,125.1123,83.1183,73.3802,116.7641
90.4096,129.1996,119.9316,76.8308,73.5631,0.0,251.4209,94.5337,131.4565,125.1123,83.1183,73.3802,116.7641,309.0839
129.1996,119.9316,76.8308,73.5631,0.0,251.4209,94.5337,131.4565,125.1123,83.1183,73.3802,116.7641,309.0839,87.9021
119.9316,76.8308,73.5631,0.0,251.4209,94.5337,131.4565,125.1123,83.1183,73.3802,116.7641,309.0839,87.9021,143.2325
76.8308,73.5631,0.0,251.4209,94.5337,131.4565,125.1123,83.1183,73.3802,116.7641,309.0839,87.9021,143.2325,154.8209
73.5631,0.0,251.4209,94.5337,131.4565,125.1123,83.1183,73.3802,116.7641,309.0839,87.9021,143.2325,154.8209,0.0
0.0,251.4209,94.5337,131.4565,125.1123,83.1183,73.3802,116.7641,309.0839,87.9021,143.2325,154.8209,0.0,79.0651
251.4209,94.5337,131.4565,125.1123,83.1183,73.3802,116.7641,309.0839,87.9021,143.2325,154.8209,0.0,79.0651,0.0
94.5337,131.4565,125.1123,83.1183,73.3802,116.7641,309.0839,87.9021,143.2325,154.8209,0.0,79.0651,0.0,
