MLPt-5,MSPt-7,MSPt-6,IVt-1,IVt-5,IVt-7,IVt-6,MLPt-6,MLPt-7,DVt-6,DVt-7,MLPt-2,MLPt-3,MLPt-4,MLPt-1
93.70199693,85.9652,132.6075,27.11,33.82,37.28,30.27,138.1814989,89.10828025,53.0,41.6,132.6190476,85.84809863,88.38443396,226.7629488
88.38443396,132.6075,119.133,35.1,39.75,30.27,33.82,93.70199693,138.1814989,52.43833,53.0,226.7629488,132.6190476,85.84809863,88.82289417
85.84809863,119.133,74.47,27.58,42.33,33.82,39.75,88.38443396,93.70199693,49.19,52.43833,88.82289417,226.7629488,132.6190476,138.4943182
132.6190476,74.47,73.0457,31.685,24.69,39.75,42.33,85.84809863,88.38443396,66.5,49.19,138.4943182,88.82289417,226.7629488,92.76765376
226.7629488,73.0457,113.0205,38.2,27.11,42.33,24.69,132.6190476,85.84809863,45.68,66.5,92.76765376,138.4943182,88.82289417,89.44945207
88.82289417,113.0205,234.4697,21.88,35.1,24.69,27.11,226.7629488,132.6190476,60.53,45.68,89.44945207,92.76765376,138.4943182,85.17992424
138.4943182,234.4697,85.5346,40.24,27.58,27.11,35.1,88.82289417,226.7629488,45.24,60.53,85.17992424,89.44945207,92.76765376,130.9689487
92.76765376,85.5346,133.1974,25.78,31.685,35.1,27.58,138.4943182,88.82289417,56.41,45.24,130.9689487,85.17992424,89.44945207,223.2101617
89.44945207,133.1974,118.6722,33.34,38.2,27.58,31.685,92.76765376,138.4943182,55.05166667,56.41,223.2101617,130.9689487,85.17992424,87.14030178
85.17992424,118.6722,74.3473,25.8,21.88,31.685,38.2,89.44945207,92.76765376,51.19,55.05166667,87.14030178,223.2101617,130.9689487,136.4502768
130.9689487,74.3473,73.3933,29.94666667,40.24,38.2,21.88,85.17992424,89.44945207,69.28,51.19,136.4502768,87.14030178,223.2101617,91.79091645
223.2101617,73.3933,111.0908,37.75,25.78,21.88,40.24,130.9689487,85.17992424,47.66,69.28,91.79091645,136.4502768,87.14030178,88.26650943
87.14030178,111.0908,231.1999,19.86,33.34,40.24,25.78,223.2101617,130.9689487,62.25,47.66,88.26650943,91.79091645,136.4502768,84.76685744
136.4502768,231.1999,84.4796,37.15,25.8,25.78,33.34,87.14030178,223.2101617,48.9,62.25,84.76685744,88.26650943,91.79091645,129.0262866
91.79091645,84.4796,129.9556,25.04,29.94666667,33.34,25.8,136.4502768,87.14030178,59.14,48.9,129.0262866,84.76685744,88.26650943,219.7916667
88.26650943,129.9556,117.9777,31.63,37.75,25.8,29.94666667,91.79091645,136.4502768,57.52666667,59.14,219.7916667,129.0262866,84.76685744,87.48435544
84.76685744,117.9777,79.9631,24.91,19.86,29.94666667,37.75,88.26650943,91.79091645,51.56,57.52666667,87.48435544,219.7916667,129.0262866,136.9513539
129.0262866,79.9631,73.2828,28.71833333,37.15,37.75,19.86,84.76685744,88.26650943,72.17,51.56,136.9513539,87.48435544,219.7916667,91.66666667
219.7916667,73.2828,108.9853,37.58,25.04,19.86,37.15,129.0262866,84.76685744,51.14,72.17,91.66666667,136.9513539,87.48435544,87.61682243
87.48435544,108.9853,228.924,18.36,31.63,37.15,25.04,219.7916667,129.0262866,63.15,51.14,87.61682243,91.66666667,136.9513539,81.89398451
136.9513539,228.924,84.1008,34.79,24.91,25.04,31.63,87.48435544,219.7916667,51.22,63.15,81.89398451,87.61682243,91.66666667,126.1807308
91.66666667,84.1008,126.9658,23.84,28.71833333,31.63,24.91,136.9513539,87.48435544,60.42,51.22,126.1807308,81.89398451,87.61682243,215.7326131
87.61682243,126.9658,115.4132,30.43,37.58,24.91,28.71833333,91.66666667,136.9513539,59.15666667,60.42,215.7326131,126.1807308,81.89398451,88.57142857
81.89398451,115.4132,71.6053,24.15,18.36,28.71833333,37.58,87.61682243,91.66666667,52.22,59.15666667,88.57142857,215.7326131,126.1807308,137.0389344
126.1807308,71.6053,69.2544,28.26,34.79,37.58,18.36,81.89398451,87.61682243,73.89,52.22,137.0389344,88.57142857,215.7326131,94.38522398
215.7326131,69.2544,111.6288,38.87,23.84,18.36,34.79,126.1807308,81.89398451,54.04,73.89,94.38522398,137.0389344,88.57142857,81.25
88.57142857,111.6288,229.718,17.62,30.43,34.79,23.84,215.7326131,126.1807308,64.81,54.04,81.25,94.38522398,137.0389344,80.70149231
137.0389344,229.718,82.0749,34.65,24.15,23.84,30.43,88.57142857,215.7326131,52.83,64.81,80.70149231,81.25,94.38522398,126.9146608
94.38522398,82.0749,127.5368,23.27,28.26,30.43,24.15,137.0389344,88.57142857,61.35,52.83,126.9146608,80.70149231,81.25,220.7142857
81.25,127.5368,114.5715,33.64,38.87,24.15,28.26,94.38522398,137.0389344,59.895,61.35,220.7142857,126.9146608,80.70149231,88.59223301
80.70149231,114.5715,66.6447,24.58,17.62,28.26,38.87,81.25,94.38522398,50.89,59.895,88.59223301,220.7142857,126.9146608,137.2847816
126.9146608,66.6447,69.0471,28.50166667,34.65,38.87,17.62,80.70149231,81.25,75.29,50.89,137.2847816,88.59223301,220.7142857,94.5045045
220.7142857,69.0471,112.4075,38.6,23.27,17.62,34.65,126.9146608,80.70149231,54.2,75.29,94.5045045,137.2847816,88.59223301,86.60130719
88.59223301,112.4075,229.1252,20.29,33.64,34.65,23.27,220.7142857,126.9146608,66.12,54.2,86.60130719,94.5045045,137.2847816,78.58154589
137.2847816,229.1252,80.9617,30.63,24.58,23.27,33.64,88.59223301,220.7142857,49.53,66.12,78.58154589,86.60130719,94.5045045,127.9229711
94.5045045,80.9617,127.5923,21.27,28.50166667,33.64,24.58,137.2847816,88.59223301,61.37,49.53,127.9229711,78.58154589,86.60130719,218.2038905
86.60130719,127.5923,113.4748,32.04,38.6,24.58,28.50166667,94.5045045,137.2847816,59.86666667,61.37,218.2038905,127.9229711,78.58154589,88.99676375
78.58154589,113.4748,65.4049,23.55,20.29,28.50166667,38.6,86.60130719,94.5045045,51.34,59.86666667,88.99676375,218.2038905,127.9229711,136.6592757
127.9229711,65.4049,70.1678,27.29,30.63,38.6,20.29,78.58154589,86.60130719,72.07,51.34,136.6592757,88.99676375,218.2038905,94.21841542
218.2038905,70.1678,107.5967,37.72,21.27,20.29,30.63,127.9229711,78.58154589,58.77,72.07,94.21841542,136.6592757,88.99676375,87.56223282
88.99676375,107.5967,230.8938,20.6,32.04,30.63,21.27,218.2038905,127.9229711,68.57,58.77,87.56223282,94.21841542,136.6592757,80.81723668
136.6592757,230.8938,81.9961,28.56,23.55,21.27,32.04,88.99676375,218.2038905,50.66,68.57,80.81723668,87.56223282,94.21841542,132.2916667
94.21841542,81.9961,128.1435,19.62,27.29,32.04,23.55,136.6592757,88.99676375,61.98,50.66,132.2916667,80.81723668,87.56223282,218.9868369
87.56223282,128.1435,114.4527,31.35,37.72,23.55,27.29,94.21841542,136.6592757,61.04,61.98,218.9868369,132.2916667,80.81723668,87.5
80.81723668,114.4527,67.8636,21.73,20.6,27.29,37.72,87.56223282,94.21841542,52.46,61.04,87.5,218.9868369,132.2916667,133.8392857
132.2916667,67.8636,71.5832,26.24333333,28.56,37.72,20.6,80.81723668,87.56223282,71.54,52.46,133.8392857,87.5,218.9868369,94.23222358
218.9868369,71.5832,106.2361,35.92,19.62,20.6,28.56,132.2916667,80.81723668,61.03,71.54,94.23222358,133.8392857,87.5,89.02616279
87.5,106.2361,230.3119,20.42,31.35,28.56,19.62,218.9868369,132.2916667,70.91,61.03,89.02616279,94.23222358,133.8392857,81.71728972
133.8392857,230.3119,84.5018,28.42,21.73,19.62,31.35,87.5,218.9868369,50.92,70.91,81.71728972,89.02616279,94.23222358,133.0173259
94.23222358,84.5018,128.4869,18.16,26.24333333,31.35,21.73,133.8392857,87.5,64.25,50.92,133.0173259,81.71728972,89.02616279,216.5097755
89.02616279,128.4869,115.9607,30.49,35.92,21.73,26.24333333,94.23222358,133.8392857,62.21666667,64.25,216.5097755,133.0173259,81.71728972,86.65813951
81.71728972,115.9607,70.6416,20.31,20.42,26.24333333,35.92,89.02616279,94.23222358,53.8,62.21666667,86.65813951,216.5097755,133.0173259,133.2291667
133.0173259,70.6416,70.7994,25.06833333,28.42,35.92,20.42,81.71728972,89.02616279,72.04,53.8,133.2291667,86.65813951,216.5097755,94.64506173
216.5097755,70.7994,111.0226,34.84,18.16,20.42,28.42,133.0173259,81.71728972,61.38,72.04,94.64506173,133.2291667,86.65813951,89.55228327
86.65813951,111.0226,230.2628,21.18,30.49,28.42,18.16,216.5097755,133.0173259,72.71,61.38,89.55228327,94.64506173,133.2291667,83.26923077
133.2291667,230.2628,86.2123,25.43,20.31,18.16,30.49,86.65813951,216.5097755,51.95,72.71,83.26923077,89.55228327,94.64506173,133.3333333
94.64506173,86.2123,132.6607,17.26,25.06833333,30.49,20.31,133.2291667,86.65813951,65.97,51.95,133.3333333,83.26923077,89.55228327,214.2709837
89.55228327,132.6607,117.1555,30.63,34.84,20.31,25.06833333,94.64506173,133.2291667,63.57333333,65.97,214.2709837,133.3333333,83.26923077,82.44739756
83.26923077,117.1555,68.5787,19.94,21.18,25.06833333,34.84,89.55228327,94.64506173,54.68,63.57333333,82.44739756,214.2709837,133.3333333,132.7898551
133.3333333,68.5787,75.3007,24.90333333,25.43,34.84,21.18,83.26923077,89.55228327,71.39,54.68,132.7898551,82.44739756,214.2709837,94.90740741
214.2709837,75.3007,109.9177,32.98,17.26,21.18,25.43,133.3333333,83.26923077,64.74,71.39,94.90740741,132.7898551,82.44739756,90.12623986
82.44739756,109.9177,233.7741,23.05,30.63,25.43,17.26,214.2709837,133.3333333,73.8,64.74,90.12623986,94.90740741,132.7898551,83.50144092
132.7898551,233.7741,87.6372,25.56,19.94,17.26,30.63,82.44739756,214.2709837,51.88,73.8,83.50144092,90.12623986,94.90740741,133.3333333
94.90740741,87.6372,132.8961,16.74,24.90333333,30.63,19.94,132.7898551,82.44739756,66.59,51.88,133.3333333,83.50144092,90.12623986,212.4740591
90.12623986,132.8961,118.3722,33.57,32.98,19.94,24.90333333,94.90740741,132.7898551,63.88666667,66.59,212.4740591,133.3333333,83.50144092,76.64291403
83.50144092,118.3722,69.6674,19.9,23.05,24.90333333,32.98,90.12623986,94.90740741,56.46,63.88666667,76.64291403,212.4740591,133.3333333,130.7797468
133.3333333,69.6674,75.2878,25.165,25.56,32.98,23.05,83.50144092,90.12623986,69.44,56.46,130.7797468,76.64291403,212.4740591,93.89933166
212.4740591,75.2878,110.9705,32.36,16.74,23.05,25.56,133.3333333,83.50144092,65.15,69.44,93.89933166,130.7797468,76.64291403,88.54166667
76.64291403,110.9705,233.7281,24.93,33.57,25.56,16.74,212.4740591,133.3333333,74.25,65.15,88.54166667,93.89933166,130.7797468,82.80319532
130.7797468,233.7281,87.4962,23.49,19.9,16.74,33.57,76.64291403,212.4740591,48.18,74.25,82.80319532,88.54166667,93.89933166,133.4021568
93.89933166,87.4962,131.6312,16.36,25.165,33.57,19.9,130.7797468,76.64291403,66.67,48.18,133.4021568,82.80319532,88.54166667,210.9404481
88.54166667,131.6312,117.8438,36.14,32.36,19.9,25.165,93.89933166,130.7797468,63.39,66.67,210.9404481,133.4021568,82.80319532,75.60558789
82.80319532,117.8438,71.0805,21.42,24.93,25.165,32.36,88.54166667,93.89933166,57.45,63.39,75.60558789,210.9404481,133.4021568,129.9452664
133.4021568,71.0805,74.3713,26.23333333,23.49,32.36,24.93,82.80319532,88.54166667,66.75,57.45,129.9452664,75.60558789,210.9404481,93.6103425
210.9404481,74.3713,108.7553,33.08,16.36,24.93,23.49,133.4021568,82.80319532,67.04,66.75,93.6103425,129.9452664,75.60558789,88.77777778
75.60558789,108.7553,230.7781,26.79,36.14,23.49,16.36,210.9404481,133.4021568,74.48,67.04,88.77777778,93.6103425,129.9452664,80.64236111
129.9452664,230.7781,86.434,23.61,21.42,16.36,36.14,75.60558789,210.9404481,45.02,74.48,80.64236111,88.77777778,93.6103425,131.9776905
93.6103425,86.434,129.1648,16.22,26.23333333,36.14,21.42,129.9452664,75.60558789,64.87,45.02,131.9776905,80.64236111,88.77777778,209.1776799
88.77777778,129.1648,117.354,39.23,33.08,21.42,26.23333333,93.6103425,129.9452664,61.95833333,64.87,209.1776799,131.9776905,80.64236111,76.0
80.64236111,117.354,74.0448,24.57,26.79,26.23333333,33.08,88.77777778,93.6103425,56.88,61.95833333,76.0,209.1776799,131.9776905,130.0374365
131.9776905,74.0448,75.8239,28.33666667,23.61,33.08,26.79,80.64236111,88.77777778,64.06,56.88,130.0374365,76.0,209.1776799,92.7895882
209.1776799,75.8239,107.8786,35.13,16.22,26.79,23.61,131.9776905,80.64236111,66.44,64.06,92.7895882,130.0374365,76.0,87.32517483
76.0,107.8786,227.3584,29.49,39.23,23.61,16.22,209.1776799,131.9776905,74.98,66.44,87.32517483,92.7895882,130.0374365,79.36507937
130.0374365,227.3584,86.2865,25.38,24.57,16.22,39.23,76.0,209.1776799,41.63,74.98,79.36507937,87.32517483,92.7895882,132.7857393
92.7895882,86.2865,130.6538,15.94,28.33666667,39.23,24.57,130.0374365,76.0,61.56,41.63,132.7857393,79.36507937,87.32517483,207.1290944
87.32517483,130.6538,117.9588,41.95,35.13,24.57,28.33666667,92.7895882,130.0374365,59.41833333,61.56,207.1290944,132.7857393,79.36507937,73.992891
79.36507937,117.9588,77.7368,26.11,29.49,28.33666667,35.13,87.32517483,92.7895882,54.69,59.41833333,73.992891,207.1290944,132.7857393,131.2192455
132.7857393,77.7368,75.7496,30.04666667,25.38,35.13,29.49,79.36507937,87.32517483,59.67,54.69,131.2192455,73.992891,207.1290944,92.97800338
207.1290944,75.7496,109.9677,37.25,15.94,29.49,25.38,132.7857393,79.36507937,63.98,59.67,92.97800338,131.2192455,73.992891,88.09055118
73.992891,109.9677,221.4781,33.12,41.95,25.38,15.94,207.1290944,132.7857393,75.46,63.98,88.09055118,92.97800338,131.2192455,78.15968379
131.2192455,221.4781,86.2178,25.91,26.11,15.94,41.95,73.992891,207.1290944,39.09,75.46,78.15968379,88.09055118,92.97800338,130.4179567
92.97800338,86.2178,128.3126,16.0,30.04666667,41.95,26.11,131.2192455,73.992891,60.32,39.09,130.4179567,78.15968379,88.09055118,204.082563
88.09055118,128.3126,116.5057,43.5,37.25,26.11,30.04666667,92.97800338,131.2192455,57.725,60.32,204.082563,130.4179567,78.15968379,72.24025974
78.15968379,116.5057,74.5605,27.09,33.12,30.04666667,37.25,88.09055118,92.97800338,52.72,57.725,72.24025974,204.082563,130.4179567,131.3197636
130.4179567,74.5605,72.4813,31.85166667,25.91,37.25,33.12,78.15968379,88.09055118,56.02,52.72,131.3197636,72.24025974,204.082563,92.586931
204.082563,72.4813,115.9838,41.66,16.0,33.12,25.91,130.4179567,78.15968379,62.74,56.02,92.586931,131.3197636,72.24025974,86.37837838
72.24025974,115.9838,215.0015,36.48,43.5,25.91,16.0,204.082563,130.4179567,75.55,62.74,86.37837838,92.586931,131.3197636,75.41007773
131.3197636,215.0015,85.31,26.38,27.09,16.0,43.5,72.24025974,204.082563,37.9,75.55,75.41007773,86.37837838,92.586931,129.8076923
92.586931,85.31,127.7413,15.74,31.85166667,43.5,27.09,131.3197636,72.24025974,59.57,37.9,129.8076923,75.41007773,86.37837838,204.9324721
86.37837838,127.7413,112.7881,42.71,41.66,27.09,31.85166667,92.586931,131.3197636,55.84166667,59.57,204.9324721,129.8076923,75.41007773,74.4966443
75.41007773,112.7881,73.3758,28.08,36.48,31.85166667,41.66,86.37837838,92.586931,48.17,55.84166667,74.4966443,204.9324721,129.8076923,133.1113801
129.8076923,73.3758,71.3695,33.565,26.38,41.66,36.48,75.41007773,86.37837838,52.1,48.17,133.1113801,74.4966443,204.9324721,92.25427105
204.9324721,71.3695,103.9302,47.04,15.74,36.48,26.38,129.8076923,75.41007773,61.76,52.1,92.25427105,133.1113801,74.4966443,84.71932497
74.4966443,103.9302,212.1263,39.04,42.71,26.38,15.74,204.9324721,129.8076923,75.87,61.76,84.71932497,92.25427105,133.1113801,75.72446362
133.1113801,212.1263,85.2237,28.78,28.08,15.74,42.71,74.4966443,204.9324721,39.4,75.87,75.72446362,84.71932497,92.25427105,126.1430469
92.25427105,85.2237,124.8808,15.69,33.565,42.71,28.08,133.1113801,74.4966443,58.2,39.4,126.1430469,75.72446362,84.71932497,200.0
84.71932497,124.8808,111.1893,44.23,47.04,28.08,33.565,92.25427105,133.1113801,54.10666667,58.2,200.0,126.1430469,75.72446362,78.02919708
75.72446362,111.1893,69.36,27.97,39.04,33.565,47.04,84.71932497,92.25427105,42.19,54.10666667,78.02919708,200.0,126.1430469,134.555007
126.1430469,69.36,71.5485,34.99666667,28.78,47.04,39.04,75.72446362,84.71932497,49.53,42.19,134.555007,78.02919708,200.0,92.28824273
200.0,71.5485,103.9964,48.72,15.69,39.04,28.78,126.1430469,75.72446362,59.45,49.53,92.28824273,134.555007,78.02919708,83.67945381
78.02919708,103.9964,214.4316,41.39,44.23,28.78,15.69,200.0,126.1430469,75.96,59.45,83.67945381,92.28824273,134.555007,75.712118
134.555007,214.4316,84.6459,31.98,27.97,15.69,44.23,78.02919708,200.0,37.39,75.96,75.712118,83.67945381,92.28824273,126.443418
92.28824273,84.6459,123.9332,16.13,34.99666667,44.23,27.97,134.555007,78.02919708,57.73,37.39,126.443418,75.712118,83.67945381,208.5650723
83.67945381,123.9332,112.3211,44.13,48.72,27.97,34.99666667,92.28824273,134.555007,52.43833333,57.73,208.5650723,126.443418,75.712118,83.26923077
75.712118,112.3211,67.9243,28.23,41.39,34.99666667,48.72,83.67945381,92.28824273,40.74,52.43833333,83.26923077,208.5650723,126.443418,135.5932203
126.443418,67.9243,72.9691,36.16,31.98,48.72,41.39,75.712118,83.67945381,47.59,40.74,135.5932203,83.26923077,208.5650723,92.21311475
208.5650723,72.9691,110.0224,50.31,16.13,41.39,31.98,126.443418,75.712118,55.22,47.59,92.21311475,135.5932203,83.26923077,87.63575606
83.26923077,110.0224,215.8652,41.37,44.13,31.98,16.13,208.5650723,126.443418,75.46,55.22,87.63575606,92.21311475,135.5932203,74.85422741
135.5932203,215.8652,84.9481,36.79,28.23,16.13,44.13,83.26923077,208.5650723,37.33,75.46,74.85422741,87.63575606,92.21311475,128.2051282
92.21311475,84.9481,123.0003,17.14,36.16,44.13,28.23,135.5932203,83.26923077,57.67,37.33,128.2051282,74.85422741,87.63575606,210.6493506
87.63575606,123.0003,111.1137,45.62,50.31,28.23,36.16,92.21311475,135.5932203,51.53666667,57.67,210.6493506,128.2051282,74.85422741,85.75514874
74.85422741,111.1137,64.2151,28.85,41.37,36.16,50.31,87.63575606,92.21311475,39.92,51.53666667,85.75514874,210.6493506,128.2051282,136.5949871
128.2051282,64.2151,66.8758,37.09333333,36.79,50.31,41.37,74.85422741,87.63575606,48.04,39.92,136.5949871,85.75514874,210.6493506,93.85782367
210.6493506,66.8758,111.7777,51.4,17.14,41.37,36.79,128.2051282,74.85422741,50.8,48.04,93.85782367,136.5949871,85.75514874,89.24107143
85.75514874,111.7777,212.4835,42.03,45.62,36.79,17.14,210.6493506,128.2051282,73.9,50.8,89.24107143,93.85782367,136.5949871,74.2011025
136.5949871,212.4835,85.1421,37.52,28.85,17.14,45.62,85.75514874,210.6493506,35.73,73.9,74.2011025,89.24107143,93.85782367,126.1812298
93.85782367,85.1421,125.8524,18.88,37.09333333,45.62,28.85,136.5949871,85.75514874,57.48,35.73,126.1812298,74.2011025,89.24107143,213.2571278
89.24107143,125.8524,110.8666,46.45,51.4,28.85,37.09333333,93.85782367,136.5949871,50.48,57.48,213.2571278,126.1812298,74.2011025,87.12410256
74.2011025,110.8666,66.1587,30.21,42.03,37.09333333,51.4,89.24107143,93.85782367,38.53,50.48,87.12410256,213.2571278,126.1812298,136.2878788
126.1812298,66.1587,65.982,38.10333333,37.52,51.4,42.03,74.2011025,89.24107143,47.43,38.53,136.2878788,87.12410256,213.2571278,93.04083426
213.2571278,65.982,109.5807,50.94,18.88,42.03,37.52,126.1812298,74.2011025,49.81,47.43,93.04083426,136.2878788,87.12410256,87.32517483
87.12410256,109.5807,214.3594,45.33,46.45,37.52,18.88,213.2571278,126.1812298,72.02,49.81,87.32517483,93.04083426,136.2878788,75.20666681
136.2878788,214.3594,87.5208,36.81,30.21,18.88,46.45,87.12410256,213.2571278,34.95,72.02,75.20666681,87.32517483,93.04083426,127.6335312
93.04083426,87.5208,128.7997,20.6,38.10333333,46.45,30.21,136.2878788,87.12410256,55.43,34.95,127.6335312,75.20666681,87.32517483,210.1293771
87.32517483,128.7997,112.5667,47.41,50.94,30.21,38.10333333,93.04083426,136.2878788,49.16666667,55.43,210.1293771,127.6335312,75.20666681,87.28162124
75.20666681,112.5667,68.9992,31.43,45.33,38.10333333,50.94,87.32517483,93.04083426,38.38,49.16666667,87.28162124,210.1293771,127.6335312,135.1663055
127.6335312,68.9992,70.9847,39.52166667,36.81,50.94,45.33,75.20666681,87.32517483,44.36,38.38,135.1663055,87.28162124,210.1293771,91.98337292
210.1293771,70.9847,104.7363,50.64,20.6,45.33,36.81,127.6335312,75.20666681,49.86,44.36,91.98337292,135.1663055,87.28162124,85.8543883
87.28162124,104.7363,218.6803,48.2,47.41,36.81,20.6,210.1293771,127.6335312,69.08,49.86,85.8543883,91.98337292,135.1663055,76.80860806
135.1663055,218.6803,88.8856,38.85,31.43,20.6,47.41,87.28162124,210.1293771,34.06,69.08,76.80860806,85.8543883,91.98337292,127.2955247
91.98337292,88.8856,130.2977,22.56,39.52166667,47.41,31.43,135.1663055,87.28162124,53.72,34.06,127.2955247,76.80860806,85.8543883,207.7506596
85.8543883,130.2977,115.8058,49.0,50.64,31.43,39.52166667,91.98337292,135.1663055,47.60833333,53.72,207.7506596,127.2955247,76.80860806,86.68981481
76.80860806,115.8058,75.3893,33.39,48.2,39.52166667,50.64,85.8543883,91.98337292,38.78,47.60833333,86.68981481,207.7506596,127.2955247,134.3241042
127.2955247,75.3893,73.615,41.46833333,38.85,50.64,48.2,76.80860806,85.8543883,41.55,38.78,134.3241042,86.68981481,207.7506596,91.21657115
207.7506596,73.615,107.9669,51.61,22.56,48.2,38.85,127.2955247,76.80860806,48.46,41.55,91.21657115,134.3241042,86.68981481,82.35294118
86.68981481,107.9669,221.5261,51.98,49.0,38.85,22.56,207.7506596,127.2955247,66.5,48.46,82.35294118,91.21657115,134.3241042,76.44557823
134.3241042,221.5261,90.668,40.27,33.39,22.56,49.0,86.68981481,207.7506596,32.8,66.5,76.44557823,82.35294118,91.21657115,127.6335312
91.21657115,90.668,129.5648,25.34,41.46833333,49.0,33.39,134.3241042,86.68981481,51.34,32.8,127.6335312,76.44557823,82.35294118,204.4419134
82.35294118,129.5648,117.7021,48.09,51.61,33.39,41.46833333,91.21657115,134.3241042,45.59,51.34,204.4419134,127.6335312,76.44557823,86.81108351
76.44557823,117.7021,77.4936,34.68,51.98,41.46833333,51.61,82.35294118,91.21657115,37.47,45.59,86.81108351,204.4419134,127.6335312,133.8849915
127.6335312,77.4936,73.1567,42.68333333,40.27,51.61,51.98,76.44557823,82.35294118,38.05,37.47,133.8849915,86.81108351,204.4419134,90.81818182
204.4419134,73.1567,113.8036,52.88,25.34,51.98,40.27,127.6335312,76.44557823,47.38,38.05,90.81818182,133.8849915,86.81108351,79.46354167
86.81108351,113.8036,221.8508,53.23,48.09,40.27,25.34,204.4419134,127.6335312,63.06,47.38,79.46354167,90.81818182,133.8849915,78.04464121
133.8849915,221.8508,92.153,41.88,34.68,25.34,48.09,86.81108351,204.4419134,33.75,63.06,78.04464121,79.46354167,90.81818182,128.0434783
90.81818182,92.153,129.7116,28.37,42.68333333,48.09,34.68,133.8849915,86.81108351,49.5,33.75,128.0434783,78.04464121,79.46354167,204.5454545
79.46354167,129.7116,118.3733,48.14,52.88,34.68,42.68333333,90.81818182,133.8849915,44.20333333,49.5,204.5454545,128.0434783,78.04464121,87.54055808
78.04464121,118.3733,78.9473,36.25,53.23,42.68333333,52.88,79.46354167,90.81818182,36.62,44.20333333,87.54055808,204.5454545,128.0434783,132.8894807
128.0434783,78.9473,73.7971,43.81166667,41.88,52.88,53.23,78.04464121,79.46354167,36.63,36.62,132.8894807,87.54055808,204.5454545,90.30367232
204.5454545,73.7971,113.7801,54.01,28.37,53.23,41.88,128.0434783,78.04464121,45.66,36.63,90.30367232,132.8894807,87.54055808,79.59302326
87.54055808,113.7801,219.6197,54.29,48.14,41.88,28.37,204.5454545,128.0434783,59.31,45.66,79.59302326,90.30367232,132.8894807,76.84154743
132.8894807,219.6197,90.6809,41.81,36.25,28.37,48.14,87.54055808,204.5454545,33.6,59.31,76.84154743,79.59302326,90.30367232,127.5517865
90.30367232,90.6809,131.8793,31.94,43.81166667,48.14,36.25,132.8894807,87.54055808,47.78,33.6,127.5517865,76.84154743,79.59302326,204.0136054
79.59302326,131.8793,117.2075,48.52,54.01,36.25,43.81166667,90.30367232,132.8894807,42.93,47.78,204.0136054,127.5517865,76.84154743,84.78581979
76.84154743,117.2075,78.6993,36.79,54.29,43.81166667,54.01,79.59302326,90.30367232,35.51,42.93,84.78581979,204.0136054,127.5517865,133.044268
127.5517865,78.6993,77.7075,44.12,41.81,54.01,54.29,76.84154743,79.59302326,35.59,35.51,133.044268,84.78581979,204.0136054,91.25
204.0136054,77.7075,104.6582,52.6,31.94,54.29,41.81,127.5517865,76.84154743,45.79,35.59,91.25,133.044268,84.78581979,78.41020608
84.78581979,104.6582,218.2015,55.26,48.52,41.81,31.94,204.0136054,127.5517865,56.14,45.79,78.41020608,91.25,133.044268,75.54417414
133.044268,218.2015,89.3446,39.61,36.79,31.94,48.52,84.78581979,204.0136054,33.69,56.14,75.54417414,78.41020608,91.25,126.2755102
91.25,89.3446,129.7027,35.33,44.12,48.52,36.79,133.044268,84.78581979,47.12,33.69,126.2755102,75.54417414,78.41020608,218.125
78.41020608,129.7027,117.2546,46.87,52.6,36.79,44.12,91.25,133.044268,42.73333333,47.12,218.125,126.2755102,75.54417414,89.30698765
75.54417414,117.2546,75.2662,37.99,55.26,44.12,52.6,78.41020608,91.25,36.59,42.73333333,89.30698765,218.125,126.2755102,135.0686347
126.2755102,75.2662,74.8326,44.67666667,39.61,52.6,55.26,75.54417414,78.41020608,35.14,36.59,135.0686347,89.30698765,218.125,92.28219697
218.125,74.8326,116.1798,54.23,35.33,55.26,39.61,126.2755102,75.54417414,47.72,35.14,92.28219697,135.0686347,89.30698765,83.3125
89.30698765,116.1798,215.1094,55.75,46.87,39.61,35.33,218.125,126.2755102,52.6,47.72,83.3125,92.28219697,135.0686347,80.77367206
135.0686347,215.1094,86.694,37.89,37.99,35.33,46.87,89.30698765,218.125,35.41,52.6,80.77367206,83.3125,92.28219697,129.7827239
92.28219697,86.694,130.4039,38.62,44.67666667,46.87,37.99,135.0686347,89.30698765,46.1,35.41,129.7827239,80.77367206,83.3125,216.5298613
83.3125,130.4039,115.8449,46.69,54.23,37.99,44.67666667,92.28219697,135.0686347,42.31166667,46.1,216.5298613,129.7827239,80.77367206,88.44791703
80.77367206,115.8449,74.8726,39.49,55.75,44.67666667,54.23,83.3125,92.28219697,35.43,42.31166667,88.44791703,216.5298613,129.7827239,134.7884788
129.7827239,74.8726,75.7329,46.19,37.89,54.23,55.75,80.77367206,83.3125,35.03,35.43,134.7884788,88.44791703,216.5298613,92.0212766
216.5298613,75.7329,112.2567,52.86,38.62,55.75,37.89,129.7827239,80.77367206,49.3,35.03,92.0212766,134.7884788,88.44791703,82.54132231
88.44791703,112.2567,211.8959,61.03,46.69,37.89,38.62,216.5298613,129.7827239,49.32,49.3,82.54132231,92.0212766,134.7884788,79.3545255
134.7884788,211.8959,86.055,38.45,39.49,38.62,46.69,88.44791703,216.5298613,36.03,49.32,79.3545255,82.54132231,92.0212766,128.84
92.0212766,86.055,128.5816,41.17,46.19,46.69,39.49,134.7884788,88.44791703,44.72,36.03,128.84,79.3545255,82.54132231,218.1818182
82.54132231,128.5816,114.6104,47.65,52.86,39.49,46.19,92.0212766,134.7884788,40.94333333,44.72,218.1818182,128.84,79.3545255,88.5972321
79.3545255,114.6104,75.7916,39.42,61.03,46.19,52.86,82.54132231,92.0212766,36.71,40.94333333,88.5972321,218.1818182,128.84,135.4284009
128.84,75.7916,74.5017,47.22,38.45,52.86,61.03,79.3545255,82.54132231,30.74,36.71,135.4284009,88.5972321,218.1818182,91.80043918
218.1818182,74.5017,110.8352,51.78,41.17,61.03,38.45,128.84,79.3545255,48.14,30.74,91.80043918,135.4284009,88.5972321,81.54761905
88.5972321,110.8352,210.4616,64.92,47.65,38.45,41.17,218.1818182,128.84,46.77,48.14,81.54761905,91.80043918,135.4284009,79.80929078
135.4284009,210.4616,84.5481,38.38,39.42,41.17,47.65,88.5972321,218.1818182,35.74,46.77,79.80929078,81.54761905,91.80043918,127.6335312
91.80043918,84.5481,126.916,44.27,47.22,47.65,39.42,135.4284009,88.5972321,44.99,35.74,127.6335312,79.80929078,81.54761905,220.3488372
81.54761905,126.916,114.5219,45.89,51.78,39.42,47.22,91.80043918,135.4284009,40.24166667,44.99,220.3488372,127.6335312,79.80929078,91.55759162
79.80929078,114.5219,73.1886,40.36,64.92,47.22,51.78,81.54761905,91.80043918,38.19,40.24166667,91.55759162,220.3488372,127.6335312,136.6951567
127.6335312,73.1886,76.7139,48.22666667,38.38,51.78,64.92,79.80929078,81.54761905,27.38,38.19,136.6951567,91.55759162,220.3488372,91.7221223
220.3488372,76.7139,115.3031,52.31,44.27,64.92,38.38,127.6335312,79.80929078,48.38,27.38,91.7221223,136.6951567,91.55759162,80.03592824
91.55759162,115.3031,210.115,68.02,45.89,38.38,44.27,220.3488372,127.6335312,43.71,48.38,80.03592824,91.7221223,136.6951567,80.35309657
136.6951567,210.115,83.3417,38.51,40.36,44.27,45.89,91.55759162,220.3488372,37.45,43.71,80.35309657,80.03592824,91.7221223,128.9079267
91.7221223,83.3417,126.3476,47.17,48.22666667,45.89,40.36,136.6951567,91.55759162,43.42,37.45,128.9079267,80.35309657,80.03592824,223.3415731
80.03592824,126.3476,112.2942,44.22,52.31,40.36,48.22666667,91.7221223,136.6951567,39.32666667,43.42,223.3415731,128.9079267,80.35309657,92.01388889
80.35309657,112.2942,65.6823,41.98,68.02,48.22666667,52.31,80.03592824,91.7221223,37.97,39.32666667,92.01388889,223.3415731,128.9079267,136.9034029
128.9079267,65.6823,74.0744,49.265,38.51,52.31,68.02,80.35309657,80.03592824,24.67,37.97,136.9034029,92.01388889,223.3415731,93.02976013
223.3415731,74.0744,114.2041,52.13,47.17,68.02,38.51,128.9079267,80.35309657,48.74,24.67,93.02976013,136.9034029,92.01388889,82.44076538
92.01388889,114.2041,210.6409,71.19,44.22,38.51,47.17,223.3415731,128.9079267,40.86,48.74,82.44076538,93.02976013,136.9034029,81.51169114
136.9034029,210.6409,84.3793,38.9,41.98,47.17,44.22,92.01388889,223.3415731,39.24,40.86,81.51169114,82.44076538,93.02976013,129.9923489
93.02976013,84.3793,126.1903,49.95,49.265,44.22,41.98,136.9034029,92.01388889,42.56,39.24,129.9923489,81.51169114,82.44076538,224.1927979
82.44076538,126.1903,113.0988,44.64,52.13,41.98,49.265,93.02976013,136.9034029,38.59,42.56,224.1927979,129.9923489,81.51169114,94.42311675
81.51169114,113.0988,67.0155,42.37,71.19,49.265,52.13,82.44076538,93.02976013,37.93,38.59,94.42311675,224.1927979,129.9923489,137.3184119
129.9923489,67.0155,81.5944,50.495,38.9,52.13,71.19,81.51169114,82.44076538,22.31,37.93,137.3184119,94.42311675,224.1927979,94.60227273
224.1927979,81.5944,108.7724,52.18,49.95,71.19,38.9,129.9923489,81.51169114,48.64,22.31,94.60227273,137.3184119,94.42311675,84.19811321
94.42311675,108.7724,210.0553,73.27,44.64,38.9,49.95,224.1927979,129.9923489,38.13,48.64,84.19811321,94.60227273,137.3184119,82.76874053
137.3184119,210.0553,85.6628,40.56,42.37,49.95,44.64,94.42311675,224.1927979,38.21,38.13,82.76874053,84.19811321,94.60227273,132.3120387
94.60227273,85.6628,128.4437,53.12,50.495,44.64,42.37,137.3184119,94.42311675,41.94,38.21,132.3120387,82.76874053,84.19811321,224.2443277
84.19811321,128.4437,115.3882,44.87,52.18,42.37,50.495,94.60227273,137.3184119,37.15166667,41.94,224.2443277,132.3120387,82.76874053,94.23491379
82.76874053,115.3882,67.2939,44.6,73.27,50.495,52.18,84.19811321,94.60227273,37.5,37.15166667,94.23491379,224.2443277,132.3120387,137.0379602
132.3120387,67.2939,88.2841,51.77833333,40.56,52.18,73.27,82.76874053,84.19811321,20.21,37.5,137.0379602,94.23491379,224.2443277,95.14285714
224.2443277,88.2841,112.5895,52.8,53.12,73.27,40.56,132.3120387,82.76874053,46.92,20.21,95.14285714,137.0379602,94.23491379,88.02816901
94.23491379,112.5895,214.7196,73.03,44.87,40.56,53.12,224.2443277,132.3120387,35.07,46.92,88.02816901,95.14285714,137.0379602,83.42128408
137.0379602,214.7196,87.5245,42.25,44.6,53.12,44.87,94.23491379,224.2443277,36.98,35.07,83.42128408,88.02816901,95.14285714,135.167248
95.14285714,87.5245,132.679,56.84,51.77833333,44.87,44.6,137.0379602,94.23491379,39.94,36.98,135.167248,83.42128408,88.02816901,222.5
88.02816901,132.679,117.7386,46.92,52.8,44.6,51.77833333,95.14285714,137.0379602,35.51666667,39.94,222.5,135.167248,83.42128408,93.84255777
83.42128408,117.7386,67.135,45.7,73.03,51.77833333,52.8,88.02816901,95.14285714,36.76,35.51666667,93.84255777,222.5,135.167248,137.8210563
135.167248,67.135,89.3894,53.36333333,42.25,52.8,73.03,83.42128408,88.02816901,20.18,36.76,137.8210563,93.84255777,222.5,95.80136785
222.5,89.3894,114.9838,52.83,56.84,73.03,42.25,135.167248,83.42128408,44.17,20.18,95.80136785,137.8210563,93.84255777,88.6284156
93.84255777,114.9838,218.974,73.91,46.92,42.25,56.84,222.5,135.167248,31.68,44.17,88.6284156,95.80136785,137.8210563,83.89312977
137.8210563,218.974,90.061,43.98,45.7,56.84,46.92,93.84255777,222.5,34.34,31.68,83.89312977,88.6284156,95.80136785,134.8373812
95.80136785,90.061,133.2358,59.59,53.36333333,46.92,45.7,137.8210563,93.84255777,38.39,34.34,134.8373812,83.89312977,88.6284156,221.6666667
88.6284156,133.2358,120.4251,48.29,52.83,45.7,53.36333333,95.80136785,137.8210563,33.9,38.39,221.6666667,134.8373812,83.89312977,92.88461538
83.89312977,120.4251,73.9547,46.6,73.91,53.36333333,52.83,88.6284156,95.80136785,36.41,33.9,92.88461538,221.6666667,134.8373812,135.6711916
134.8373812,73.9547,85.6177,54.16166667,43.98,52.83,73.91,83.89312977,88.6284156,19.29,36.41,135.6711916,92.88461538,221.6666667,95.14285714
221.6666667,85.6177,120.7071,51.36,59.59,73.91,43.98,134.8373812,83.89312977,43.29,19.29,95.14285714,135.6711916,92.88461538,88.29022367
92.88461538,120.7071,224.6724,73.72,48.29,43.98,59.59,221.6666667,134.8373812,29.29,43.29,88.29022367,95.14285714,135.6711916,83.89355742
135.6711916,224.6724,91.8222,45.41,46.6,59.59,48.29,92.88461538,221.6666667,32.81,29.29,83.89355742,88.29022367,95.14285714,131.6008316
95.14285714,91.8222,134.3875,62.38,54.16166667,48.29,46.6,135.6711916,92.88461538,37.27,32.81,131.6008316,83.89355742,88.29022367,219.5
88.29022367,134.3875,122.5345,51.46,51.36,46.6,54.16166667,95.14285714,135.6711916,33.05,37.27,219.5,131.6008316,83.89355742,92.4512987
83.89355742,122.5345,77.8187,49.08,73.72,54.16166667,51.36,88.29022367,95.14285714,37.94,33.05,92.4512987,219.5,131.6008316,135.1758794
131.6008316,77.8187,84.2444,55.17833333,45.41,51.36,73.72,83.89355742,88.29022367,19.42,37.94,135.1758794,92.4512987,219.5,95.54922919
219.5,84.2444,122.2618,48.8,62.38,73.72,45.41,131.6008316,83.89355742,41.57,19.42,95.54922919,135.1758794,92.4512987,86.11887027
92.4512987,122.2618,230.2016,73.8,51.46,45.41,62.38,219.5,131.6008316,27.07,41.57,86.11887027,95.54922919,135.1758794,83.12161943
135.1758794,230.2016,92.7527,45.55,49.08,62.38,51.46,92.4512987,219.5,30.51,27.07,83.12161943,86.11887027,95.54922919,130.1339286
95.54922919,92.7527,133.8494,64.35,55.17833333,51.46,49.08,135.1758794,92.4512987,35.07,30.51,130.1339286,83.12161943,86.11887027,220.4831933
86.11887027,133.8494,123.7279,52.17,48.8,49.08,55.17833333,95.54922919,135.1758794,32.30166667,35.07,220.4831933,130.1339286,83.12161943,91.31860312
83.12161943,123.7279,79.567,50.7,73.8,55.17833333,48.8,86.11887027,95.54922919,39.87,32.30166667,91.31860312,220.4831933,130.1339286,134.5222067
130.1339286,79.567,85.9075,55.53166667,45.55,48.8,73.8,83.12161943,86.11887027,19.15,39.87,134.5222067,91.31860312,220.4831933,95.58857373
220.4831933,85.9075,120.0891,46.59,64.35,73.8,45.55,130.1339286,83.12161943,42.14,19.15,95.58857373,134.5222067,91.31860312,85.94939714
91.31860312,120.0891,232.2999,73.66,52.17,45.55,64.35,220.4831933,130.1339286,25.79,42.14,85.94939714,95.58857373,134.5222067,82.35747304
134.5222067,232.2999,91.2624,45.72,50.7,64.35,52.17,91.31860312,220.4831933,30.11,25.79,82.35747304,85.94939714,95.58857373,133.155612
95.58857373,91.2624,132.7976,66.86,55.53166667,52.17,50.7,134.5222067,91.31860312,33.34,30.11,133.155612,82.35747304,85.94939714,221.3597402
85.94939714,132.7976,122.9201,52.46,46.59,50.7,55.53166667,95.58857373,134.5222067,31.86666667,33.34,221.3597402,133.155612,82.35747304,91.99234458
82.35747304,122.9201,77.8776,52.84,73.66,55.53166667,46.59,85.94939714,95.58857373,41.82,31.86666667,91.99234458,221.3597402,133.155612,133.7616822
133.155612,77.8776,85.9278,56.60666667,45.72,46.59,73.66,82.35747304,85.94939714,19.09,41.82,133.7616822,91.99234458,221.3597402,95.07042254
221.3597402,85.9278,117.3553,48.6,66.86,73.66,45.72,133.155612,82.35747304,41.05,19.09,95.07042254,133.7616822,91.99234458,84.95
91.99234458,117.3553,224.5358,71.7,52.46,45.72,66.86,221.3597402,133.155612,23.93,41.05,84.95,95.07042254,133.7616822,81.63648577
133.7616822,224.5358,89.0235,47.18,52.84,66.86,52.46,91.99234458,221.3597402,30.0,23.93,81.63648577,84.95,95.07042254,131.6348433
95.07042254,89.0235,131.597,69.18,56.60666667,52.46,52.84,133.7616822,91.99234458,32.01,30.0,131.6348433,81.63648577,84.95,226.5314004
84.95,131.597,119.3908,53.55,48.6,52.84,56.60666667,95.07042254,133.7616822,31.04666667,32.01,226.5314004,131.6348433,81.63648577,90.25794208
81.63648577,119.3908,72.2389,54.68,71.7,56.60666667,48.6,84.95,95.07042254,39.99,31.04666667,90.25794208,226.5314004,131.6348433,132.6425391
131.6348433,72.2389,88.2721,57.33,47.18,48.6,71.7,81.63648577,84.95,20.56,39.99,132.6425391,90.25794208,226.5314004,93.61498328
226.5314004,88.2721,110.6776,46.71,69.18,71.7,47.18,131.6348433,81.63648577,39.79,20.56,93.61498328,132.6425391,90.25794208,83.64312268
90.25794208,110.6776,219.6845,70.94,53.55,47.18,69.18,226.5314004,131.6348433,22.47,39.79,83.64312268,93.61498328,132.6425391,80.49450549
132.6425391,219.6845,86.88,48.92,54.68,69.18,53.55,90.25794208,226.5314004,29.89,22.47,80.49450549,83.64312268,93.61498328,130.3879257
93.61498328,86.88,130.1593,69.85,57.33,53.55,54.68,132.6425391,90.25794208,30.6,29.89,130.3879257,80.49450549,83.64312268,225.0
83.64312268,130.1593,117.0321,54.07,46.71,54.68,57.33,93.61498328,132.6425391,31.02,30.6,225.0,130.3879257,80.49450549,89.21957672
80.49450549,117.0321,70.739,51.51,70.94,57.33,46.71,83.64312268,93.61498328,42.48,31.02,89.21957672,225.0,130.3879257,132.4559255
130.3879257,70.739,83.9554,56.39333333,48.92,46.71,70.94,80.49450549,83.64312268,21.56,42.48,132.4559255,89.21957672,225.0,93.75
225.0,83.9554,110.7743,47.86,69.85,70.94,48.92,130.3879257,80.49450549,39.12,21.56,93.75,132.4559255,89.21957672,82.0
89.21957672,110.7743,218.2625,65.31,54.07,48.92,69.85,225.0,130.3879257,22.29,39.12,82.0,93.75,132.4559255,80.625
132.4559255,218.2625,87.4236,49.76,51.51,69.85,54.07,89.21957672,225.0,30.17,22.29,80.625,82.0,93.75,129.8076923
93.75,87.4236,131.1301,71.19,56.39333333,54.07,51.51,132.4559255,89.21957672,33.54,30.17,129.8076923,80.625,82.0,227.272601
82.0,131.1301,116.0995,54.79,47.86,51.51,56.39333333,93.75,132.4559255,32.29833333,33.54,227.272601,129.8076923,80.625,88.40673575
80.625,116.0995,68.1757,51.43,65.31,56.39333333,47.86,82.0,93.75,42.13,32.29833333,88.40673575,227.272601,129.8076923,133.6155013
129.8076923,68.1757,81.7218,56.69666667,49.76,47.86,65.31,80.625,82.0,26.84,42.13,133.6155013,88.40673575,227.272601,93.14798414
227.272601,81.7218,109.8834,48.65,71.19,65.31,49.76,129.8076923,80.625,38.82,26.84,93.14798414,133.6155013,88.40673575,81.1298015
88.40673575,109.8834,219.7259,60.29,54.79,49.76,71.19,227.272601,129.8076923,21.49,38.82,81.1298015,93.14798414,133.6155013,80.84551344
133.6155013,219.7259,86.8693,53.83,51.43,71.19,54.79,88.40673575,227.272601,29.47,21.49,80.84551344,81.1298015,93.14798414,129.9949108
93.14798414,86.8693,131.8198,71.89,56.69666667,54.79,51.43,133.6155013,88.40673575,34.24,29.47,129.9949108,80.84551344,81.1298015,230.1566847
81.1298015,131.8198,115.1255,56.57,48.65,51.43,56.69666667,93.14798414,133.6155013,32.37333333,34.24,230.1566847,129.9949108,80.84551344,88.98540692
80.84551344,115.1255,69.046,54.32,60.29,56.69666667,48.65,81.1298015,93.14798414,42.06,32.37333333,88.98540692,230.1566847,129.9949108,134.4333136
129.9949108,69.046,71.6857,56.87833333,53.83,48.65,60.29,80.84551344,81.1298015,31.43,42.06,134.4333136,88.98540692,230.1566847,94.43053384
230.1566847,71.6857,111.6064,51.37,71.89,60.29,53.83,129.9949108,80.84551344,35.55,31.43,94.43053384,134.4333136,88.98540692,81.07311321
88.98540692,111.6064,218.242,52.81,56.57,53.83,71.89,230.1566847,129.9949108,21.09,35.55,81.07311321,94.43053384,134.4333136,81.69734151
134.4333136,218.242,86.4093,54.31,54.32,71.89,56.57,88.98540692,230.1566847,28.36,21.09,81.69734151,81.07311321,94.43053384,130.4309339
94.43053384,86.4093,130.6052,72.73,56.87833333,56.57,54.32,134.4333136,88.98540692,32.26,28.36,130.4309339,81.69734151,81.07311321,232.7363897
81.07311321,130.6052,113.667,56.54,51.37,54.32,56.87833333,94.43053384,134.4333136,32.555,32.26,232.7363897,130.4309339,81.69734151,89.8275403
81.69734151,113.667,71.3358,55.91,52.81,56.87833333,51.37,81.07311321,94.43053384,39.81,32.555,89.8275403,232.7363897,130.4309339,135.4489164
130.4309339,71.3358,69.2696,56.7,54.31,51.37,52.81,81.69734151,81.07311321,38.51,39.81,135.4489164,89.8275403,232.7363897,95.87529976
232.7363897,69.2696,106.1442,53.84,72.73,52.81,54.31,130.4309339,81.69734151,35.3,38.51,95.87529976,135.4489164,89.8275403,82.87663633
89.8275403,106.1442,215.7714,46.81,56.54,54.31,72.73,232.7363897,130.4309339,20.39,35.3,82.87663633,95.87529976,135.4489164,83.99859944
135.4489164,215.7714,87.3222,54.37,55.91,72.73,56.54,89.8275403,232.7363897,28.2,20.39,83.99859944,82.87663633,95.87529976,130.9168154
95.87529976,87.3222,129.1402,73.35,56.7,56.54,55.91,135.4489164,89.8275403,30.1,28.2,130.9168154,83.99859944,82.87663633,235.5128063
82.87663633,129.1402,115.1291,60.95,53.84,55.91,56.7,95.87529976,135.4489164,32.695,30.1,235.5128063,130.9168154,83.99859944,92.5893251
83.99859944,115.1291,66.4907,53.94,46.81,56.7,53.84,82.87663633,95.87529976,37.33,32.695,92.5893251,235.5128063,130.9168154,136.3232645
130.9168154,66.4907,78.6,55.5,54.37,53.84,46.81,83.99859944,82.87663633,44.81,37.33,136.3232645,92.5893251,235.5128063,96.8157527
235.5128063,78.6,113.45,49.0,73.35,46.81,54.37,130.9168154,83.99859944,35.34,44.81,96.8157527,136.3232645,92.5893251,83.5125448
92.5893251,113.45,216.2832,43.45,60.95,54.37,73.35,235.5128063,130.9168154,20.26,35.34,83.5125448,96.8157527,136.3232645,85.43147976
136.3232645,216.2832,88.1455,52.31,53.94,73.35,60.95,92.5893251,235.5128063,24.7,20.26,85.43147976,83.5125448,96.8157527,129.9715909
96.8157527,88.1455,128.0586,71.67,55.5,60.95,53.94,136.3232645,92.5893251,33.65,24.7,129.9715909,85.43147976,83.5125448,238.7781457
83.5125448,128.0586,115.7906,60.49,49.0,53.94,55.5,96.8157527,136.3232645,34.59,33.65,238.7781457,129.9715909,85.43147976,93.12196022
85.43147976,115.7906,67.8124,50.22,43.45,55.5,49.0,83.5125448,96.8157527,41.46,34.59,93.12196022,238.7781457,129.9715909,135.372151
129.9715909,67.8124,82.2152,54.19166667,52.31,49.0,43.45,85.43147976,83.5125448,48.86,41.46,135.372151,93.12196022,238.7781457,97.4691358
238.7781457,82.2152,112.2287,49.66,71.67,43.45,52.31,129.9715909,85.43147976,38.61,48.86,97.4691358,135.372151,93.12196022,85.20794476
93.12196022,112.2287,220.5735,43.19,60.49,52.31,71.67,238.7781457,129.9715909,22.42,38.61,85.20794476,97.4691358,135.372151,86.15900383
135.372151,220.5735,90.5768,49.92,50.22,71.67,60.49,93.12196022,238.7781457,25.76,22.42,86.15900383,85.20794476,97.4691358,133.2197087
97.4691358,90.5768,127.4609,69.5,54.19166667,60.49,50.22,135.372151,93.12196022,38.71,25.76,133.2197087,86.15900383,85.20794476,242.5952045
85.20794476,127.4609,116.3171,58.66,49.66,50.22,54.19166667,97.4691358,135.372151,36.64666667,38.71,242.5952045,133.2197087,86.15900383,93.75
86.15900383,116.3171,67.338,47.45,43.19,54.19166667,49.66,85.20794476,97.4691358,41.79,36.64666667,93.75,242.5952045,133.2197087,135.0329914
133.2197087,67.338,82.6506,52.455,49.92,49.66,43.19,86.15900383,85.20794476,49.67,41.79,135.0329914,93.75,242.5952045,97.80907668
242.5952045,82.6506,109.3029,49.59,69.5,43.19,49.92,133.2197087,86.15900383,41.53,49.67,97.80907668,135.0329914,93.75,83.41645885
93.75,109.3029,222.0578,40.88,58.66,49.92,69.5,242.5952045,133.2197087,24.76,41.53,83.41645885,97.80907668,135.0329914,86.30380037
135.0329914,222.0578,91.1637,48.65,47.45,69.5,58.66,93.75,242.5952045,28.11,24.76,86.30380037,83.41645885,97.80907668,132.0939335
97.80907668,91.1637,130.1635,67.72,52.455,58.66,47.45,135.0329914,93.75,42.89,28.11,132.0939335,86.30380037,83.41645885,239.6876923
83.41645885,130.1635,117.6557,55.53,49.59,47.45,52.455,97.80907668,135.0329914,39.155,42.89,239.6876923,132.0939335,86.30380037,92.93154762
86.30380037,117.6557,71.4171,44.75,40.88,52.455,49.59,83.41645885,97.80907668,42.7,39.155,92.93154762,239.6876923,132.0939335,134.1602277
132.0939335,71.4171,80.0138,49.785,48.65,49.59,40.88,86.30380037,83.41645885,52.82,42.7,134.1602277,92.93154762,239.6876923,95.77574342
239.6876923,80.0138,111.1182,49.39,67.72,40.88,48.65,132.0939335,86.30380037,43.65,52.82,95.77574342,134.1602277,92.93154762,83.87589013
92.93154762,111.1182,223.1347,33.88,55.53,48.65,67.72,239.6876923,132.0939335,26.55,43.65,83.87589013,95.77574342,134.1602277,86.04358847
134.1602277,223.1347,93.2434,47.44,44.75,67.72,55.53,92.93154762,239.6876923,31.11,26.55,86.04358847,83.87589013,95.77574342,130.6553873
95.77574342,93.2434,133.6657,66.04,49.785,55.53,44.75,134.1602277,92.93154762,45.67,31.11,130.6553873,86.04358847,83.87589013,238.372093
83.87589013,133.6657,120.0093,51.97,49.39,44.75,49.785,95.77574342,134.1602277,42.09166667,45.67,238.372093,130.6553873,86.04358847,91.59765625
86.04358847,120.0093,75.2398,42.43,33.88,49.785,49.39,83.87589013,95.77574342,43.03,42.09166667,91.59765625,238.372093,130.6553873,133.1697055
130.6553873,75.2398,76.9763,47.51,47.44,49.39,33.88,86.04358847,83.87589013,60.62,43.03,133.1697055,91.59765625,238.372093,94.19642857
238.372093,76.9763,117.7961,49.34,66.04,33.88,47.44,130.6553873,86.04358847,45.57,60.62,94.19642857,133.1697055,91.59765625,83.41645885
91.59765625,117.7961,228.2407,29.06,51.97,47.44,66.04,238.372093,130.6553873,28.15,45.57,83.41645885,94.19642857,133.1697055,85.34657625
133.1697055,228.2407,91.1135,46.22,42.43,66.04,51.97,91.59765625,238.372093,34.4,28.15,85.34657625,83.41645885,94.19642857,130.4646441
94.19642857,91.1135,132.988,64.39,47.51,51.97,42.43,133.1697055,91.59765625,48.56,34.4,130.4646441,85.34657625,83.41645885,238.2474376
83.41645885,132.988,121.6454,48.94,49.34,42.43,47.51,94.19642857,133.1697055,44.60166667,48.56,238.2474376,130.4646441,85.34657625,91.17286461
85.34657625,121.6454,79.9611,40.31,29.06,47.51,49.34,83.41645885,94.19642857,43.59,44.60166667,91.17286461,238.2474376,130.4646441,132.880629
130.4646441,79.9611,79.129,45.91833333,46.22,49.34,29.06,85.34657625,83.41645885,65.85,43.59,132.880629,91.17286461,238.2474376,93.61413043
238.2474376,79.129,118.4401,49.19,64.39,29.06,46.22,130.4646441,85.34657625,47.06,65.85,93.61413043,132.880629,91.17286461,83.33333333
91.17286461,118.4401,228.2719,26.45,48.94,46.22,64.39,238.2474376,130.4646441,29.72,47.06,83.33333333,93.61413043,132.880629,84.59284856
132.880629,228.2719,89.8014,46.23,40.31,64.39,48.94,91.17286461,238.2474376,37.51,29.72,84.59284856,83.33333333,93.61413043,129.6146962
93.61413043,89.8014,133.9797,62.43,45.91833333,48.94,40.31,132.880629,91.17286461,51.45,37.51,129.6146962,84.59284856,83.33333333,238.6008595
83.33333333,133.9797,121.4677,49.28,49.19,40.31,45.91833333,93.61413043,132.880629,46.5,51.45,238.6008595,129.6146962,84.59284856,90.70442992
84.59284856,121.4677,79.5176,38.75,26.45,45.91833333,49.19,83.33333333,93.61413043,44.09,46.5,90.70442992,238.6008595,129.6146962,131.9843746
129.6146962,79.5176,76.9211,44.99166667,46.23,49.19,26.45,84.59284856,83.33333333,68.78,44.09,131.9843746,90.70442992,238.6008595,92.86650849
238.6008595,76.9211,120.3147,48.34,62.43,26.45,46.23,129.6146962,84.59284856,47.45,68.78,92.86650849,131.9843746,90.70442992,82.84438776
90.70442992,120.3147,226.2409,25.56,49.28,46.23,62.43,238.6008595,129.6146962,31.51,47.45,82.84438776,92.86650849,131.9843746,84.13461538
131.9843746,226.2409,89.4037,45.59,38.75,62.43,49.28,90.70442992,238.6008595,38.35,31.51,84.13461538,82.84438776,92.86650849,129.7393365
92.86650849,89.4037,133.0727,60.44,44.99166667,49.28,38.75,131.9843746,90.70442992,53.42,38.35,129.7393365,84.13461538,82.84438776,237.1497701
82.84438776,133.0727,120.4073,49.93,48.34,38.75,44.99166667,92.86650849,131.9843746,47.71666667,53.42,237.1497701,129.7393365,84.13461538,89.70108127
84.13461538,120.4073,80.2615,38.31,25.56,44.99166667,48.34,82.84438776,92.86650849,44.74,47.71666667,89.70108127,237.1497701,129.7393365,132.3637862
129.7393365,80.2615,75.5701,44.73833333,45.59,48.34,25.56,84.13461538,82.84438776,70.19,44.74,132.3637862,89.70108127,237.1497701,92.02008929
237.1497701,75.5701,117.8949,49.3,60.44,25.56,45.59,129.7393365,84.13461538,48.09,70.19,92.02008929,132.3637862,89.70108127,81.62908755
89.70108127,117.8949,223.1611,25.53,49.93,45.59,60.44,237.1497701,129.7393365,33.3,48.09,81.62908755,92.02008929,132.3637862,83.28828829
132.3637862,223.1611,89.8971,44.92,38.31,60.44,49.93,89.70108127,237.1497701,37.19,33.3,83.28828829,81.62908755,92.02008929,128.6766115
92.02008929,89.8971,132.0862,58.7,44.73833333,49.93,38.31,132.3637862,89.70108127,54.24,37.19,128.6766115,83.28828829,81.62908755,238.9705882
81.62908755,132.0862,118.7142,51.06,49.3,38.31,44.73833333,92.02008929,132.3637862,48.02333333,54.24,238.9705882,128.6766115,83.28828829,85.08946202
83.28828829,118.7142,76.8579,38.92,25.53,44.73833333,49.3,81.62908755,92.02008929,43.87,48.02333333,85.08946202,238.9705882,128.6766115,130.1939058
128.6766115,76.8579,73.2853,44.43833333,44.92,49.3,25.53,83.28828829,81.62908755,70.36,43.87,130.1939058,85.08946202,238.9705882,90.36441868
238.9705882,73.2853,116.9976,48.7,58.7,25.53,44.92,128.6766115,83.28828829,49.18,70.36,90.36441868,130.1939058,85.08946202,78.16166884
85.08946202,116.9976,223.7886,25.42,51.06,44.92,58.7,238.9705882,128.6766115,34.87,49.18,78.16166884,90.36441868,130.1939058,81.91484517
130.1939058,223.7886,88.8645,43.83,38.92,58.7,51.06,85.08946202,238.9705882,36.26,34.87,81.91484517,78.16166884,90.36441868,129.0447504
90.36441868,88.8645,127.6672,56.56,44.43833333,51.06,38.92,130.1939058,85.08946202,53.88,36.26,129.0447504,81.91484517,78.16166884,240.4895941
78.16166884,127.6672,117.0634,48.1,48.7,38.92,44.43833333,90.36441868,130.1939058,48.555,53.88,240.4895941,129.0447504,81.91484517,86.02808905
81.91484517,117.0634,76.0181,38.89,25.42,44.43833333,48.7,78.16166884,90.36441868,45.15,48.555,86.02808905,240.4895941,129.0447504,131.6808675
129.0447504,76.0181,73.9345,43.01333333,43.83,48.7,25.42,81.91484517,78.16166884,70.61,45.15,131.6808675,86.02808905,240.4895941,92.75801495
240.4895941,73.9345,112.1075,47.92,56.56,25.42,43.83,129.0447504,81.91484517,50.56,70.61,92.75801495,131.6808675,86.02808905,79.5
86.02808905,112.1075,226.583,24.95,48.1,43.83,56.56,240.4895941,129.0447504,36.91,50.56,79.5,92.75801495,131.6808675,80.94135802
131.6808675,226.583,85.8718,41.66,38.89,56.56,48.1,86.02808905,240.4895941,38.83,36.91,80.94135802,79.5,92.75801495,125.6495508
92.75801495,85.8718,126.3609,56.16,43.01333333,48.1,38.89,131.6808675,86.02808905,53.94,38.83,125.6495508,80.94135802,79.5,240.3266697
79.5,126.3609,115.8762,51.99,47.92,38.89,43.01333333,92.75801495,131.6808675,49.93333333,53.94,240.3266697,125.6495508,80.94135802,88.14102564
80.94135802,115.8762,72.9402,40.26,24.95,43.01333333,47.92,79.5,92.75801495,46.13,49.93333333,88.14102564,240.3266697,125.6495508,132.7288657
125.6495508,72.9402,74.2011,43.9,41.66,47.92,24.95,80.94135802,79.5,71.04,46.13,132.7288657,88.14102564,240.3266697,93.15718157
240.3266697,74.2011,109.3004,46.29,56.16,24.95,41.66,125.6495508,80.94135802,52.75,71.04,93.15718157,132.7288657,88.14102564,80.70512821
88.14102564,109.3004,224.5287,27.28,51.99,41.66,56.16,240.3266697,125.6495508,37.22,52.75,80.70512821,93.15718157,132.7288657,80.91185548
132.7288657,224.5287,84.3072,41.42,40.26,56.16,51.99,88.14102564,240.3266697,35.31,37.22,80.91185548,80.70512821,93.15718157,124.6814629
93.15718157,84.3072,123.0029,56.6,43.9,51.99,40.26,132.7288657,88.14102564,52.43,35.31,124.6814629,80.91185548,80.70512821,240.1063097
80.70512821,123.0029,114.2623,55.38,46.29,40.26,43.9,93.15718157,132.7288657,48.92333333,52.43,240.1063097,124.6814629,80.91185548,90.50724638
80.91185548,114.2623,71.4673,41.44,27.28,43.9,46.29,80.70512821,93.15718157,47.5,48.92333333,90.50724638,240.1063097,124.6814629,134.3043478
124.6814629,71.4673,71.6781,44.93,41.42,46.29,27.28,80.91185548,80.70512821,68.25,47.5,134.3043478,90.50724638,240.1063097,94.40195136
240.1063097,71.6781,110.5893,44.84,56.6,27.28,41.42,124.6814629,80.91185548,52.83,68.25,94.40195136,134.3043478,90.50724638,80.70974734
90.50724638,110.5893,220.8253,29.02,55.38,41.42,56.6,240.1063097,124.6814629,36.69,52.83,80.70974734,94.40195136,134.3043478,81.3220339
134.3043478,220.8253,84.5946,42.3,41.44,56.6,55.38,90.50724638,240.1063097,32.08,36.69,81.3220339,80.70974734,94.40195136,124.3954481
94.40195136,84.5946,125.6595,55.93,44.93,55.38,41.44,134.3043478,90.50724638,50.87,32.08,124.3954481,81.3220339,80.70974734,241.4285714
80.70974734,125.6595,113.3399,50.81,44.84,41.44,44.93,94.40195136,134.3043478,47.79833333,50.87,241.4285714,124.3954481,81.3220339,90.04004004
81.3220339,113.3399,73.3586,40.5,29.02,44.93,44.84,80.70974734,94.40195136,48.71,47.79833333,90.04004004,241.4285714,124.3954481,136.5740741
124.3954481,73.3586,76.6457,43.41,42.3,44.84,29.02,81.3220339,80.70974734,66.51,48.71,136.5740741,90.04004004,241.4285714,95.42461609
241.4285714,76.6457,98.9555,47.08,55.93,29.02,42.3,124.3954481,81.3220339,51.93,66.51,95.42461609,136.5740741,90.04004004,82.01305004
90.04004004,98.9555,220.8756,25.25,50.81,42.3,55.93,241.4285714,124.3954481,35.51,51.93,82.01305004,95.42461609,136.5740741,81.75583551
136.5740741,220.8756,87.5976,40.89,40.5,55.93,50.81,90.04004004,241.4285714,33.22,35.51,81.75583551,82.01305004,95.42461609,124.0971766
95.42461609,87.5976,125.6453,53.64,43.41,50.81,40.5,136.5740741,90.04004004,50.15,33.22,124.0971766,81.75583551,82.01305004,238.9038733
82.01305004,125.6453,114.0839,51.56,47.08,40.5,43.41,95.42461609,136.5740741,47.58833333,50.15,238.9038733,124.0971766,81.75583551,92.97674419
81.75583551,114.0839,72.2698,41.07,25.25,43.41,47.08,82.01305004,95.42461609,45.02,47.58833333,92.97674419,238.9038733,124.0971766,136.4425612
124.0971766,72.2698,73.2988,42.58666667,40.89,47.08,25.25,81.75583551,82.01305004,69.58,45.02,136.4425612,92.97674419,238.9038733,95.57349225
238.9038733,73.2988,104.8164,45.09,53.64,25.25,40.89,124.0971766,81.75583551,52.05,69.58,95.57349225,136.4425612,92.97674419,84.5145667
92.97674419,104.8164,222.2,23.66,51.56,40.89,53.64,238.9038733,124.0971766,36.42,52.05,84.5145667,95.57349225,136.4425612,82.7027027
136.4425612,222.2,90.5025,40.5,41.07,53.64,51.56,92.97674419,238.9038733,31.57,36.42,82.7027027,84.5145667,95.57349225,134.8852901
95.57349225,90.5025,128.0264,51.2,42.58666667,51.56,41.07,136.4425612,92.97674419,49.12,31.57,134.8852901,82.7027027,84.5145667,240.7696629
84.5145667,128.0264,116.2847,52.34,45.09,41.07,42.58666667,95.57349225,136.4425612,47.57,49.12,240.7696629,134.8852901,82.7027027,93.53627514
82.7027027,116.2847,72.0364,40.03,23.66,42.58666667,45.09,84.5145667,95.57349225,46.31,47.57,93.53627514,240.7696629,134.8852901,137.0081914
134.8852901,72.0364,76.2334,42.48166667,40.5,45.09,23.66,82.7027027,84.5145667,70.53,46.31,137.0081914,93.53627514,240.7696629,95.69171754
240.7696629,76.2334,108.7093,44.64,51.2,23.66,40.5,134.8852901,82.7027027,51.47,70.53,95.69171754,137.0081914,93.53627514,84.07079646
93.53627514,108.7093,227.3359,24.28,52.34,40.5,51.2,240.7696629,134.8852901,38.16,51.47,84.07079646,95.69171754,137.0081914,82.7444049
137.0081914,227.3359,94.9024,42.4,40.03,51.2,52.34,93.53627514,240.7696629,30.57,38.16,82.7444049,84.07079646,95.69171754,131.4983816
95.69171754,94.9024,130.8164,49.97,42.48166667,52.34,40.03,137.0081914,93.53627514,49.45,30.57,131.4983816,82.7444049,84.07079646,243.1827432
84.07079646,130.8164,119.9308,53.78,44.64,40.03,42.48166667,95.69171754,137.0081914,47.18333333,49.45,243.1827432,131.4983816,82.7444049,92.08914607
82.7444049,119.9308,77.6792,40.17,24.28,42.48166667,44.64,84.07079646,95.69171754,46.16,47.18333333,92.08914607,243.1827432,131.4983816,136.7699642
131.4983816,77.6792,77.2942,43.77833333,42.4,44.64,24.28,82.7444049,84.07079646,69.48,46.16,136.7699642,92.08914607,243.1827432,94.61522764
243.1827432,77.2942,111.5567,46.89,49.97,24.28,42.4,131.4983816,82.7444049,49.28,69.48,94.61522764,136.7699642,92.08914607,83.66515837
92.08914607,111.5567,231.456,30.91,53.78,42.4,49.97,243.1827432,131.4983816,39.23,49.28,83.66515837,94.61522764,136.7699642,82.46527778
136.7699642,231.456,96.9291,40.95,40.17,49.97,53.78,92.08914607,243.1827432,29.2,39.23,82.46527778,83.66515837,94.61522764,129.6880859
94.61522764,96.9291,134.5431,50.62,43.77833333,53.78,40.17,136.7699642,92.08914607,48.71,29.2,129.6880859,82.46527778,83.66515837,241.7498081
83.66515837,134.5431,124.0285,54.77,46.89,40.17,43.77833333,94.61522764,136.7699642,45.60666667,48.71,241.7498081,129.6880859,82.46527778,90.73085251
82.46527778,124.0285,81.8247,42.51,30.91,43.77833333,46.89,83.66515837,94.61522764,43.89,45.60666667,90.73085251,241.7498081,129.6880859,134.9206349
129.6880859,81.8247,83.0935,47.65333333,40.95,46.89,30.91,82.46527778,83.66515837,61.54,43.89,134.9206349,90.73085251,241.7498081,93.26666667
241.7498081,83.0935,116.3243,48.42,50.62,30.91,40.95,129.6880859,82.46527778,51.07,61.54,93.26666667,134.9206349,90.73085251,83.86075949
90.73085251,116.3243,232.6836,47.1,54.77,40.95,50.62,241.7498081,129.6880859,38.61,51.07,83.86075949,93.26666667,134.9206349,81.73305172
134.9206349,232.6836,96.8681,42.5,42.51,50.62,54.77,90.73085251,241.7498081,28.11,38.61,81.73305172,83.86075949,93.26666667,130.6896552
93.26666667,96.8681,136.6291,51.08,47.65333333,54.77,42.51,134.9206349,90.73085251,46.3,28.11,130.6896552,81.73305172,83.86075949,240.8056042
83.86075949,136.6291,124.5676,56.42,48.42,42.51,47.65333333,93.26666667,134.9206349,41.665,46.3,240.8056042,130.6896552,81.73305172,88.4353624
81.73305172,124.5676,82.3203,45.61,47.1,47.65333333,48.42,83.86075949,93.26666667,42.44,41.665,88.4353624,240.8056042,130.6896552,134.2940306
130.6896552,82.3203,83.8912,50.75166667,42.5,48.42,47.1,81.73305172,83.86075949,45.65,42.44,134.2940306,88.4353624,240.8056042,91.52568021
240.8056042,83.8912,115.0133,52.5,51.08,47.1,42.5,130.6896552,81.73305172,48.88,45.65,91.52568021,134.2940306,88.4353624,81.40523252
88.4353624,115.0133,232.2527,55.94,56.42,42.5,51.08,240.8056042,130.6896552,38.21,48.88,81.40523252,91.52568021,134.2940306,82.1971825
134.2940306,232.2527,94.3474,42.96,45.61,51.08,56.42,88.4353624,240.8056042,26.67,38.21,82.1971825,81.40523252,91.52568021,129.7393365
91.52568021,94.3474,136.2795,50.21,50.75166667,56.42,45.61,134.2940306,88.4353624,43.14,26.67,129.7393365,82.1971825,81.40523252,241.299862
81.40523252,136.2795,123.7191,52.74,52.5,45.61,50.75166667,91.52568021,134.2940306,38.67333333,43.14,241.299862,129.7393365,82.1971825,86.46907628
82.1971825,123.7191,82.3387,48.91,55.94,50.75166667,52.5,81.40523252,91.52568021,38.61,38.67333333,86.46907628,241.299862,129.7393365,132.8465848
129.7393365,82.3387,85.4533,49.11166667,42.96,52.5,55.94,82.1971825,81.40523252,36.88,38.61,132.8465848,86.46907628,241.299862,90.6675849
241.299862,85.4533,111.643,53.79,50.21,55.94,42.96,129.7393365,82.1971825,48.53,36.88,90.6675849,132.8465848,86.46907628,78.74959286
86.46907628,111.643,230.0084,41.97,52.74,42.96,50.21,241.299862,129.7393365,39.88,48.53,78.74959286,90.6675849,132.8465848,80.46674501
132.8465848,230.0084,92.3215,47.05,48.91,50.21,52.74,86.46907628,241.299862,31.52,39.88,80.46674501,78.74959286,90.6675849,128.4694562
90.6675849,92.3215,134.2358,50.63,49.11166667,52.74,48.91,132.8465848,86.46907628,40.08,31.52,128.4694562,80.46674501,78.74959286,240.8163265
78.74959286,134.2358,122.4233,52.81,53.79,48.91,49.11166667,90.6675849,132.8465848,40.48833333,40.08,240.8163265,128.4694562,80.46674501,86.34549084
80.46674501,122.4233,81.481,48.78,41.97,49.11166667,53.79,78.74959286,90.6675849,38.09,40.48833333,86.34549084,240.8163265,128.4694562,132.485537
128.4694562,81.481,83.1069,48.29833333,47.05,53.79,41.97,80.46674501,78.74959286,50.08,38.09,132.485537,86.34549084,240.8163265,90.00129535
240.8163265,83.1069,113.3863,52.77,50.63,41.97,47.05,128.4694562,80.46674501,43.28,50.08,90.00129535,132.485537,86.34549084,78.36153578
86.34549084,113.3863,227.4775,40.3,52.81,47.05,50.63,240.8163265,128.4694562,40.13,43.28,78.36153578,90.00129535,132.485537,79.73602484
132.485537,227.4775,91.3431,44.5,48.78,50.63,52.81,86.34549084,240.8163265,32.96,40.13,79.73602484,78.36153578,90.00129535,128.3747639
90.00129535,91.3431,131.7716,61.82,48.29833333,52.81,48.78,132.485537,86.34549084,40.51,32.96,128.3747639,79.73602484,78.36153578,239.3134353
78.36153578,131.7716,122.583,61.59,52.77,48.78,48.29833333,90.00129535,132.485537,41.885,40.51,239.3134353,128.3747639,79.73602484,85.19153802
79.73602484,122.583,81.4805,49.08,40.3,48.29833333,52.77,78.36153578,90.00129535,40.28,41.885,85.19153802,239.3134353,128.3747639,132.1693122
128.3747639,81.4805,87.3462,52.53333333,44.5,52.77,40.3,79.73602484,78.36153578,51.54,40.28,132.1693122,85.19153802,239.3134353,88.68396411
239.3134353,87.3462,116.079,45.34,61.82,40.3,44.5,128.3747639,79.73602484,45.89,51.54,88.68396411,132.1693122,85.19153802,78.02083333
85.19153802,116.079,227.7207,48.96,61.59,44.5,61.82,239.3134353,128.3747639,28.33,45.89,78.02083333,88.68396411,132.1693122,79.22721268
132.1693122,227.7207,89.5679,48.41,49.08,61.82,61.59,85.19153802,239.3134353,23.53,28.33,79.22721268,78.02083333,88.68396411,126.5542941
88.68396411,89.5679,131.5343,60.98,52.53333333,61.59,49.08,132.1693122,85.19153802,39.22,23.53,126.5542941,79.22721268,78.02083333,246.3685592
78.02083333,131.5343,121.3691,68.54,45.34,49.08,52.53333333,88.68396411,132.1693122,36.51,39.22,246.3685592,126.5542941,79.22721268,84.28270042
79.22721268,121.3691,79.0768,50.28,48.96,52.53333333,45.34,78.02083333,88.68396411,45.76,36.51,84.28270042,246.3685592,126.5542941,132.5231993
126.5542941,79.0768,80.6338,53.71666667,48.41,45.34,48.96,79.22721268,78.02083333,41.51,45.76,132.5231993,84.28270042,246.3685592,88.21299313
246.3685592,80.6338,119.6813,45.5,60.98,48.96,48.41,126.5542941,79.22721268,40.71,41.51,88.21299313,132.5231993,84.28270042,77.69024123
84.28270042,119.6813,226.6934,49.16,68.54,48.41,60.98,246.3685592,126.5542941,29.28,40.71,77.69024123,88.21299313,132.5231993,77.72222222
132.5231993,226.6934,86.7871,47.84,50.28,60.98,68.54,84.28270042,246.3685592,19.1,29.28,77.72222222,77.69024123,88.21299313,124.2880163
88.21299313,86.7871,129.6668,60.11,53.71666667,68.54,50.28,132.5231993,84.28270042,38.2,19.1,124.2880163,77.72222222,77.69024123,246.1600647
77.69024123,129.6668,118.1599,67.73,45.5,50.28,53.71666667,88.21299313,132.5231993,36.03166667,38.2,246.1600647,124.2880163,77.72222222,84.07451923
77.72222222,118.1599,78.7717,52.28,49.16,53.71666667,45.5,77.69024123,88.21299313,45.9,36.03166667,84.07451923,246.1600647,124.2880163,131.2829832
124.2880163,78.7717,74.4411,52.77,47.84,45.5,49.16,77.72222222,77.69024123,41.49,45.9,131.2829832,84.07451923,246.1600647,87.60964912
246.1600647,74.4411,112.5993,49.62,60.11,49.16,47.84,124.2880163,77.72222222,42.22,41.49,87.60964912,131.2829832,84.07451923,78.5
84.07451923,112.5993,226.4347,38.74,67.73,47.84,60.11,246.1600647,124.2880163,30.33,42.22,78.5,87.60964912,131.2829832,76.96078431
131.2829832,226.4347,86.4501,48.14,52.28,60.11,67.73,84.07451923,246.1600647,20.2,30.33,76.96078431,78.5,87.60964912,120.5146292
87.60964912,86.4501,128.32,61.17,52.77,67.73,52.28,131.2829832,84.07451923,36.56,20.2,120.5146292,76.96078431,78.5,242.1107769
78.5,128.32,114.9065,71.55,49.62,52.28,52.77,87.60964912,131.2829832,37.215,36.56,242.1107769,120.5146292,76.96078431,89.24107143
76.96078431,114.9065,70.5744,52.62,38.74,52.77,49.62,78.5,87.60964912,41.84,37.215,89.24107143,242.1107769,120.5146292,133.1730769
120.5146292,70.5744,70.1493,51.74333333,48.14,49.62,38.74,76.96078431,78.5,51.92,41.84,133.1730769,89.24107143,242.1107769,89.02077151
242.1107769,70.1493,107.5107,51.2,61.17,38.74,48.14,120.5146292,76.96078431,42.44,51.92,89.02077151,133.1730769,89.24107143,81.05196451
89.24107143,107.5107,225.5503,33.16,71.55,48.14,61.17,242.1107769,120.5146292,29.63,42.44,81.05196451,89.02077151,133.1730769,77.71747802
133.1730769,225.5503,86.5205,40.76,52.62,61.17,71.55,89.24107143,242.1107769,18.06,29.63,77.71747802,81.05196451,89.02077151,122.2449909
89.02077151,86.5205,127.3116,63.91,51.74333333,71.55,52.62,133.1730769,89.24107143,36.26,18.06,122.2449909,77.71747802,81.05196451,249.0
81.05196451,127.3116,114.2217,70.88,51.2,52.62,51.74333333,89.02077151,133.1730769,38.88,36.26,249.0,122.2449909,77.71747802,92.9341753
77.71747802,114.2217,69.8582,55.09,33.16,51.74333333,51.2,81.05196451,89.02077151,41.21,38.88,92.9341753,249.0,122.2449909,134.9206349
122.2449909,69.8582,71.0304,53.12333333,40.76,51.2,33.16,77.71747802,81.05196451,58.23,41.21,134.9206349,92.9341753,249.0,90.33136632
249.0,71.0304,105.059,58.63,63.91,33.16,40.76,122.2449909,77.71747802,49.89,58.23,90.33136632,134.9206349,92.9341753,81.50417395
92.9341753,105.059,225.1223,32.44,70.88,40.76,63.91,249.0,122.2449909,27.11,49.89,81.50417395,90.33136632,134.9206349,77.64556845
134.9206349,225.1223,86.9362,37.79,55.09,63.91,70.88,92.9341753,249.0,18.1,27.11,77.64556845,81.50417395,90.33136632,125.0
90.33136632,86.9362,128.3982,67.64,53.12333333,70.88,55.09,134.9206349,92.9341753,34.04,18.1,125.0,77.64556845,81.50417395,247.3300186
81.50417395,128.3982,111.8719,71.12,58.63,55.09,53.12333333,90.33136632,134.9206349,37.72333333,34.04,247.3300186,125.0,77.64556845,95.17857143
77.64556845,111.8719,69.4494,63.25,32.44,53.12333333,58.63,81.50417395,90.33136632,34.56,37.72333333,95.17857143,247.3300186,125.0,136.3900174
125.0,69.4494,72.7867,59.76833333,37.79,58.63,32.44,77.64556845,81.50417395,59.18,34.56,136.3900174,95.17857143,247.3300186,92.62847515
247.3300186,72.7867,88.5384,63.13,67.64,32.44,37.79,125.0,77.64556845,53.35,59.18,92.62847515,136.3900174,95.17857143,83.22222222
95.17857143,88.5384,229.6549,30.92,71.12,37.79,67.64,247.3300186,125.0,21.48,53.35,83.22222222,92.62847515,136.3900174,77.77653422
136.3900174,229.6549,90.4096,62.55,63.25,67.64,71.12,95.17857143,247.3300186,16.09,21.48,77.77653422,83.22222222,92.62847515,127.9388631
92.62847515,90.4096,129.1996,67.02,59.76833333,71.12,63.25,136.3900174,95.17857143,24.54,16.09,127.9388631,77.77653422,83.22222222,247.4463639
83.22222222,129.1996,119.9316,69.75,63.13,63.25,59.76833333,92.62847515,136.3900174,29.83166667,24.54,247.4463639,127.9388631,77.77653422,95.28508772
77.77653422,119.9316,76.8308,62.89,30.92,59.76833333,63.13,83.22222222,92.62847515,28.65,29.83166667,95.28508772,247.4463639,127.9388631,136.1514548
127.9388631,76.8308,73.5631,59.15333333,62.55,63.13,30.92,77.77653422,83.22222222,59.52,28.65,136.1514548,95.28508772,247.4463639,93.64583333
247.4463639,73.5631,0.0,66.42,67.02,30.92,62.55,127.9388631,77.77653422,28.71,59.52,93.64583333,136.1514548,95.28508772,83.23596014
95.28508772,0.0,251.4209,29.95,69.75,62.55,67.02,247.4463639,127.9388631,21.85,28.71,83.23596014,93.64583333,136.1514548,77.65959871
136.1514548,251.4209,94.5337,58.89,62.89,67.02,69.75,95.28508772,247.4463639,16.42,21.85,77.65959871,83.23596014,93.64583333,126.137316
93.64583333,94.5337,131.4565,67.18,59.15333333,69.75,62.89,136.1514548,95.28508772,24.62,16.42,126.137316,77.65959871,83.23596014,246.1636829
83.23596014,131.4565,125.1123,68.76,66.42,62.89,59.15333333,93.64583333,136.1514548,30.29,24.62,246.1636829,126.137316,77.65959871,93.38358459
77.65959871,125.1123,83.1183,60.39,29.95,59.15333333,66.42,83.23596014,93.64583333,25.82,30.29,93.38358459,246.1636829,126.137316,136.0194161
126.137316,83.1183,73.3802,55.88833333,58.89,66.42,29.95,77.65959871,83.23596014,61.71,25.82,136.0194161,93.38358459,246.1636829,93.18181818
246.1636829,73.3802,116.7641,68.05,67.18,29.95,58.89,126.137316,77.65959871,31.32,61.71,93.18181818,136.0194161,93.38358459,83.24637681
