PTRt-12,PTRt-11,PTRt-10,PTRt-9,PTRt-8,PTRt-7,PTRt-6,PTRt-5,PTRt-4,PTRt-3,PTRt-2,PTRt-1
,,,,,,,,,,,
,,,,,,,,,,,14.69
,,,,,,,,,,14.69,17.22
,,,,,,,,,14.69,17.22,11.75
,,,,,,,,14.69,17.22,11.75,12.12
,,,,,,,14.69,17.22,11.75,12.12,11.76
,,,,,,14.69,17.22,11.75,12.12,11.76,17.68
,,,,,14.69,17.22,11.75,12.12,11.76,17.68,12.22
,,,,14.69,17.22,11.75,12.12,11.76,17.68,12.22,14.65
,,,14.69,17.22,11.75,12.12,11.76,17.68,12.22,14.65,16.99
,,14.69,17.22,11.75,12.12,11.76,17.68,12.22,14.65,16.99,11.86
,14.69,17.22,11.75,12.12,11.76,17.68,12.22,14.65,16.99,11.86,12.15
14.69,17.22,11.75,12.12,11.76,17.68,12.22,14.65,16.99,11.86,12.15,11.72
17.22,11.75,12.12,11.76,17.68,12.22,14.65,16.99,11.86,12.15,11.72,17.62
11.75,12.12,11.76,17.68,12.22,14.65,16.99,11.86,12.15,11.72,17.62,12.3
12.12,11.76,17.68,12.22,14.65,16.99,11.86,12.15,11.72,17.62,12.3,14.81
11.76,17.68,12.22,14.65,16.99,11.86,12.15,11.72,17.62,12.3,14.81,17.06
17.68,12.22,14.65,16.99,11.86,12.15,11.72,17.62,12.3,14.81,17.06,11.84
12.22,14.65,16.99,11.86,12.15,11.72,17.62,12.3,14.81,17.06,11.84,12.19
14.65,16.99,11.86,12.15,11.72,17.62,12.3,14.81,17.06,11.84,12.19,11.66
16.99,11.86,12.15,11.72,17.62,12.3,14.81,17.06,11.84,12.19,11.66,17.81
11.86,12.15,11.72,17.62,12.3,14.81,17.06,11.84,12.19,11.66,17.81,12.41
12.15,11.72,17.62,12.3,14.81,17.06,11.84,12.19,11.66,17.81,12.41,14.89
11.72,17.62,12.3,14.81,17.06,11.84,12.19,11.66,17.81,12.41,14.89,17.05
17.62,12.3,14.81,17.06,11.84,12.19,11.66,17.81,12.41,14.89,17.05,11.8
12.3,14.81,17.06,11.84,12.19,11.66,17.81,12.41,14.89,17.05,11.8,12.09
14.81,17.06,11.84,12.19,11.66,17.81,12.41,14.89,17.05,11.8,12.09,11.55
17.06,11.84,12.19,11.66,17.81,12.41,14.89,17.05,11.8,12.09,11.55,17.77
11.84,12.19,11.66,17.81,12.41,14.89,17.05,11.8,12.09,11.55,17.77,12.7
12.19,11.66,17.81,12.41,14.89,17.05,11.8,12.09,11.55,17.77,12.7,14.75
11.66,17.81,12.41,14.89,17.05,11.8,12.09,11.55,17.77,12.7,14.75,17.22
17.81,12.41,14.89,17.05,11.8,12.09,11.55,17.77,12.7,14.75,17.22,11.63
12.41,14.89,17.05,11.8,12.09,11.55,17.77,12.7,14.75,17.22,11.63,11.84
14.89,17.05,11.8,12.09,11.55,17.77,12.7,14.75,17.22,11.63,11.84,11.37
17.05,11.8,12.09,11.55,17.77,12.7,14.75,17.22,11.63,11.84,11.37,17.8
11.8,12.09,11.55,17.77,12.7,14.75,17.22,11.63,11.84,11.37,17.8,12.8
12.09,11.55,17.77,12.7,14.75,17.22,11.63,11.84,11.37,17.8,12.8,14.63
11.55,17.77,12.7,14.75,17.22,11.63,11.84,11.37,17.8,12.8,14.63,17.32
17.77,12.7,14.75,17.22,11.63,11.84,11.37,17.8,12.8,14.63,17.32,11.59
12.7,14.75,17.22,11.63,11.84,11.37,17.8,12.8,14.63,17.32,11.59,11.83
14.75,17.22,11.63,11.84,11.37,17.8,12.8,14.63,17.32,11.59,11.83,11.57
17.22,11.63,11.84,11.37,17.8,12.8,14.63,17.32,11.59,11.83,11.57,17.51
11.63,11.84,11.37,17.8,12.8,14.63,17.32,11.59,11.83,11.57,17.51,12.81
11.84,11.37,17.8,12.8,14.63,17.32,11.59,11.83,11.57,17.51,12.81,14.51
11.37,17.8,12.8,14.63,17.32,11.59,11.83,11.57,17.51,12.81,14.51,17.52
17.8,12.8,14.63,17.32,11.59,11.83,11.57,17.51,12.81,14.51,17.52,11.34
12.8,14.63,17.32,11.59,11.83,11.57,17.51,12.81,14.51,17.52,11.34,11.68
14.63,17.32,11.59,11.83,11.57,17.51,12.81,14.51,17.52,11.34,11.68,11.33
17.32,11.59,11.83,11.57,17.51,12.81,14.51,17.52,11.34,11.68,11.33,17.23
11.59,11.83,11.57,17.51,12.81,14.51,17.52,11.34,11.68,11.33,17.23,12.68
11.83,11.57,17.51,12.81,14.51,17.52,11.34,11.68,11.33,17.23,12.68,14.39
11.57,17.51,12.81,14.51,17.52,11.34,11.68,11.33,17.23,12.68,14.39,17.36
17.51,12.81,14.51,17.52,11.34,11.68,11.33,17.23,12.68,14.39,17.36,11.05
12.81,14.51,17.52,11.34,11.68,11.33,17.23,12.68,14.39,17.36,11.05,11.24
14.51,17.52,11.34,11.68,11.33,17.23,12.68,14.39,17.36,11.05,11.24,10.99
17.52,11.34,11.68,11.33,17.23,12.68,14.39,17.36,11.05,11.24,10.99,16.59
11.34,11.68,11.33,17.23,12.68,14.39,17.36,11.05,11.24,10.99,16.59,12.42
11.68,11.33,17.23,12.68,14.39,17.36,11.05,11.24,10.99,16.59,12.42,14.25
11.33,17.23,12.68,14.39,17.36,11.05,11.24,10.99,16.59,12.42,14.25,16.97
17.23,12.68,14.39,17.36,11.05,11.24,10.99,16.59,12.42,14.25,16.97,10.84
12.68,14.39,17.36,11.05,11.24,10.99,16.59,12.42,14.25,16.97,10.84,11.06
14.39,17.36,11.05,11.24,10.99,16.59,12.42,14.25,16.97,10.84,11.06,10.88
17.36,11.05,11.24,10.99,16.59,12.42,14.25,16.97,10.84,11.06,10.88,16.92
11.05,11.24,10.99,16.59,12.42,14.25,16.97,10.84,11.06,10.88,16.92,12.22
11.24,10.99,16.59,12.42,14.25,16.97,10.84,11.06,10.88,16.92,12.22,14.08
10.99,16.59,12.42,14.25,16.97,10.84,11.06,10.88,16.92,12.22,14.08,16.61
16.59,12.42,14.25,16.97,10.84,11.06,10.88,16.92,12.22,14.08,16.61,10.57
12.42,14.25,16.97,10.84,11.06,10.88,16.92,12.22,14.08,16.61,10.57,10.72
14.25,16.97,10.84,11.06,10.88,16.92,12.22,14.08,16.61,10.57,10.72,10.58
16.97,10.84,11.06,10.88,16.92,12.22,14.08,16.61,10.57,10.72,10.58,17.25
10.84,11.06,10.88,16.92,12.22,14.08,16.61,10.57,10.72,10.58,17.25,12.04
11.06,10.88,16.92,12.22,14.08,16.61,10.57,10.72,10.58,17.25,12.04,14.02
10.88,16.92,12.22,14.08,16.61,10.57,10.72,10.58,17.25,12.04,14.02,16.74
16.92,12.22,14.08,16.61,10.57,10.72,10.58,17.25,12.04,14.02,16.74,10.74
12.22,14.08,16.61,10.57,10.72,10.58,17.25,12.04,14.02,16.74,10.74,10.85
14.08,16.61,10.57,10.72,10.58,17.25,12.04,14.02,16.74,10.74,10.85,10.61
16.61,10.57,10.72,10.58,17.25,12.04,14.02,16.74,10.74,10.85,10.61,17.09
10.57,10.72,10.58,17.25,12.04,14.02,16.74,10.74,10.85,10.61,17.09,11.93
10.72,10.58,17.25,12.04,14.02,16.74,10.74,10.85,10.61,17.09,11.93,13.97
10.58,17.25,12.04,14.02,16.74,10.74,10.85,10.61,17.09,11.93,13.97,17.06
17.25,12.04,14.02,16.74,10.74,10.85,10.61,17.09,11.93,13.97,17.06,10.92
12.04,14.02,16.74,10.74,10.85,10.61,17.09,11.93,13.97,17.06,10.92,10.88
14.02,16.74,10.74,10.85,10.61,17.09,11.93,13.97,17.06,10.92,10.88,10.67
16.74,10.74,10.85,10.61,17.09,11.93,13.97,17.06,10.92,10.88,10.67,17.08
10.74,10.85,10.61,17.09,11.93,13.97,17.06,10.92,10.88,10.67,17.08,11.84
10.85,10.61,17.09,11.93,13.97,17.06,10.92,10.88,10.67,17.08,11.84,14.05
10.61,17.09,11.93,13.97,17.06,10.92,10.88,10.67,17.08,11.84,14.05,17.37
17.09,11.93,13.97,17.06,10.92,10.88,10.67,17.08,11.84,14.05,17.37,11.08
11.93,13.97,17.06,10.92,10.88,10.67,17.08,11.84,14.05,17.37,11.08,10.96
13.97,17.06,10.92,10.88,10.67,17.08,11.84,14.05,17.37,11.08,10.96,10.95
17.06,10.92,10.88,10.67,17.08,11.84,14.05,17.37,11.08,10.96,10.95,17.22
10.92,10.88,10.67,17.08,11.84,14.05,17.37,11.08,10.96,10.95,17.22,11.88
10.88,10.67,17.08,11.84,14.05,17.37,11.08,10.96,10.95,17.22,11.88,14.09
10.67,17.08,11.84,14.05,17.37,11.08,10.96,10.95,17.22,11.88,14.09,17.54
17.08,11.84,14.05,17.37,11.08,10.96,10.95,17.22,11.88,14.09,17.54,10.94
11.84,14.05,17.37,11.08,10.96,10.95,17.22,11.88,14.09,17.54,10.94,10.85
14.05,17.37,11.08,10.96,10.95,17.22,11.88,14.09,17.54,10.94,10.85,11.37
17.37,11.08,10.96,10.95,17.22,11.88,14.09,17.54,10.94,10.85,11.37,17.06
11.08,10.96,10.95,17.22,11.88,14.09,17.54,10.94,10.85,11.37,17.06,11.88
10.96,10.95,17.22,11.88,14.09,17.54,10.94,10.85,11.37,17.06,11.88,14.06
10.95,17.22,11.88,14.09,17.54,10.94,10.85,11.37,17.06,11.88,14.06,17.83
17.22,11.88,14.09,17.54,10.94,10.85,11.37,17.06,11.88,14.06,17.83,11.29
11.88,14.09,17.54,10.94,10.85,11.37,17.06,11.88,14.06,17.83,11.29,11.1
14.09,17.54,10.94,10.85,11.37,17.06,11.88,14.06,17.83,11.29,11.1,11.3
17.54,10.94,10.85,11.37,17.06,11.88,14.06,17.83,11.29,11.1,11.3,14.57
10.94,10.85,11.37,17.06,11.88,14.06,17.83,11.29,11.1,11.3,14.57,11.92
10.85,11.37,17.06,11.88,14.06,17.83,11.29,11.1,11.3,14.57,11.92,14.04
11.37,17.06,11.88,14.06,17.83,11.29,11.1,11.3,14.57,11.92,14.04,17.81
17.06,11.88,14.06,17.83,11.29,11.1,11.3,14.57,11.92,14.04,17.81,11.25
11.88,14.06,17.83,11.29,11.1,11.3,14.57,11.92,14.04,17.81,11.25,10.51
14.06,17.83,11.29,11.1,11.3,14.57,11.92,14.04,17.81,11.25,10.51,11.14
17.83,11.29,11.1,11.3,14.57,11.92,14.04,17.81,11.25,10.51,11.14,13.61
11.29,11.1,11.3,14.57,11.92,14.04,17.81,11.25,10.51,11.14,13.61,11.88
11.1,11.3,14.57,11.92,14.04,17.81,11.25,10.51,11.14,13.61,11.88,14.02
11.3,14.57,11.92,14.04,17.81,11.25,10.51,11.14,13.61,11.88,14.02,17.75
14.57,11.92,14.04,17.81,11.25,10.51,11.14,13.61,11.88,14.02,17.75,11.37
11.92,14.04,17.81,11.25,10.51,11.14,13.61,11.88,14.02,17.75,11.37,10.43
14.04,17.81,11.25,10.51,11.14,13.61,11.88,14.02,17.75,11.37,10.43,11.16
17.81,11.25,10.51,11.14,13.61,11.88,14.02,17.75,11.37,10.43,11.16,13.31
11.25,10.51,11.14,13.61,11.88,14.02,17.75,11.37,10.43,11.16,13.31,11.91
10.51,11.14,13.61,11.88,14.02,17.75,11.37,10.43,11.16,13.31,11.91,13.94
11.14,13.61,11.88,14.02,17.75,11.37,10.43,11.16,13.31,11.91,13.94,17.61
13.61,11.88,14.02,17.75,11.37,10.43,11.16,13.31,11.91,13.94,17.61,11.35
11.88,14.02,17.75,11.37,10.43,11.16,13.31,11.91,13.94,17.61,11.35,10.05
14.02,17.75,11.37,10.43,11.16,13.31,11.91,13.94,17.61,11.35,10.05,10.98
17.75,11.37,10.43,11.16,13.31,11.91,13.94,17.61,11.35,10.05,10.98,13.14
11.37,10.43,11.16,13.31,11.91,13.94,17.61,11.35,10.05,10.98,13.14,11.95
10.43,11.16,13.31,11.91,13.94,17.61,11.35,10.05,10.98,13.14,11.95,13.88
11.16,13.31,11.91,13.94,17.61,11.35,10.05,10.98,13.14,11.95,13.88,17.31
13.31,11.91,13.94,17.61,11.35,10.05,10.98,13.14,11.95,13.88,17.31,11.19
11.91,13.94,17.61,11.35,10.05,10.98,13.14,11.95,13.88,17.31,11.19,11.65
13.94,17.61,11.35,10.05,10.98,13.14,11.95,13.88,17.31,11.19,11.65,10.91
17.61,11.35,10.05,10.98,13.14,11.95,13.88,17.31,11.19,11.65,10.91,13.0
11.35,10.05,10.98,13.14,11.95,13.88,17.31,11.19,11.65,10.91,13.0,11.91
10.05,10.98,13.14,11.95,13.88,17.31,11.19,11.65,10.91,13.0,11.91,13.74
10.98,13.14,11.95,13.88,17.31,11.19,11.65,10.91,13.0,11.91,13.74,16.86
13.14,11.95,13.88,17.31,11.19,11.65,10.91,13.0,11.91,13.74,16.86,10.68
11.95,13.88,17.31,11.19,11.65,10.91,13.0,11.91,13.74,16.86,10.68,11.85
13.88,17.31,11.19,11.65,10.91,13.0,11.91,13.74,16.86,10.68,11.85,10.88
17.31,11.19,11.65,10.91,13.0,11.91,13.74,16.86,10.68,11.85,10.88,12.88
11.19,11.65,10.91,13.0,11.91,13.74,16.86,10.68,11.85,10.88,12.88,11.86
11.65,10.91,13.0,11.91,13.74,16.86,10.68,11.85,10.88,12.88,11.86,13.75
10.91,13.0,11.91,13.74,16.86,10.68,11.85,10.88,12.88,11.86,13.75,16.35
13.0,11.91,13.74,16.86,10.68,11.85,10.88,12.88,11.86,13.75,16.35,10.28
11.91,13.74,16.86,10.68,11.85,10.88,12.88,11.86,13.75,16.35,10.28,11.49
13.74,16.86,10.68,11.85,10.88,12.88,11.86,13.75,16.35,10.28,11.49,10.9
16.86,10.68,11.85,10.88,12.88,11.86,13.75,16.35,10.28,11.49,10.9,14.98
10.68,11.85,10.88,12.88,11.86,13.75,16.35,10.28,11.49,10.9,14.98,11.81
11.85,10.88,12.88,11.86,13.75,16.35,10.28,11.49,10.9,14.98,11.81,13.66
10.88,12.88,11.86,13.75,16.35,10.28,11.49,10.9,14.98,11.81,13.66,14.77
12.88,11.86,13.75,16.35,10.28,11.49,10.9,14.98,11.81,13.66,14.77,10.03
11.86,13.75,16.35,10.28,11.49,10.9,14.98,11.81,13.66,14.77,10.03,12.8
13.75,16.35,10.28,11.49,10.9,14.98,11.81,13.66,14.77,10.03,12.8,10.9
16.35,10.28,11.49,10.9,14.98,11.81,13.66,14.77,10.03,12.8,10.9,14.14
10.28,11.49,10.9,14.98,11.81,13.66,14.77,10.03,12.8,10.9,14.14,11.71
11.49,10.9,14.98,11.81,13.66,14.77,10.03,12.8,10.9,14.14,11.71,13.66
10.9,14.98,11.81,13.66,14.77,10.03,12.8,10.9,14.14,11.71,13.66,15.26
14.98,11.81,13.66,14.77,10.03,12.8,10.9,14.14,11.71,13.66,15.26,10.16
11.81,13.66,14.77,10.03,12.8,10.9,14.14,11.71,13.66,15.26,10.16,11.64
13.66,14.77,10.03,12.8,10.9,14.14,11.71,13.66,15.26,10.16,11.64,10.84
14.77,10.03,12.8,10.9,14.14,11.71,13.66,15.26,10.16,11.64,10.84,13.59
10.03,12.8,10.9,14.14,11.71,13.66,15.26,10.16,11.64,10.84,13.59,11.75
12.8,10.9,14.14,11.71,13.66,15.26,10.16,11.64,10.84,13.59,11.75,13.68
10.9,14.14,11.71,13.66,15.26,10.16,11.64,10.84,13.59,11.75,13.68,15.96
14.14,11.71,13.66,15.26,10.16,11.64,10.84,13.59,11.75,13.68,15.96,10.37
11.71,13.66,15.26,10.16,11.64,10.84,13.59,11.75,13.68,15.96,10.37,11.65
13.66,15.26,10.16,11.64,10.84,13.59,11.75,13.68,15.96,10.37,11.65,10.77
15.26,10.16,11.64,10.84,13.59,11.75,13.68,15.96,10.37,11.65,10.77,13.3
10.16,11.64,10.84,13.59,11.75,13.68,15.96,10.37,11.65,10.77,13.3,11.91
11.64,10.84,13.59,11.75,13.68,15.96,10.37,11.65,10.77,13.3,11.91,13.72
10.84,13.59,11.75,13.68,15.96,10.37,11.65,10.77,13.3,11.91,13.72,16.8
13.59,11.75,13.68,15.96,10.37,11.65,10.77,13.3,11.91,13.72,16.8,10.47
11.75,13.68,15.96,10.37,11.65,10.77,13.3,11.91,13.72,16.8,10.47,12.3
13.68,15.96,10.37,11.65,10.77,13.3,11.91,13.72,16.8,10.47,12.3,10.89
15.96,10.37,11.65,10.77,13.3,11.91,13.72,16.8,10.47,12.3,10.89,13.18
10.37,11.65,10.77,13.3,11.91,13.72,16.8,10.47,12.3,10.89,13.18,12.03
11.65,10.77,13.3,11.91,13.72,16.8,10.47,12.3,10.89,13.18,12.03,13.87
10.77,13.3,11.91,13.72,16.8,10.47,12.3,10.89,13.18,12.03,13.87,17.5
13.3,11.91,13.72,16.8,10.47,12.3,10.89,13.18,12.03,13.87,17.5,10.57
11.91,13.72,16.8,10.47,12.3,10.89,13.18,12.03,13.87,17.5,10.57,12.68
13.72,16.8,10.47,12.3,10.89,13.18,12.03,13.87,17.5,10.57,12.68,11.06
16.8,10.47,12.3,10.89,13.18,12.03,13.87,17.5,10.57,12.68,11.06,13.1
10.47,12.3,10.89,13.18,12.03,13.87,17.5,10.57,12.68,11.06,13.1,12.08
12.3,10.89,13.18,12.03,13.87,17.5,10.57,12.68,11.06,13.1,12.08,13.91
10.89,13.18,12.03,13.87,17.5,10.57,12.68,11.06,13.1,12.08,13.91,17.51
13.18,12.03,13.87,17.5,10.57,12.68,11.06,13.1,12.08,13.91,17.51,10.63
12.03,13.87,17.5,10.57,12.68,11.06,13.1,12.08,13.91,17.51,10.63,13.56
13.87,17.5,10.57,12.68,11.06,13.1,12.08,13.91,17.51,10.63,13.56,11.24
17.5,10.57,12.68,11.06,13.1,12.08,13.91,17.51,10.63,13.56,11.24,13.06
10.57,12.68,11.06,13.1,12.08,13.91,17.51,10.63,13.56,11.24,13.06,12.15
12.68,11.06,13.1,12.08,13.91,17.51,10.63,13.56,11.24,13.06,12.15,13.93
11.06,13.1,12.08,13.91,17.51,10.63,13.56,11.24,13.06,12.15,13.93,17.69
13.1,12.08,13.91,17.51,10.63,13.56,11.24,13.06,12.15,13.93,17.69,10.51
12.08,13.91,17.51,10.63,13.56,11.24,13.06,12.15,13.93,17.69,10.51,14.64
13.91,17.51,10.63,13.56,11.24,13.06,12.15,13.93,17.69,10.51,14.64,11.41
17.51,10.63,13.56,11.24,13.06,12.15,13.93,17.69,10.51,14.64,11.41,13.06
10.63,13.56,11.24,13.06,12.15,13.93,17.69,10.51,14.64,11.41,13.06,12.13
13.56,11.24,13.06,12.15,13.93,17.69,10.51,14.64,11.41,13.06,12.13,13.9
11.24,13.06,12.15,13.93,17.69,10.51,14.64,11.41,13.06,12.13,13.9,17.36
13.06,12.15,13.93,17.69,10.51,14.64,11.41,13.06,12.13,13.9,17.36,10.5
12.15,13.93,17.69,10.51,14.64,11.41,13.06,12.13,13.9,17.36,10.5,15.45
13.93,17.69,10.51,14.64,11.41,13.06,12.13,13.9,17.36,10.5,15.45,11.45
17.69,10.51,14.64,11.41,13.06,12.13,13.9,17.36,10.5,15.45,11.45,15.01
10.51,14.64,11.41,13.06,12.13,13.9,17.36,10.5,15.45,11.45,15.01,12.01
14.64,11.41,13.06,12.13,13.9,17.36,10.5,15.45,11.45,15.01,12.01,13.92
11.41,13.06,12.13,13.9,17.36,10.5,15.45,11.45,15.01,12.01,13.92,17.16
13.06,12.13,13.9,17.36,10.5,15.45,11.45,15.01,12.01,13.92,17.16,10.61
12.13,13.9,17.36,10.5,15.45,11.45,15.01,12.01,13.92,17.16,10.61,15.24
13.9,17.36,10.5,15.45,11.45,15.01,12.01,13.92,17.16,10.61,15.24,11.52
17.36,10.5,15.45,11.45,15.01,12.01,13.92,17.16,10.61,15.24,11.52,14.25
10.5,15.45,11.45,15.01,12.01,13.92,17.16,10.61,15.24,11.52,14.25,11.96
15.45,11.45,15.01,12.01,13.92,17.16,10.61,15.24,11.52,14.25,11.96,14.01
11.45,15.01,12.01,13.92,17.16,10.61,15.24,11.52,14.25,11.96,14.01,16.59
15.01,12.01,13.92,17.16,10.61,15.24,11.52,14.25,11.96,14.01,16.59,10.72
12.01,13.92,17.16,10.61,15.24,11.52,14.25,11.96,14.01,16.59,10.72,15.85
13.92,17.16,10.61,15.24,11.52,14.25,11.96,14.01,16.59,10.72,15.85,11.59
17.16,10.61,15.24,11.52,14.25,11.96,14.01,16.59,10.72,15.85,11.59,15.54
10.61,15.24,11.52,14.25,11.96,14.01,16.59,10.72,15.85,11.59,15.54,11.87
15.24,11.52,14.25,11.96,14.01,16.59,10.72,15.85,11.59,15.54,11.87,14.05
11.52,14.25,11.96,14.01,16.59,10.72,15.85,11.59,15.54,11.87,14.05,16.08
14.25,11.96,14.01,16.59,10.72,15.85,11.59,15.54,11.87,14.05,16.08,10.35
11.96,14.01,16.59,10.72,15.85,11.59,15.54,11.87,14.05,16.08,10.35,13.87
14.01,16.59,10.72,15.85,11.59,15.54,11.87,14.05,16.08,10.35,13.87,11.48
16.59,10.72,15.85,11.59,15.54,11.87,14.05,16.08,10.35,13.87,11.48,14.41
10.72,15.85,11.59,15.54,11.87,14.05,16.08,10.35,13.87,11.48,14.41,12.03
15.85,11.59,15.54,11.87,14.05,16.08,10.35,13.87,11.48,14.41,12.03,14.07
11.59,15.54,11.87,14.05,16.08,10.35,13.87,11.48,14.41,12.03,14.07,15.45
15.54,11.87,14.05,16.08,10.35,13.87,11.48,14.41,12.03,14.07,15.45,10.24
11.87,14.05,16.08,10.35,13.87,11.48,14.41,12.03,14.07,15.45,10.24,12.99
14.05,16.08,10.35,13.87,11.48,14.41,12.03,14.07,15.45,10.24,12.99,11.57
16.08,10.35,13.87,11.48,14.41,12.03,14.07,15.45,10.24,12.99,11.57,13.58
10.35,13.87,11.48,14.41,12.03,14.07,15.45,10.24,12.99,11.57,13.58,12.12
13.87,11.48,14.41,12.03,14.07,15.45,10.24,12.99,11.57,13.58,12.12,14.15
11.48,14.41,12.03,14.07,15.45,10.24,12.99,11.57,13.58,12.12,14.15,15.51
14.41,12.03,14.07,15.45,10.24,12.99,11.57,13.58,12.12,14.15,15.51,10.13
12.03,14.07,15.45,10.24,12.99,11.57,13.58,12.12,14.15,15.51,10.13,12.04
14.07,15.45,10.24,12.99,11.57,13.58,12.12,14.15,15.51,10.13,12.04,11.73
15.45,10.24,12.99,11.57,13.58,12.12,14.15,15.51,10.13,12.04,11.73,14.82
10.24,12.99,11.57,13.58,12.12,14.15,15.51,10.13,12.04,11.73,14.82,12.19
12.99,11.57,13.58,12.12,14.15,15.51,10.13,12.04,11.73,14.82,12.19,14.18
11.57,13.58,12.12,14.15,15.51,10.13,12.04,11.73,14.82,12.19,14.18,15.69
13.58,12.12,14.15,15.51,10.13,12.04,11.73,14.82,12.19,14.18,15.69,9.96
12.12,14.15,15.51,10.13,12.04,11.73,14.82,12.19,14.18,15.69,9.96,11.63
14.15,15.51,10.13,12.04,11.73,14.82,12.19,14.18,15.69,9.96,11.63,11.75
15.51,10.13,12.04,11.73,14.82,12.19,14.18,15.69,9.96,11.63,11.75,14.25
10.13,12.04,11.73,14.82,12.19,14.18,15.69,9.96,11.63,11.75,14.25,12.22
12.04,11.73,14.82,12.19,14.18,15.69,9.96,11.63,11.75,14.25,12.22,14.35
11.73,14.82,12.19,14.18,15.69,9.96,11.63,11.75,14.25,12.22,14.35,16.32
14.82,12.19,14.18,15.69,9.96,11.63,11.75,14.25,12.22,14.35,16.32,10.12
12.19,14.18,15.69,9.96,11.63,11.75,14.25,12.22,14.35,16.32,10.12,11.58
14.18,15.69,9.96,11.63,11.75,14.25,12.22,14.35,16.32,10.12,11.58,11.92
15.69,9.96,11.63,11.75,14.25,12.22,14.35,16.32,10.12,11.58,11.92,14.89
9.96,11.63,11.75,14.25,12.22,14.35,16.32,10.12,11.58,11.92,14.89,12.08
11.63,11.75,14.25,12.22,14.35,16.32,10.12,11.58,11.92,14.89,12.08,14.45
11.75,14.25,12.22,14.35,16.32,10.12,11.58,11.92,14.89,12.08,14.45,17.27
14.25,12.22,14.35,16.32,10.12,11.58,11.92,14.89,12.08,14.45,17.27,10.25
12.22,14.35,16.32,10.12,11.58,11.92,14.89,12.08,14.45,17.27,10.25,11.45
14.35,16.32,10.12,11.58,11.92,14.89,12.08,14.45,17.27,10.25,11.45,12.04
16.32,10.12,11.58,11.92,14.89,12.08,14.45,17.27,10.25,11.45,12.04,15.19
10.12,11.58,11.92,14.89,12.08,14.45,17.27,10.25,11.45,12.04,15.19,12.07
11.58,11.92,14.89,12.08,14.45,17.27,10.25,11.45,12.04,15.19,12.07,14.56
11.92,14.89,12.08,14.45,17.27,10.25,11.45,12.04,15.19,12.07,14.56,17.94
14.89,12.08,14.45,17.27,10.25,11.45,12.04,15.19,12.07,14.56,17.94,10.29
12.08,14.45,17.27,10.25,11.45,12.04,15.19,12.07,14.56,17.94,10.29,11.7
14.45,17.27,10.25,11.45,12.04,15.19,12.07,14.56,17.94,10.29,11.7,12.22
17.27,10.25,11.45,12.04,15.19,12.07,14.56,17.94,10.29,11.7,12.22,14.7
10.25,11.45,12.04,15.19,12.07,14.56,17.94,10.29,11.7,12.22,14.7,12.23
11.45,12.04,15.19,12.07,14.56,17.94,10.29,11.7,12.22,14.7,12.23,14.77
12.04,15.19,12.07,14.56,17.94,10.29,11.7,12.22,14.7,12.23,14.77,18.35
15.19,12.07,14.56,17.94,10.29,11.7,12.22,14.7,12.23,14.77,18.35,10.55
12.07,14.56,17.94,10.29,11.7,12.22,14.7,12.23,14.77,18.35,10.55,11.87
14.56,17.94,10.29,11.7,12.22,14.7,12.23,14.77,18.35,10.55,11.87,12.31
17.94,10.29,11.7,12.22,14.7,12.23,14.77,18.35,10.55,11.87,12.31,15.82
10.29,11.7,12.22,14.7,12.23,14.77,18.35,10.55,11.87,12.31,15.82,12.4
11.7,12.22,14.7,12.23,14.77,18.35,10.55,11.87,12.31,15.82,12.4,14.84
12.22,14.7,12.23,14.77,18.35,10.55,11.87,12.31,15.82,12.4,14.84,18.55
14.7,12.23,14.77,18.35,10.55,11.87,12.31,15.82,12.4,14.84,18.55,10.58
12.23,14.77,18.35,10.55,11.87,12.31,15.82,12.4,14.84,18.55,10.58,12.42
14.77,18.35,10.55,11.87,12.31,15.82,12.4,14.84,18.55,10.58,12.42,12.54
18.35,10.55,11.87,12.31,15.82,12.4,14.84,18.55,10.58,12.42,12.54,15.3
10.55,11.87,12.31,15.82,12.4,14.84,18.55,10.58,12.42,12.54,15.3,12.55
11.87,12.31,15.82,12.4,14.84,18.55,10.58,12.42,12.54,15.3,12.55,14.92
12.31,15.82,12.4,14.84,18.55,10.58,12.42,12.54,15.3,12.55,14.92,18.09
15.82,12.4,14.84,18.55,10.58,12.42,12.54,15.3,12.55,14.92,18.09,10.78
12.4,14.84,18.55,10.58,12.42,12.54,15.3,12.55,14.92,18.09,10.78,12.32
14.84,18.55,10.58,12.42,12.54,15.3,12.55,14.92,18.09,10.78,12.32,12.56
18.55,10.58,12.42,12.54,15.3,12.55,14.92,18.09,10.78,12.32,12.56,15.76
10.58,12.42,12.54,15.3,12.55,14.92,18.09,10.78,12.32,12.56,15.76,12.78
12.42,12.54,15.3,12.55,14.92,18.09,10.78,12.32,12.56,15.76,12.78,15.01
12.54,15.3,12.55,14.92,18.09,10.78,12.32,12.56,15.76,12.78,15.01,17.81
15.3,12.55,14.92,18.09,10.78,12.32,12.56,15.76,12.78,15.01,17.81,10.72
12.55,14.92,18.09,10.78,12.32,12.56,15.76,12.78,15.01,17.81,10.72,12.46
14.92,18.09,10.78,12.32,12.56,15.76,12.78,15.01,17.81,10.72,12.46,12.64
18.09,10.78,12.32,12.56,15.76,12.78,15.01,17.81,10.72,12.46,12.64,16.37
10.78,12.32,12.56,15.76,12.78,15.01,17.81,10.72,12.46,12.64,16.37,12.94
12.32,12.56,15.76,12.78,15.01,17.81,10.72,12.46,12.64,16.37,12.94,14.99
12.56,15.76,12.78,15.01,17.81,10.72,12.46,12.64,16.37,12.94,14.99,17.49
15.76,12.78,15.01,17.81,10.72,12.46,12.64,16.37,12.94,14.99,17.49,10.68
12.78,15.01,17.81,10.72,12.46,12.64,16.37,12.94,14.99,17.49,10.68,12.88
15.01,17.81,10.72,12.46,12.64,16.37,12.94,14.99,17.49,10.68,12.88,12.88
17.81,10.72,12.46,12.64,16.37,12.94,14.99,17.49,10.68,12.88,12.88,18.94
10.72,12.46,12.64,16.37,12.94,14.99,17.49,10.68,12.88,12.88,18.94,13.0
12.46,12.64,16.37,12.94,14.99,17.49,10.68,12.88,12.88,18.94,13.0,14.95
12.64,16.37,12.94,14.99,17.49,10.68,12.88,12.88,18.94,13.0,14.95,17.15
16.37,12.94,14.99,17.49,10.68,12.88,12.88,18.94,13.0,14.95,17.15,10.87
12.94,14.99,17.49,10.68,12.88,12.88,18.94,13.0,14.95,17.15,10.87,13.13
14.99,17.49,10.68,12.88,12.88,18.94,13.0,14.95,17.15,10.87,13.13,12.92
17.49,10.68,12.88,12.88,18.94,13.0,14.95,17.15,10.87,13.13,12.92,18.65
10.68,12.88,12.88,18.94,13.0,14.95,17.15,10.87,13.13,12.92,18.65,12.98
12.88,12.88,18.94,13.0,14.95,17.15,10.87,13.13,12.92,18.65,12.98,14.95
12.88,18.94,13.0,14.95,17.15,10.87,13.13,12.92,18.65,12.98,14.95,17.03
18.94,13.0,14.95,17.15,10.87,13.13,12.92,18.65,12.98,14.95,17.03,10.95
13.0,14.95,17.15,10.87,13.13,12.92,18.65,12.98,14.95,17.03,10.95,12.41
14.95,17.15,10.87,13.13,12.92,18.65,12.98,14.95,17.03,10.95,12.41,12.88
17.15,10.87,13.13,12.92,18.65,12.98,14.95,17.03,10.95,12.41,12.88,18.17
10.87,13.13,12.92,18.65,12.98,14.95,17.03,10.95,12.41,12.88,18.17,13.03
13.13,12.92,18.65,12.98,14.95,17.03,10.95,12.41,12.88,18.17,13.03,14.62
12.92,18.65,12.98,14.95,17.03,10.95,12.41,12.88,18.17,13.03,14.62,16.41
18.65,12.98,14.95,17.03,10.95,12.41,12.88,18.17,13.03,14.62,16.41,10.46
12.98,14.95,17.03,10.95,12.41,12.88,18.17,13.03,14.62,16.41,10.46,10.98
14.95,17.03,10.95,12.41,12.88,18.17,13.03,14.62,16.41,10.46,10.98,12.38
17.03,10.95,12.41,12.88,18.17,13.03,14.62,16.41,10.46,10.98,12.38,16.64
10.95,12.41,12.88,18.17,13.03,14.62,16.41,10.46,10.98,12.38,16.64,12.85
12.41,12.88,18.17,13.03,14.62,16.41,10.46,10.98,12.38,16.64,12.85,14.43
12.88,18.17,13.03,14.62,16.41,10.46,10.98,12.38,16.64,12.85,14.43,16.21
18.17,13.03,14.62,16.41,10.46,10.98,12.38,16.64,12.85,14.43,16.21,10.37
13.03,14.62,16.41,10.46,10.98,12.38,16.64,12.85,14.43,16.21,10.37,10.08
14.62,16.41,10.46,10.98,12.38,16.64,12.85,14.43,16.21,10.37,10.08,12.03
16.41,10.46,10.98,12.38,16.64,12.85,14.43,16.21,10.37,10.08,12.03,15.74
10.46,10.98,12.38,16.64,12.85,14.43,16.21,10.37,10.08,12.03,15.74,12.78
10.98,12.38,16.64,12.85,14.43,16.21,10.37,10.08,12.03,15.74,12.78,14.36
12.38,16.64,12.85,14.43,16.21,10.37,10.08,12.03,15.74,12.78,14.36,16.44
16.64,12.85,14.43,16.21,10.37,10.08,12.03,15.74,12.78,14.36,16.44,10.14
12.85,14.43,16.21,10.37,10.08,12.03,15.74,12.78,14.36,16.44,10.14,10.4
14.43,16.21,10.37,10.08,12.03,15.74,12.78,14.36,16.44,10.14,10.4,11.86
16.21,10.37,10.08,12.03,15.74,12.78,14.36,16.44,10.14,10.4,11.86,14.94
10.37,10.08,12.03,15.74,12.78,14.36,16.44,10.14,10.4,11.86,14.94,12.58
10.08,12.03,15.74,12.78,14.36,16.44,10.14,10.4,11.86,14.94,12.58,14.43
12.03,15.74,12.78,14.36,16.44,10.14,10.4,11.86,14.94,12.58,14.43,16.67
15.74,12.78,14.36,16.44,10.14,10.4,11.86,14.94,12.58,14.43,16.67,10.17
12.78,14.36,16.44,10.14,10.4,11.86,14.94,12.58,14.43,16.67,10.17,11.31
14.36,16.44,10.14,10.4,11.86,14.94,12.58,14.43,16.67,10.17,11.31,11.75
16.44,10.14,10.4,11.86,14.94,12.58,14.43,16.67,10.17,11.31,11.75,14.6
10.14,10.4,11.86,14.94,12.58,14.43,16.67,10.17,11.31,11.75,14.6,12.41
10.4,11.86,14.94,12.58,14.43,16.67,10.17,11.31,11.75,14.6,12.41,14.46
11.86,14.94,12.58,14.43,16.67,10.17,11.31,11.75,14.6,12.41,14.46,16.0
14.94,12.58,14.43,16.67,10.17,11.31,11.75,14.6,12.41,14.46,16.0,10.21
12.58,14.43,16.67,10.17,11.31,11.75,14.6,12.41,14.46,16.0,10.21,12.55
14.43,16.67,10.17,11.31,11.75,14.6,12.41,14.46,16.0,10.21,12.55,11.57
16.67,10.17,11.31,11.75,14.6,12.41,14.46,16.0,10.21,12.55,11.57,14.45
10.17,11.31,11.75,14.6,12.41,14.46,16.0,10.21,12.55,11.57,14.45,12.33
11.31,11.75,14.6,12.41,14.46,16.0,10.21,12.55,11.57,14.45,12.33,14.42
11.75,14.6,12.41,14.46,16.0,10.21,12.55,11.57,14.45,12.33,14.42,14.42
14.6,12.41,14.46,16.0,10.21,12.55,11.57,14.45,12.33,14.42,14.42,10.25
12.41,14.46,16.0,10.21,12.55,11.57,14.45,12.33,14.42,14.42,10.25,13.16
14.46,16.0,10.21,12.55,11.57,14.45,12.33,14.42,14.42,10.25,13.16,11.33
16.0,10.21,12.55,11.57,14.45,12.33,14.42,14.42,10.25,13.16,11.33,16.05
10.21,12.55,11.57,14.45,12.33,14.42,14.42,10.25,13.16,11.33,16.05,12.3
12.55,11.57,14.45,12.33,14.42,14.42,10.25,13.16,11.33,16.05,12.3,14.32
11.57,14.45,12.33,14.42,14.42,10.25,13.16,11.33,16.05,12.3,14.32,13.8
14.45,12.33,14.42,14.42,10.25,13.16,11.33,16.05,12.3,14.32,13.8,10.13
12.33,14.42,14.42,10.25,13.16,11.33,16.05,12.3,14.32,13.8,10.13,12.67
14.42,14.42,10.25,13.16,11.33,16.05,12.3,14.32,13.8,10.13,12.67,11.14
14.42,10.25,13.16,11.33,16.05,12.3,14.32,13.8,10.13,12.67,11.14,15.92
10.25,13.16,11.33,16.05,12.3,14.32,13.8,10.13,12.67,11.14,15.92,12.27
13.16,11.33,16.05,12.3,14.32,13.8,10.13,12.67,11.14,15.92,12.27,14.38
11.33,16.05,12.3,14.32,13.8,10.13,12.67,11.14,15.92,12.27,14.38,13.74
16.05,12.3,14.32,13.8,10.13,12.67,11.14,15.92,12.27,14.38,13.74,10.08
12.3,14.32,13.8,10.13,12.67,11.14,15.92,12.27,14.38,13.74,10.08,12.17
14.32,13.8,10.13,12.67,11.14,15.92,12.27,14.38,13.74,10.08,12.17,11.0
13.8,10.13,12.67,11.14,15.92,12.27,14.38,13.74,10.08,12.17,11.0,16.26
10.13,12.67,11.14,15.92,12.27,14.38,13.74,10.08,12.17,11.0,16.26,12.33
12.67,11.14,15.92,12.27,14.38,13.74,10.08,12.17,11.0,16.26,12.33,14.48
11.14,15.92,12.27,14.38,13.74,10.08,12.17,11.0,16.26,12.33,14.48,13.97
15.92,12.27,14.38,13.74,10.08,12.17,11.0,16.26,12.33,14.48,13.97,10.23
12.27,14.38,13.74,10.08,12.17,11.0,16.26,12.33,14.48,13.97,10.23,12.01
14.38,13.74,10.08,12.17,11.0,16.26,12.33,14.48,13.97,10.23,12.01,10.92
13.74,10.08,12.17,11.0,16.26,12.33,14.48,13.97,10.23,12.01,10.92,16.37
10.08,12.17,11.0,16.26,12.33,14.48,13.97,10.23,12.01,10.92,16.37,12.4
12.17,11.0,16.26,12.33,14.48,13.97,10.23,12.01,10.92,16.37,12.4,14.39
11.0,16.26,12.33,14.48,13.97,10.23,12.01,10.92,16.37,12.4,14.39,14.11
16.26,12.33,14.48,13.97,10.23,12.01,10.92,16.37,12.4,14.39,14.11,9.76
12.33,14.48,13.97,10.23,12.01,10.92,16.37,12.4,14.39,14.11,9.76,11.75
14.48,13.97,10.23,12.01,10.92,16.37,12.4,14.39,14.11,9.76,11.75,10.78
13.97,10.23,12.01,10.92,16.37,12.4,14.39,14.11,9.76,11.75,10.78,16.31
10.23,12.01,10.92,16.37,12.4,14.39,14.11,9.76,11.75,10.78,16.31,12.46
12.01,10.92,16.37,12.4,14.39,14.11,9.76,11.75,10.78,16.31,12.46,14.28
10.92,16.37,12.4,14.39,14.11,9.76,11.75,10.78,16.31,12.46,14.28,14.26
16.37,12.4,14.39,14.11,9.76,11.75,10.78,16.31,12.46,14.28,14.26,9.44
12.4,14.39,14.11,9.76,11.75,10.78,16.31,12.46,14.28,14.26,9.44,11.6
14.39,14.11,9.76,11.75,10.78,16.31,12.46,14.28,14.26,9.44,11.6,10.64
14.11,9.76,11.75,10.78,16.31,12.46,14.28,14.26,9.44,11.6,10.64,16.75
9.76,11.75,10.78,16.31,12.46,14.28,14.26,9.44,11.6,10.64,16.75,12.36
11.75,10.78,16.31,12.46,14.28,14.26,9.44,11.6,10.64,16.75,12.36,14.07
10.78,16.31,12.46,14.28,14.26,9.44,11.6,10.64,16.75,12.36,14.07,14.42
16.31,12.46,14.28,14.26,9.44,11.6,10.64,16.75,12.36,14.07,14.42,9.54
12.46,14.28,14.26,9.44,11.6,10.64,16.75,12.36,14.07,14.42,9.54,11.43
14.28,14.26,9.44,11.6,10.64,16.75,12.36,14.07,14.42,9.54,11.43,10.54
14.26,9.44,11.6,10.64,16.75,12.36,14.07,14.42,9.54,11.43,10.54,16.5
9.44,11.6,10.64,16.75,12.36,14.07,14.42,9.54,11.43,10.54,16.5,12.35
11.6,10.64,16.75,12.36,14.07,14.42,9.54,11.43,10.54,16.5,12.35,13.86
10.64,16.75,12.36,14.07,14.42,9.54,11.43,10.54,16.5,12.35,13.86,14.45
16.75,12.36,14.07,14.42,9.54,11.43,10.54,16.5,12.35,13.86,14.45,9.56
12.36,14.07,14.42,9.54,11.43,10.54,16.5,12.35,13.86,14.45,9.56,11.33
14.07,14.42,9.54,11.43,10.54,16.5,12.35,13.86,14.45,9.56,11.33,10.51
14.42,9.54,11.43,10.54,16.5,12.35,13.86,14.45,9.56,11.33,10.51,17.89
9.54,11.43,10.54,16.5,12.35,13.86,14.45,9.56,11.33,10.51,17.89,12.25
11.43,10.54,16.5,12.35,13.86,14.45,9.56,11.33,10.51,17.89,12.25,13.86
10.54,16.5,12.35,13.86,14.45,9.56,11.33,10.51,17.89,12.25,13.86,14.96
16.5,12.35,13.86,14.45,9.56,11.33,10.51,17.89,12.25,13.86,14.96,9.77
12.35,13.86,14.45,9.56,11.33,10.51,17.89,12.25,13.86,14.96,9.77,10.94
13.86,14.45,9.56,11.33,10.51,17.89,12.25,13.86,14.96,9.77,10.94,10.44
14.45,9.56,11.33,10.51,17.89,12.25,13.86,14.96,9.77,10.94,10.44,17.34
9.56,11.33,10.51,17.89,12.25,13.86,14.96,9.77,10.94,10.44,17.34,12.17
11.33,10.51,17.89,12.25,13.86,14.96,9.77,10.94,10.44,17.34,12.17,13.96
10.51,17.89,12.25,13.86,14.96,9.77,10.94,10.44,17.34,12.17,13.96,15.87
17.89,12.25,13.86,14.96,9.77,10.94,10.44,17.34,12.17,13.96,15.87,9.87
12.25,13.86,14.96,9.77,10.94,10.44,17.34,12.17,13.96,15.87,9.87,10.86
13.86,14.96,9.77,10.94,10.44,17.34,12.17,13.96,15.87,9.87,10.86,10.46
14.96,9.77,10.94,10.44,17.34,12.17,13.96,15.87,9.87,10.86,10.46,17.53
9.77,10.94,10.44,17.34,12.17,13.96,15.87,9.87,10.86,10.46,17.53,12.16
10.94,10.44,17.34,12.17,13.96,15.87,9.87,10.86,10.46,17.53,12.16,14.1
10.44,17.34,12.17,13.96,15.87,9.87,10.86,10.46,17.53,12.16,14.1,16.6
17.34,12.17,13.96,15.87,9.87,10.86,10.46,17.53,12.16,14.1,16.6,10.0
12.17,13.96,15.87,9.87,10.86,10.46,17.53,12.16,14.1,16.6,10.0,11.1
13.96,15.87,9.87,10.86,10.46,17.53,12.16,14.1,16.6,10.0,11.1,10.51
15.87,9.87,10.86,10.46,17.53,12.16,14.1,16.6,10.0,11.1,10.51,17.84
9.87,10.86,10.46,17.53,12.16,14.1,16.6,10.0,11.1,10.51,17.84,12.15
10.86,10.46,17.53,12.16,14.1,16.6,10.0,11.1,10.51,17.84,12.15,14.24
10.46,17.53,12.16,14.1,16.6,10.0,11.1,10.51,17.84,12.15,14.24,17.03
17.53,12.16,14.1,16.6,10.0,11.1,10.51,17.84,12.15,14.24,17.03,10.07
12.16,14.1,16.6,10.0,11.1,10.51,17.84,12.15,14.24,17.03,10.07,11.39
14.1,16.6,10.0,11.1,10.51,17.84,12.15,14.24,17.03,10.07,11.39,10.59
16.6,10.0,11.1,10.51,17.84,12.15,14.24,17.03,10.07,11.39,10.59,18.23
10.0,11.1,10.51,17.84,12.15,14.24,17.03,10.07,11.39,10.59,18.23,12.25
11.1,10.51,17.84,12.15,14.24,17.03,10.07,11.39,10.59,18.23,12.25,14.46
10.51,17.84,12.15,14.24,17.03,10.07,11.39,10.59,18.23,12.25,14.46,17.03
17.84,12.15,14.24,17.03,10.07,11.39,10.59,18.23,12.25,14.46,17.03,10.11
12.15,14.24,17.03,10.07,11.39,10.59,18.23,12.25,14.46,17.03,10.11,11.28
14.24,17.03,10.07,11.39,10.59,18.23,12.25,14.46,17.03,10.11,11.28,10.75
17.03,10.07,11.39,10.59,18.23,12.25,14.46,17.03,10.11,11.28,10.75,19.01
10.07,11.39,10.59,18.23,12.25,14.46,17.03,10.11,11.28,10.75,19.01,12.44
11.39,10.59,18.23,12.25,14.46,17.03,10.11,11.28,10.75,19.01,12.44,14.56
10.59,18.23,12.25,14.46,17.03,10.11,11.28,10.75,19.01,12.44,14.56,16.68
18.23,12.25,14.46,17.03,10.11,11.28,10.75,19.01,12.44,14.56,16.68,10.27
12.25,14.46,17.03,10.11,11.28,10.75,19.01,12.44,14.56,16.68,10.27,11.52
14.46,17.03,10.11,11.28,10.75,19.01,12.44,14.56,16.68,10.27,11.52,10.72
17.03,10.11,11.28,10.75,19.01,12.44,14.56,16.68,10.27,11.52,10.72,14.2
10.11,11.28,10.75,19.01,12.44,14.56,16.68,10.27,11.52,10.72,14.2,12.46
11.28,10.75,19.01,12.44,14.56,16.68,10.27,11.52,10.72,14.2,12.46,14.62
10.75,19.01,12.44,14.56,16.68,10.27,11.52,10.72,14.2,12.46,14.62,16.58
19.01,12.44,14.56,16.68,10.27,11.52,10.72,14.2,12.46,14.62,16.58,10.23
12.44,14.56,16.68,10.27,11.52,10.72,14.2,12.46,14.62,16.58,10.23,11.26
14.56,16.68,10.27,11.52,10.72,14.2,12.46,14.62,16.58,10.23,11.26,10.8
16.68,10.27,11.52,10.72,14.2,12.46,14.62,16.58,10.23,11.26,10.8,14.79
10.27,11.52,10.72,14.2,12.46,14.62,16.58,10.23,11.26,10.8,14.79,12.49
11.52,10.72,14.2,12.46,14.62,16.58,10.23,11.26,10.8,14.79,12.49,14.5
10.72,14.2,12.46,14.62,16.58,10.23,11.26,10.8,14.79,12.49,14.5,16.19
14.2,12.46,14.62,16.58,10.23,11.26,10.8,14.79,12.49,14.5,16.19,10.1
12.46,14.62,16.58,10.23,11.26,10.8,14.79,12.49,14.5,16.19,10.1,10.95
14.62,16.58,10.23,11.26,10.8,14.79,12.49,14.5,16.19,10.1,10.95,10.71
16.58,10.23,11.26,10.8,14.79,12.49,14.5,16.19,10.1,10.95,10.71,15.53
10.23,11.26,10.8,14.79,12.49,14.5,16.19,10.1,10.95,10.71,15.53,12.23
11.26,10.8,14.79,12.49,14.5,16.19,10.1,10.95,10.71,15.53,12.23,14.37
10.8,14.79,12.49,14.5,16.19,10.1,10.95,10.71,15.53,12.23,14.37,15.87
14.79,12.49,14.5,16.19,10.1,10.95,10.71,15.53,12.23,14.37,15.87,9.91
12.49,14.5,16.19,10.1,10.95,10.71,15.53,12.23,14.37,15.87,9.91,11.26
14.5,16.19,10.1,10.95,10.71,15.53,12.23,14.37,15.87,9.91,11.26,10.52
16.19,10.1,10.95,10.71,15.53,12.23,14.37,15.87,9.91,11.26,10.52,15.81
10.1,10.95,10.71,15.53,12.23,14.37,15.87,9.91,11.26,10.52,15.81,12.1
10.95,10.71,15.53,12.23,14.37,15.87,9.91,11.26,10.52,15.81,12.1,14.37
10.71,15.53,12.23,14.37,15.87,9.91,11.26,10.52,15.81,12.1,14.37,15.31
15.53,12.23,14.37,15.87,9.91,11.26,10.52,15.81,12.1,14.37,15.31,9.44
12.23,14.37,15.87,9.91,11.26,10.52,15.81,12.1,14.37,15.31,9.44,11.12
14.37,15.87,9.91,11.26,10.52,15.81,12.1,14.37,15.31,9.44,11.12,10.35
15.87,9.91,11.26,10.52,15.81,12.1,14.37,15.31,9.44,11.12,10.35,16.16
9.91,11.26,10.52,15.81,12.1,14.37,15.31,9.44,11.12,10.35,16.16,11.89
11.26,10.52,15.81,12.1,14.37,15.31,9.44,11.12,10.35,16.16,11.89,14.34
10.52,15.81,12.1,14.37,15.31,9.44,11.12,10.35,16.16,11.89,14.34,15.06
15.81,12.1,14.37,15.31,9.44,11.12,10.35,16.16,11.89,14.34,15.06,9.38
12.1,14.37,15.31,9.44,11.12,10.35,16.16,11.89,14.34,15.06,9.38,11.16
14.37,15.31,9.44,11.12,10.35,16.16,11.89,14.34,15.06,9.38,11.16,10.34
15.31,9.44,11.12,10.35,16.16,11.89,14.34,15.06,9.38,11.16,10.34,16.53
9.44,11.12,10.35,16.16,11.89,14.34,15.06,9.38,11.16,10.34,16.53,11.89
11.12,10.35,16.16,11.89,14.34,15.06,9.38,11.16,10.34,16.53,11.89,14.33
10.35,16.16,11.89,14.34,15.06,9.38,11.16,10.34,16.53,11.89,14.33,15.0
16.16,11.89,14.34,15.06,9.38,11.16,10.34,16.53,11.89,14.33,15.0,9.29
11.89,14.34,15.06,9.38,11.16,10.34,16.53,11.89,14.33,15.0,9.29,10.81
14.34,15.06,9.38,11.16,10.34,16.53,11.89,14.33,15.0,9.29,10.81,10.34
15.06,9.38,11.16,10.34,16.53,11.89,14.33,15.0,9.29,10.81,10.34,16.76
