SFGt-12,SFGt-11,SFGt-10,SFGt-9,SFGt-8,SFGt-7,SFGt-6,SFGt-5,SFGt-4,SFGt-3,SFGt-2,SFGt-1
,,,,,,,,,,,
,,,,,,,,,,,72.94
,,,,,,,,,,72.94,76.00094654
,,,,,,,,,72.94,76.00094654,72.23290293
,,,,,,,,72.94,76.00094654,72.23290293,78.11827967
,,,,,,,72.94,76.00094654,72.23290293,78.11827967,78.2
,,,,,,72.94,76.00094654,72.23290293,78.11827967,78.2,69.11414897
,,,,,72.94,76.00094654,72.23290293,78.11827967,78.2,69.11414897,68.29
,,,,72.94,76.00094654,72.23290293,78.11827967,78.2,69.11414897,68.29,71.38
,,,72.94,76.00094654,72.23290293,78.11827967,78.2,69.11414897,68.29,71.38,70.27329414
,,72.94,76.00094654,72.23290293,78.11827967,78.2,69.11414897,68.29,71.38,70.27329414,70.31906472
,72.94,76.00094654,72.23290293,78.11827967,78.2,69.11414897,68.29,71.38,70.27329414,70.31906472,65.5988141
72.94,76.00094654,72.23290293,78.11827967,78.2,69.11414897,68.29,71.38,70.27329414,70.31906472,65.5988141,75.18
76.00094654,72.23290293,78.11827967,78.2,69.11414897,68.29,71.38,70.27329414,70.31906472,65.5988141,75.18,73.60297033
72.23290293,78.11827967,78.2,69.11414897,68.29,71.38,70.27329414,70.31906472,65.5988141,75.18,73.60297033,63.73
78.11827967,78.2,69.11414897,68.29,71.38,70.27329414,70.31906472,65.5988141,75.18,73.60297033,63.73,73.95
78.2,69.11414897,68.29,71.38,70.27329414,70.31906472,65.5988141,75.18,73.60297033,63.73,73.95,69.28378604
69.11414897,68.29,71.38,70.27329414,70.31906472,65.5988141,75.18,73.60297033,63.73,73.95,69.28378604,72.14111005
68.29,71.38,70.27329414,70.31906472,65.5988141,75.18,73.60297033,63.73,73.95,69.28378604,72.14111005,71.57231669
71.38,70.27329414,70.31906472,65.5988141,75.18,73.60297033,63.73,73.95,69.28378604,72.14111005,71.57231669,76.7
70.27329414,70.31906472,65.5988141,75.18,73.60297033,63.73,73.95,69.28378604,72.14111005,71.57231669,76.7,73.25557678
70.31906472,65.5988141,75.18,73.60297033,63.73,73.95,69.28378604,72.14111005,71.57231669,76.7,73.25557678,66.67
65.5988141,75.18,73.60297033,63.73,73.95,69.28378604,72.14111005,71.57231669,76.7,73.25557678,66.67,69.4
75.18,73.60297033,63.73,73.95,69.28378604,72.14111005,71.57231669,76.7,73.25557678,66.67,69.4,67.95886551
73.60297033,63.73,73.95,69.28378604,72.14111005,71.57231669,76.7,73.25557678,66.67,69.4,67.95886551,66.26035344
63.73,73.95,69.28378604,72.14111005,71.57231669,76.7,73.25557678,66.67,69.4,67.95886551,66.26035344,72.72943979
73.95,69.28378604,72.14111005,71.57231669,76.7,73.25557678,66.67,69.4,67.95886551,66.26035344,72.72943979,72.73
69.28378604,72.14111005,71.57231669,76.7,73.25557678,66.67,69.4,67.95886551,66.26035344,72.72943979,72.73,69.61310018
72.14111005,71.57231669,76.7,73.25557678,66.67,69.4,67.95886551,66.26035344,72.72943979,72.73,69.61310018,64.95
71.57231669,76.7,73.25557678,66.67,69.4,67.95886551,66.26035344,72.72943979,72.73,69.61310018,64.95,65.01
76.7,73.25557678,66.67,69.4,67.95886551,66.26035344,72.72943979,72.73,69.61310018,64.95,65.01,63.6110334
73.25557678,66.67,69.4,67.95886551,66.26035344,72.72943979,72.73,69.61310018,64.95,65.01,63.6110334,59.77945239
66.67,69.4,67.95886551,66.26035344,72.72943979,72.73,69.61310018,64.95,65.01,63.6110334,59.77945239,69.76629035
69.4,67.95886551,66.26035344,72.72943979,72.73,69.61310018,64.95,65.01,63.6110334,59.77945239,69.76629035,70.07
67.95886551,66.26035344,72.72943979,72.73,69.61310018,64.95,65.01,63.6110334,59.77945239,69.76629035,70.07,60.13473493
66.26035344,72.72943979,72.73,69.61310018,64.95,65.01,63.6110334,59.77945239,69.76629035,70.07,60.13473493,59.64
72.72943979,72.73,69.61310018,64.95,65.01,63.6110334,59.77945239,69.76629035,70.07,60.13473493,59.64,68.32
72.73,69.61310018,64.95,65.01,63.6110334,59.77945239,69.76629035,70.07,60.13473493,59.64,68.32,66.29826933
69.61310018,64.95,65.01,63.6110334,59.77945239,69.76629035,70.07,60.13473493,59.64,68.32,66.29826933,72.92091573
64.95,65.01,63.6110334,59.77945239,69.76629035,70.07,60.13473493,59.64,68.32,66.29826933,72.92091573,72.26334669
65.01,63.6110334,59.77945239,69.76629035,70.07,60.13473493,59.64,68.32,66.29826933,72.92091573,72.26334669,76.37
63.6110334,59.77945239,69.76629035,70.07,60.13473493,59.64,68.32,66.29826933,72.92091573,72.26334669,76.37,69.80729397
59.77945239,69.76629035,70.07,60.13473493,59.64,68.32,66.29826933,72.92091573,72.26334669,76.37,69.80729397,60.15
69.76629035,70.07,60.13473493,59.64,68.32,66.29826933,72.92091573,72.26334669,76.37,69.80729397,60.15,71.32
70.07,60.13473493,59.64,68.32,66.29826933,72.92091573,72.26334669,76.37,69.80729397,60.15,71.32,73.66415575
60.13473493,59.64,68.32,66.29826933,72.92091573,72.26334669,76.37,69.80729397,60.15,71.32,73.66415575,74.61565726
59.64,68.32,66.29826933,72.92091573,72.26334669,76.37,69.80729397,60.15,71.32,73.66415575,74.61565726,64.52906958
68.32,66.29826933,72.92091573,72.26334669,76.37,69.80729397,60.15,71.32,73.66415575,74.61565726,64.52906958,75.23
66.29826933,72.92091573,72.26334669,76.37,69.80729397,60.15,71.32,73.66415575,74.61565726,64.52906958,75.23,72.79674932
72.92091573,72.26334669,76.37,69.80729397,60.15,71.32,73.66415575,74.61565726,64.52906958,75.23,72.79674932,62.47
72.26334669,76.37,69.80729397,60.15,71.32,73.66415575,74.61565726,64.52906958,75.23,72.79674932,62.47,72.36
76.37,69.80729397,60.15,71.32,73.66415575,74.61565726,64.52906958,75.23,72.79674932,62.47,72.36,74.28094171
69.80729397,60.15,71.32,73.66415575,74.61565726,64.52906958,75.23,72.79674932,62.47,72.36,74.28094171,63.44189658
60.15,71.32,73.66415575,74.61565726,64.52906958,75.23,72.79674932,62.47,72.36,74.28094171,63.44189658,65.42391771
71.32,73.66415575,74.61565726,64.52906958,75.23,72.79674932,62.47,72.36,74.28094171,63.44189658,65.42391771,78.62
73.66415575,74.61565726,64.52906958,75.23,72.79674932,62.47,72.36,74.28094171,63.44189658,65.42391771,78.62,75.44945093
74.61565726,64.52906958,75.23,72.79674932,62.47,72.36,74.28094171,63.44189658,65.42391771,78.62,75.44945093,62.67
64.52906958,75.23,72.79674932,62.47,72.36,74.28094171,63.44189658,65.42391771,78.62,75.44945093,62.67,73.81
75.23,72.79674932,62.47,72.36,74.28094171,63.44189658,65.42391771,78.62,75.44945093,62.67,73.81,78.85084542
72.79674932,62.47,72.36,74.28094171,63.44189658,65.42391771,78.62,75.44945093,62.67,73.81,78.85084542,73.46322844
62.47,72.36,74.28094171,63.44189658,65.42391771,78.62,75.44945093,62.67,73.81,78.85084542,73.46322844,80.72453992
72.36,74.28094171,63.44189658,65.42391771,78.62,75.44945093,62.67,73.81,78.85084542,73.46322844,80.72453992,81.98
74.28094171,63.44189658,65.42391771,78.62,75.44945093,62.67,73.81,78.85084542,73.46322844,80.72453992,81.98,73.52059057
63.44189658,65.42391771,78.62,75.44945093,62.67,73.81,78.85084542,73.46322844,80.72453992,81.98,73.52059057,66.06
65.42391771,78.62,75.44945093,62.67,73.81,78.85084542,73.46322844,80.72453992,81.98,73.52059057,66.06,73.74
78.62,75.44945093,62.67,73.81,78.85084542,73.46322844,80.72453992,81.98,73.52059057,66.06,73.74,68.39595568
75.44945093,62.67,73.81,78.85084542,73.46322844,80.72453992,81.98,73.52059057,66.06,73.74,68.39595568,67.48243337
62.67,73.81,78.85084542,73.46322844,80.72453992,81.98,73.52059057,66.06,73.74,68.39595568,67.48243337,73.13534068
73.81,78.85084542,73.46322844,80.72453992,81.98,73.52059057,66.06,73.74,68.39595568,67.48243337,73.13534068,76.81
78.85084542,73.46322844,80.72453992,81.98,73.52059057,66.06,73.74,68.39595568,67.48243337,73.13534068,76.81,73.22752861
73.46322844,80.72453992,81.98,73.52059057,66.06,73.74,68.39595568,67.48243337,73.13534068,76.81,73.22752861,66.87
80.72453992,81.98,73.52059057,66.06,73.74,68.39595568,67.48243337,73.13534068,76.81,73.22752861,66.87,71.84
81.98,73.52059057,66.06,73.74,68.39595568,67.48243337,73.13534068,76.81,73.22752861,66.87,71.84,71.15835817
73.52059057,66.06,73.74,68.39595568,67.48243337,73.13534068,76.81,73.22752861,66.87,71.84,71.15835817,65.39040723
66.06,73.74,68.39595568,67.48243337,73.13534068,76.81,73.22752861,66.87,71.84,71.15835817,65.39040723,66.64189037
73.74,68.39595568,67.48243337,73.13534068,76.81,73.22752861,66.87,71.84,71.15835817,65.39040723,66.64189037,83.07
68.39595568,67.48243337,73.13534068,76.81,73.22752861,66.87,71.84,71.15835817,65.39040723,66.64189037,83.07,74.92263746
67.48243337,73.13534068,76.81,73.22752861,66.87,71.84,71.15835817,65.39040723,66.64189037,83.07,74.92263746,60.92
73.13534068,76.81,73.22752861,66.87,71.84,71.15835817,65.39040723,66.64189037,83.07,74.92263746,60.92,72.19
76.81,73.22752861,66.87,71.84,71.15835817,65.39040723,66.64189037,83.07,74.92263746,60.92,72.19,67.1214918
73.22752861,66.87,71.84,71.15835817,65.39040723,66.64189037,83.07,74.92263746,60.92,72.19,67.1214918,66.03032644
66.87,71.84,71.15835817,65.39040723,66.64189037,83.07,74.92263746,60.92,72.19,67.1214918,66.03032644,71.06996057
71.84,71.15835817,65.39040723,66.64189037,83.07,74.92263746,60.92,72.19,67.1214918,66.03032644,71.06996057,70.45
71.15835817,65.39040723,66.64189037,83.07,74.92263746,60.92,72.19,67.1214918,66.03032644,71.06996057,70.45,65.1555848
65.39040723,66.64189037,83.07,74.92263746,60.92,72.19,67.1214918,66.03032644,71.06996057,70.45,65.1555848,63.07
66.64189037,83.07,74.92263746,60.92,72.19,67.1214918,66.03032644,71.06996057,70.45,65.1555848,63.07,71.74
83.07,74.92263746,60.92,72.19,67.1214918,66.03032644,71.06996057,70.45,65.1555848,63.07,71.74,71.74947686
74.92263746,60.92,72.19,67.1214918,66.03032644,71.06996057,70.45,65.1555848,63.07,71.74,71.74947686,70.91972877
60.92,72.19,67.1214918,66.03032644,71.06996057,70.45,65.1555848,63.07,71.74,71.74947686,70.91972877,75.04067934
72.19,67.1214918,66.03032644,71.06996057,70.45,65.1555848,63.07,71.74,71.74947686,70.91972877,75.04067934,76.38
67.1214918,66.03032644,71.06996057,70.45,65.1555848,63.07,71.74,71.74947686,70.91972877,75.04067934,76.38,70.10979091
66.03032644,71.06996057,70.45,65.1555848,63.07,71.74,71.74947686,70.91972877,75.04067934,76.38,70.10979091,68.23
71.06996057,70.45,65.1555848,63.07,71.74,71.74947686,70.91972877,75.04067934,76.38,70.10979091,68.23,71.47
70.45,65.1555848,63.07,71.74,71.74947686,70.91972877,75.04067934,76.38,70.10979091,68.23,71.47,70.70311663
65.1555848,63.07,71.74,71.74947686,70.91972877,75.04067934,76.38,70.10979091,68.23,71.47,70.70311663,67.79704129
63.07,71.74,71.74947686,70.91972877,75.04067934,76.38,70.10979091,68.23,71.47,70.70311663,67.79704129,67.9709184
71.74,71.74947686,70.91972877,75.04067934,76.38,70.10979091,68.23,71.47,70.70311663,67.79704129,67.9709184,74.51
71.74947686,70.91972877,75.04067934,76.38,70.10979091,68.23,71.47,70.70311663,67.79704129,67.9709184,74.51,72.88962959
70.91972877,75.04067934,76.38,70.10979091,68.23,71.47,70.70311663,67.79704129,67.9709184,74.51,72.88962959,65.0
75.04067934,76.38,70.10979091,68.23,71.47,70.70311663,67.79704129,67.9709184,74.51,72.88962959,65.0,67.66
76.38,70.10979091,68.23,71.47,70.70311663,67.79704129,67.9709184,74.51,72.88962959,65.0,67.66,68.45774801
70.10979091,68.23,71.47,70.70311663,67.79704129,67.9709184,74.51,72.88962959,65.0,67.66,68.45774801,67.94986625
68.23,71.47,70.70311663,67.79704129,67.9709184,74.51,72.88962959,65.0,67.66,68.45774801,67.94986625,64.0968593
71.47,70.70311663,67.79704129,67.9709184,74.51,72.88962959,65.0,67.66,68.45774801,67.94986625,64.0968593,78.85
70.70311663,67.79704129,67.9709184,74.51,72.88962959,65.0,67.66,68.45774801,67.94986625,64.0968593,78.85,65.32269724
67.79704129,67.9709184,74.51,72.88962959,65.0,67.66,68.45774801,67.94986625,64.0968593,78.85,65.32269724,63.11
67.9709184,74.51,72.88962959,65.0,67.66,68.45774801,67.94986625,64.0968593,78.85,65.32269724,63.11,68.69
74.51,72.88962959,65.0,67.66,68.45774801,67.94986625,64.0968593,78.85,65.32269724,63.11,68.69,59.52834293
72.88962959,65.0,67.66,68.45774801,67.94986625,64.0968593,78.85,65.32269724,63.11,68.69,59.52834293,58.80509087
65.0,67.66,68.45774801,67.94986625,64.0968593,78.85,65.32269724,63.11,68.69,59.52834293,58.80509087,65.4487239
67.66,68.45774801,67.94986625,64.0968593,78.85,65.32269724,63.11,68.69,59.52834293,58.80509087,65.4487239,67.65
68.45774801,67.94986625,64.0968593,78.85,65.32269724,63.11,68.69,59.52834293,58.80509087,65.4487239,67.65,58.29421822
67.94986625,64.0968593,78.85,65.32269724,63.11,68.69,59.52834293,58.80509087,65.4487239,67.65,58.29421822,56.72
64.0968593,78.85,65.32269724,63.11,68.69,59.52834293,58.80509087,65.4487239,67.65,58.29421822,56.72,66.63
78.85,65.32269724,63.11,68.69,59.52834293,58.80509087,65.4487239,67.65,58.29421822,56.72,66.63,70.1432133
65.32269724,63.11,68.69,59.52834293,58.80509087,65.4487239,67.65,58.29421822,56.72,66.63,70.1432133,66.09111539
63.11,68.69,59.52834293,58.80509087,65.4487239,67.65,58.29421822,56.72,66.63,70.1432133,66.09111539,74.21581554
68.69,59.52834293,58.80509087,65.4487239,67.65,58.29421822,56.72,66.63,70.1432133,66.09111539,74.21581554,74.25
59.52834293,58.80509087,65.4487239,67.65,58.29421822,56.72,66.63,70.1432133,66.09111539,74.21581554,74.25,70.00939558
58.80509087,65.4487239,67.65,58.29421822,56.72,66.63,70.1432133,66.09111539,74.21581554,74.25,70.00939558,61.49
65.4487239,67.65,58.29421822,56.72,66.63,70.1432133,66.09111539,74.21581554,74.25,70.00939558,61.49,68.17
67.65,58.29421822,56.72,66.63,70.1432133,66.09111539,74.21581554,74.25,70.00939558,61.49,68.17,64.0481047
58.29421822,56.72,66.63,70.1432133,66.09111539,74.21581554,74.25,70.00939558,61.49,68.17,64.0481047,69.42573259
56.72,66.63,70.1432133,66.09111539,74.21581554,74.25,70.00939558,61.49,68.17,64.0481047,69.42573259,67.43326855
66.63,70.1432133,66.09111539,74.21581554,74.25,70.00939558,61.49,68.17,64.0481047,69.42573259,67.43326855,70.85
70.1432133,66.09111539,74.21581554,74.25,70.00939558,61.49,68.17,64.0481047,69.42573259,67.43326855,70.85,62.92396953
66.09111539,74.21581554,74.25,70.00939558,61.49,68.17,64.0481047,69.42573259,67.43326855,70.85,62.92396953,61.6
74.21581554,74.25,70.00939558,61.49,68.17,64.0481047,69.42573259,67.43326855,70.85,62.92396953,61.6,67.91
74.25,70.00939558,61.49,68.17,64.0481047,69.42573259,67.43326855,70.85,62.92396953,61.6,67.91,75.50311843
70.00939558,61.49,68.17,64.0481047,69.42573259,67.43326855,70.85,62.92396953,61.6,67.91,75.50311843,74.33185194
61.49,68.17,64.0481047,69.42573259,67.43326855,70.85,62.92396953,61.6,67.91,75.50311843,74.33185194,71.98947055
68.17,64.0481047,69.42573259,67.43326855,70.85,62.92396953,61.6,67.91,75.50311843,74.33185194,71.98947055,78.12
64.0481047,69.42573259,67.43326855,70.85,62.92396953,61.6,67.91,75.50311843,74.33185194,71.98947055,78.12,69.59182111
69.42573259,67.43326855,70.85,62.92396953,61.6,67.91,75.50311843,74.33185194,71.98947055,78.12,69.59182111,63.99
67.43326855,70.85,62.92396953,61.6,67.91,75.50311843,74.33185194,71.98947055,78.12,69.59182111,63.99,71.6
70.85,62.92396953,61.6,67.91,75.50311843,74.33185194,71.98947055,78.12,69.59182111,63.99,71.6,62.68356743
62.92396953,61.6,67.91,75.50311843,74.33185194,71.98947055,78.12,69.59182111,63.99,71.6,62.68356743,74.19716449
61.6,67.91,75.50311843,74.33185194,71.98947055,78.12,69.59182111,63.99,71.6,62.68356743,74.19716449,61.03060688
67.91,75.50311843,74.33185194,71.98947055,78.12,69.59182111,63.99,71.6,62.68356743,74.19716449,61.03060688,75.85
75.50311843,74.33185194,71.98947055,78.12,69.59182111,63.99,71.6,62.68356743,74.19716449,61.03060688,75.85,67.79340768
74.33185194,71.98947055,78.12,69.59182111,63.99,71.6,62.68356743,74.19716449,61.03060688,75.85,67.79340768,60.59
71.98947055,78.12,69.59182111,63.99,71.6,62.68356743,74.19716449,61.03060688,75.85,67.79340768,60.59,73.92
78.12,69.59182111,63.99,71.6,62.68356743,74.19716449,61.03060688,75.85,67.79340768,60.59,73.92,68.49716748
69.59182111,63.99,71.6,62.68356743,74.19716449,61.03060688,75.85,67.79340768,60.59,73.92,68.49716748,68.59433635
63.99,71.6,62.68356743,74.19716449,61.03060688,75.85,67.79340768,60.59,73.92,68.49716748,68.59433635,68.07447003
71.6,62.68356743,74.19716449,61.03060688,75.85,67.79340768,60.59,73.92,68.49716748,68.59433635,68.07447003,71.22
62.68356743,74.19716449,61.03060688,75.85,67.79340768,60.59,73.92,68.49716748,68.59433635,68.07447003,71.22,73.35699773
74.19716449,61.03060688,75.85,67.79340768,60.59,73.92,68.49716748,68.59433635,68.07447003,71.22,73.35699773,67.02
61.03060688,75.85,67.79340768,60.59,73.92,68.49716748,68.59433635,68.07447003,71.22,73.35699773,67.02,71.11
75.85,67.79340768,60.59,73.92,68.49716748,68.59433635,68.07447003,71.22,73.35699773,67.02,71.11,61.94666568
67.79340768,60.59,73.92,68.49716748,68.59433635,68.07447003,71.22,73.35699773,67.02,71.11,61.94666568,69.1879589
60.59,73.92,68.49716748,68.59433635,68.07447003,71.22,73.35699773,67.02,71.11,61.94666568,69.1879589,61.70984122
73.92,68.49716748,68.59433635,68.07447003,71.22,73.35699773,67.02,71.11,61.94666568,69.1879589,61.70984122,76.88
68.49716748,68.59433635,68.07447003,71.22,73.35699773,67.02,71.11,61.94666568,69.1879589,61.70984122,76.88,64.05160097
68.59433635,68.07447003,71.22,73.35699773,67.02,71.11,61.94666568,69.1879589,61.70984122,76.88,64.05160097,60.42
68.07447003,71.22,73.35699773,67.02,71.11,61.94666568,69.1879589,61.70984122,76.88,64.05160097,60.42,72.67
71.22,73.35699773,67.02,71.11,61.94666568,69.1879589,61.70984122,76.88,64.05160097,60.42,72.67,69.76990264
73.35699773,67.02,71.11,61.94666568,69.1879589,61.70984122,76.88,64.05160097,60.42,72.67,69.76990264,71.18827965
67.02,71.11,61.94666568,69.1879589,61.70984122,76.88,64.05160097,60.42,72.67,69.76990264,71.18827965,72.92267637
71.11,61.94666568,69.1879589,61.70984122,76.88,64.05160097,60.42,72.67,69.76990264,71.18827965,72.92267637,74.35
61.94666568,69.1879589,61.70984122,76.88,64.05160097,60.42,72.67,69.76990264,71.18827965,72.92267637,74.35,65.66017476
69.1879589,61.70984122,76.88,64.05160097,60.42,72.67,69.76990264,71.18827965,72.92267637,74.35,65.66017476,64.7
61.70984122,76.88,64.05160097,60.42,72.67,69.76990264,71.18827965,72.92267637,74.35,65.66017476,64.7,72.18
76.88,64.05160097,60.42,72.67,69.76990264,71.18827965,72.92267637,74.35,65.66017476,64.7,72.18,71.82229411
64.05160097,60.42,72.67,69.76990264,71.18827965,72.92267637,74.35,65.66017476,64.7,72.18,71.82229411,68.55290135
60.42,72.67,69.76990264,71.18827965,72.92267637,74.35,65.66017476,64.7,72.18,71.82229411,68.55290135,67.65359344
72.67,69.76990264,71.18827965,72.92267637,74.35,65.66017476,64.7,72.18,71.82229411,68.55290135,67.65359344,76.36
69.76990264,71.18827965,72.92267637,74.35,65.66017476,64.7,72.18,71.82229411,68.55290135,67.65359344,76.36,68.11171984
71.18827965,72.92267637,74.35,65.66017476,64.7,72.18,71.82229411,68.55290135,67.65359344,76.36,68.11171984,67.25
72.92267637,74.35,65.66017476,64.7,72.18,71.82229411,68.55290135,67.65359344,76.36,68.11171984,67.25,70.89
74.35,65.66017476,64.7,72.18,71.82229411,68.55290135,67.65359344,76.36,68.11171984,67.25,70.89,75.57848385
65.66017476,64.7,72.18,71.82229411,68.55290135,67.65359344,76.36,68.11171984,67.25,70.89,75.57848385,72.33645467
64.7,72.18,71.82229411,68.55290135,67.65359344,76.36,68.11171984,67.25,70.89,75.57848385,72.33645467,77.28777488
72.18,71.82229411,68.55290135,67.65359344,76.36,68.11171984,67.25,70.89,75.57848385,72.33645467,77.28777488,78.19
71.82229411,68.55290135,67.65359344,76.36,68.11171984,67.25,70.89,75.57848385,72.33645467,77.28777488,78.19,69.33675155
68.55290135,67.65359344,76.36,68.11171984,67.25,70.89,75.57848385,72.33645467,77.28777488,78.19,69.33675155,62.88
67.65359344,76.36,68.11171984,67.25,70.89,75.57848385,72.33645467,77.28777488,78.19,69.33675155,62.88,70.65
76.36,68.11171984,67.25,70.89,75.57848385,72.33645467,77.28777488,78.19,69.33675155,62.88,70.65,68.98750878
68.11171984,67.25,70.89,75.57848385,72.33645467,77.28777488,78.19,69.33675155,62.88,70.65,68.98750878,67.93218759
67.25,70.89,75.57848385,72.33645467,77.28777488,78.19,69.33675155,62.88,70.65,68.98750878,67.93218759,67.79504961
70.89,75.57848385,72.33645467,77.28777488,78.19,69.33675155,62.88,70.65,68.98750878,67.93218759,67.79504961,72.8
75.57848385,72.33645467,77.28777488,78.19,69.33675155,62.88,70.65,68.98750878,67.93218759,67.79504961,72.8,66.94275198
72.33645467,77.28777488,78.19,69.33675155,62.88,70.65,68.98750878,67.93218759,67.79504961,72.8,66.94275198,65.84
77.28777488,78.19,69.33675155,62.88,70.65,68.98750878,67.93218759,67.79504961,72.8,66.94275198,65.84,70.98
78.19,69.33675155,62.88,70.65,68.98750878,67.93218759,67.79504961,72.8,66.94275198,65.84,70.98,64.84769833
69.33675155,62.88,70.65,68.98750878,67.93218759,67.79504961,72.8,66.94275198,65.84,70.98,64.84769833,64.25314425
62.88,70.65,68.98750878,67.93218759,67.79504961,72.8,66.94275198,65.84,70.98,64.84769833,64.25314425,68.5275544
70.65,68.98750878,67.93218759,67.79504961,72.8,66.94275198,65.84,70.98,64.84769833,64.25314425,68.5275544,74.47
68.98750878,67.93218759,67.79504961,72.8,66.94275198,65.84,70.98,64.84769833,64.25314425,68.5275544,74.47,68.87886274
67.93218759,67.79504961,72.8,66.94275198,65.84,70.98,64.84769833,64.25314425,68.5275544,74.47,68.87886274,63.12
67.79504961,72.8,66.94275198,65.84,70.98,64.84769833,64.25314425,68.5275544,74.47,68.87886274,63.12,66.5
72.8,66.94275198,65.84,70.98,64.84769833,64.25314425,68.5275544,74.47,68.87886274,63.12,66.5,64.67000451
66.94275198,65.84,70.98,64.84769833,64.25314425,68.5275544,74.47,68.87886274,63.12,66.5,64.67000451,62.84488488
65.84,70.98,64.84769833,64.25314425,68.5275544,74.47,68.87886274,63.12,66.5,64.67000451,62.84488488,66.75159356
70.98,64.84769833,64.25314425,68.5275544,74.47,68.87886274,63.12,66.5,64.67000451,62.84488488,66.75159356,69.52
64.84769833,64.25314425,68.5275544,74.47,68.87886274,63.12,66.5,64.67000451,62.84488488,66.75159356,69.52,62.39778343
64.25314425,68.5275544,74.47,68.87886274,63.12,66.5,64.67000451,62.84488488,66.75159356,69.52,62.39778343,60.92
68.5275544,74.47,68.87886274,63.12,66.5,64.67000451,62.84488488,66.75159356,69.52,62.39778343,60.92,67.01
74.47,68.87886274,63.12,66.5,64.67000451,62.84488488,66.75159356,69.52,62.39778343,60.92,67.01,61.41261148
68.87886274,63.12,66.5,64.67000451,62.84488488,66.75159356,69.52,62.39778343,60.92,67.01,61.41261148,52.96039855
63.12,66.5,64.67000451,62.84488488,66.75159356,69.52,62.39778343,60.92,67.01,61.41261148,52.96039855,64.79347664
66.5,64.67000451,62.84488488,66.75159356,69.52,62.39778343,60.92,67.01,61.41261148,52.96039855,64.79347664,66.87
64.67000451,62.84488488,66.75159356,69.52,62.39778343,60.92,67.01,61.41261148,52.96039855,64.79347664,66.87,53.62924136
62.84488488,66.75159356,69.52,62.39778343,60.92,67.01,61.41261148,52.96039855,64.79347664,66.87,53.62924136,50.4
66.75159356,69.52,62.39778343,60.92,67.01,61.41261148,52.96039855,64.79347664,66.87,53.62924136,50.4,67.54
69.52,62.39778343,60.92,67.01,61.41261148,52.96039855,64.79347664,66.87,53.62924136,50.4,67.54,73.42713352
62.39778343,60.92,67.01,61.41261148,52.96039855,64.79347664,66.87,53.62924136,50.4,67.54,73.42713352,70.35402394
60.92,67.01,61.41261148,52.96039855,64.79347664,66.87,53.62924136,50.4,67.54,73.42713352,70.35402394,62.6112439
67.01,61.41261148,52.96039855,64.79347664,66.87,53.62924136,50.4,67.54,73.42713352,70.35402394,62.6112439,74.9
61.41261148,52.96039855,64.79347664,66.87,53.62924136,50.4,67.54,73.42713352,70.35402394,62.6112439,74.9,64.55787789
52.96039855,64.79347664,66.87,53.62924136,50.4,67.54,73.42713352,70.35402394,62.6112439,74.9,64.55787789,62.0
64.79347664,66.87,53.62924136,50.4,67.54,73.42713352,70.35402394,62.6112439,74.9,64.55787789,62.0,71.42
66.87,53.62924136,50.4,67.54,73.42713352,70.35402394,62.6112439,74.9,64.55787789,62.0,71.42,65.419413
53.62924136,50.4,67.54,73.42713352,70.35402394,62.6112439,74.9,64.55787789,62.0,71.42,65.419413,68.44315601
50.4,67.54,73.42713352,70.35402394,62.6112439,74.9,64.55787789,62.0,71.42,65.419413,68.44315601,65.50859368
67.54,73.42713352,70.35402394,62.6112439,74.9,64.55787789,62.0,71.42,65.419413,68.44315601,65.50859368,75.67
73.42713352,70.35402394,62.6112439,74.9,64.55787789,62.0,71.42,65.419413,68.44315601,65.50859368,75.67,64.36408188
70.35402394,62.6112439,74.9,64.55787789,62.0,71.42,65.419413,68.44315601,65.50859368,75.67,64.36408188,60.56
62.6112439,74.9,64.55787789,62.0,71.42,65.419413,68.44315601,65.50859368,75.67,64.36408188,60.56,75.82
74.9,64.55787789,62.0,71.42,65.419413,68.44315601,65.50859368,75.67,64.36408188,60.56,75.82,71.59763093
64.55787789,62.0,71.42,65.419413,68.44315601,65.50859368,75.67,64.36408188,60.56,75.82,71.59763093,72.61923199
62.0,71.42,65.419413,68.44315601,65.50859368,75.67,64.36408188,60.56,75.82,71.59763093,72.61923199,76.13934231
71.42,65.419413,68.44315601,65.50859368,75.67,64.36408188,60.56,75.82,71.59763093,72.61923199,76.13934231,77.62
65.419413,68.44315601,65.50859368,75.67,64.36408188,60.56,75.82,71.59763093,72.61923199,76.13934231,77.62,75.22650669
68.44315601,65.50859368,75.67,64.36408188,60.56,75.82,71.59763093,72.61923199,76.13934231,77.62,75.22650669,64.29
65.50859368,75.67,64.36408188,60.56,75.82,71.59763093,72.61923199,76.13934231,77.62,75.22650669,64.29,79.19
75.67,64.36408188,60.56,75.82,71.59763093,72.61923199,76.13934231,77.62,75.22650669,64.29,79.19,70.24529131
64.36408188,60.56,75.82,71.59763093,72.61923199,76.13934231,77.62,75.22650669,64.29,79.19,70.24529131,70.86889051
60.56,75.82,71.59763093,72.61923199,76.13934231,77.62,75.22650669,64.29,79.19,70.24529131,70.86889051,71.45685005
75.82,71.59763093,72.61923199,76.13934231,77.62,75.22650669,64.29,79.19,70.24529131,70.86889051,71.45685005,80.2
71.59763093,72.61923199,76.13934231,77.62,75.22650669,64.29,79.19,70.24529131,70.86889051,71.45685005,80.2,72.39107823
72.61923199,76.13934231,77.62,75.22650669,64.29,79.19,70.24529131,70.86889051,71.45685005,80.2,72.39107823,65.78
76.13934231,77.62,75.22650669,64.29,79.19,70.24529131,70.86889051,71.45685005,80.2,72.39107823,65.78,79.53
77.62,75.22650669,64.29,79.19,70.24529131,70.86889051,71.45685005,80.2,72.39107823,65.78,79.53,70.64755491
75.22650669,64.29,79.19,70.24529131,70.86889051,71.45685005,80.2,72.39107823,65.78,79.53,70.64755491,79.43124565
64.29,79.19,70.24529131,70.86889051,71.45685005,80.2,72.39107823,65.78,79.53,70.64755491,79.43124565,72.7213637
79.19,70.24529131,70.86889051,71.45685005,80.2,72.39107823,65.78,79.53,70.64755491,79.43124565,72.7213637,80.97
70.24529131,70.86889051,71.45685005,80.2,72.39107823,65.78,79.53,70.64755491,79.43124565,72.7213637,80.97,71.94260401
70.86889051,71.45685005,80.2,72.39107823,65.78,79.53,70.64755491,79.43124565,72.7213637,80.97,71.94260401,61.34
71.45685005,80.2,72.39107823,65.78,79.53,70.64755491,79.43124565,72.7213637,80.97,71.94260401,61.34,78.88
80.2,72.39107823,65.78,79.53,70.64755491,79.43124565,72.7213637,80.97,71.94260401,61.34,78.88,64.7065289
72.39107823,65.78,79.53,70.64755491,79.43124565,72.7213637,80.97,71.94260401,61.34,78.88,64.7065289,75.30913051
65.78,79.53,70.64755491,79.43124565,72.7213637,80.97,71.94260401,61.34,78.88,64.7065289,75.30913051,79.57460087
79.53,70.64755491,79.43124565,72.7213637,80.97,71.94260401,61.34,78.88,64.7065289,75.30913051,79.57460087,82.04
70.64755491,79.43124565,72.7213637,80.97,71.94260401,61.34,78.88,64.7065289,75.30913051,79.57460087,82.04,70.49707672
79.43124565,72.7213637,80.97,71.94260401,61.34,78.88,64.7065289,75.30913051,79.57460087,82.04,70.49707672,62.95
72.7213637,80.97,71.94260401,61.34,78.88,64.7065289,75.30913051,79.57460087,82.04,70.49707672,62.95,77.68
80.97,71.94260401,61.34,78.88,64.7065289,75.30913051,79.57460087,82.04,70.49707672,62.95,77.68,76.71288332
71.94260401,61.34,78.88,64.7065289,75.30913051,79.57460087,82.04,70.49707672,62.95,77.68,76.71288332,75.66394907
61.34,78.88,64.7065289,75.30913051,79.57460087,82.04,70.49707672,62.95,77.68,76.71288332,75.66394907,74.04763957
78.88,64.7065289,75.30913051,79.57460087,82.04,70.49707672,62.95,77.68,76.71288332,75.66394907,74.04763957,77.01
64.7065289,75.30913051,79.57460087,82.04,70.49707672,62.95,77.68,76.71288332,75.66394907,74.04763957,77.01,75.95882282
75.30913051,79.57460087,82.04,70.49707672,62.95,77.68,76.71288332,75.66394907,74.04763957,77.01,75.95882282,64.92
79.57460087,82.04,70.49707672,62.95,77.68,76.71288332,75.66394907,74.04763957,77.01,75.95882282,64.92,78.53
82.04,70.49707672,62.95,77.68,76.71288332,75.66394907,74.04763957,77.01,75.95882282,64.92,78.53,69.79140115
70.49707672,62.95,77.68,76.71288332,75.66394907,74.04763957,77.01,75.95882282,64.92,78.53,69.79140115,79.82124341
62.95,77.68,76.71288332,75.66394907,74.04763957,77.01,75.95882282,64.92,78.53,69.79140115,79.82124341,71.95241959
77.68,76.71288332,75.66394907,74.04763957,77.01,75.95882282,64.92,78.53,69.79140115,79.82124341,71.95241959,81.09
76.71288332,75.66394907,74.04763957,77.01,75.95882282,64.92,78.53,69.79140115,79.82124341,71.95241959,81.09,69.51596952
75.66394907,74.04763957,77.01,75.95882282,64.92,78.53,69.79140115,79.82124341,71.95241959,81.09,69.51596952,68.6
74.04763957,77.01,75.95882282,64.92,78.53,69.79140115,79.82124341,71.95241959,81.09,69.51596952,68.6,78.77
77.01,75.95882282,64.92,78.53,69.79140115,79.82124341,71.95241959,81.09,69.51596952,68.6,78.77,71.42854215
75.95882282,64.92,78.53,69.79140115,79.82124341,71.95241959,81.09,69.51596952,68.6,78.77,71.42854215,75.30344454
64.92,78.53,69.79140115,79.82124341,71.95241959,81.09,69.51596952,68.6,78.77,71.42854215,75.30344454,73.73533849
78.53,69.79140115,79.82124341,71.95241959,81.09,69.51596952,68.6,78.77,71.42854215,75.30344454,73.73533849,76.99
69.79140115,79.82124341,71.95241959,81.09,69.51596952,68.6,78.77,71.42854215,75.30344454,73.73533849,76.99,75.90854829
79.82124341,71.95241959,81.09,69.51596952,68.6,78.77,71.42854215,75.30344454,73.73533849,76.99,75.90854829,66.99
71.95241959,81.09,69.51596952,68.6,78.77,71.42854215,75.30344454,73.73533849,76.99,75.90854829,66.99,79.43
81.09,69.51596952,68.6,78.77,71.42854215,75.30344454,73.73533849,76.99,75.90854829,66.99,79.43,74.62107742
69.51596952,68.6,78.77,71.42854215,75.30344454,73.73533849,76.99,75.90854829,66.99,79.43,74.62107742,71.42709712
68.6,78.77,71.42854215,75.30344454,73.73533849,76.99,75.90854829,66.99,79.43,74.62107742,71.42709712,78.15776073
78.77,71.42854215,75.30344454,73.73533849,76.99,75.90854829,66.99,79.43,74.62107742,71.42709712,78.15776073,80.5
71.42854215,75.30344454,73.73533849,76.99,75.90854829,66.99,79.43,74.62107742,71.42709712,78.15776073,80.5,72.48379047
75.30344454,73.73533849,76.99,75.90854829,66.99,79.43,74.62107742,71.42709712,78.15776073,80.5,72.48379047,67.38
73.73533849,76.99,75.90854829,66.99,79.43,74.62107742,71.42709712,78.15776073,80.5,72.48379047,67.38,81.09
76.99,75.90854829,66.99,79.43,74.62107742,71.42709712,78.15776073,80.5,72.48379047,67.38,81.09,79.8040391
75.90854829,66.99,79.43,74.62107742,71.42709712,78.15776073,80.5,72.48379047,67.38,81.09,79.8040391,67.77244799
66.99,79.43,74.62107742,71.42709712,78.15776073,80.5,72.48379047,67.38,81.09,79.8040391,67.77244799,66.94705874
79.43,74.62107742,71.42709712,78.15776073,80.5,72.48379047,67.38,81.09,79.8040391,67.77244799,66.94705874,74.85
74.62107742,71.42709712,78.15776073,80.5,72.48379047,67.38,81.09,79.8040391,67.77244799,66.94705874,74.85,65.08320177
71.42709712,78.15776073,80.5,72.48379047,67.38,81.09,79.8040391,67.77244799,66.94705874,74.85,65.08320177,64.89
78.15776073,80.5,72.48379047,67.38,81.09,79.8040391,67.77244799,66.94705874,74.85,65.08320177,64.89,77.93
80.5,72.48379047,67.38,81.09,79.8040391,67.77244799,66.94705874,74.85,65.08320177,64.89,77.93,76.5112046
72.48379047,67.38,81.09,79.8040391,67.77244799,66.94705874,74.85,65.08320177,64.89,77.93,76.5112046,75.45749986
67.38,81.09,79.8040391,67.77244799,66.94705874,74.85,65.08320177,64.89,77.93,76.5112046,75.45749986,77.3837789
81.09,79.8040391,67.77244799,66.94705874,74.85,65.08320177,64.89,77.93,76.5112046,75.45749986,77.3837789,78.41
79.8040391,67.77244799,66.94705874,74.85,65.08320177,64.89,77.93,76.5112046,75.45749986,77.3837789,78.41,75.7021152
67.77244799,66.94705874,74.85,65.08320177,64.89,77.93,76.5112046,75.45749986,77.3837789,78.41,75.7021152,75.0
66.94705874,74.85,65.08320177,64.89,77.93,76.5112046,75.45749986,77.3837789,78.41,75.7021152,75.0,75.39
74.85,65.08320177,64.89,77.93,76.5112046,75.45749986,77.3837789,78.41,75.7021152,75.0,75.39,66.64678079
65.08320177,64.89,77.93,76.5112046,75.45749986,77.3837789,78.41,75.7021152,75.0,75.39,66.64678079,71.6533915
64.89,77.93,76.5112046,75.45749986,77.3837789,78.41,75.7021152,75.0,75.39,66.64678079,71.6533915,69.15895615
77.93,76.5112046,75.45749986,77.3837789,78.41,75.7021152,75.0,75.39,66.64678079,71.6533915,69.15895615,77.53
76.5112046,75.45749986,77.3837789,78.41,75.7021152,75.0,75.39,66.64678079,71.6533915,69.15895615,77.53,74.60443804
75.45749986,77.3837789,78.41,75.7021152,75.0,75.39,66.64678079,71.6533915,69.15895615,77.53,74.60443804,65.38
77.3837789,78.41,75.7021152,75.0,75.39,66.64678079,71.6533915,69.15895615,77.53,74.60443804,65.38,78.83
78.41,75.7021152,75.0,75.39,66.64678079,71.6533915,69.15895615,77.53,74.60443804,65.38,78.83,66.23673983
75.7021152,75.0,75.39,66.64678079,71.6533915,69.15895615,77.53,74.60443804,65.38,78.83,66.23673983,76.16260539
75.0,75.39,66.64678079,71.6533915,69.15895615,77.53,74.60443804,65.38,78.83,66.23673983,76.16260539,62.23188289
75.39,66.64678079,71.6533915,69.15895615,77.53,74.60443804,65.38,78.83,66.23673983,76.16260539,62.23188289,78.05
66.64678079,71.6533915,69.15895615,77.53,74.60443804,65.38,78.83,66.23673983,76.16260539,62.23188289,78.05,64.05810924
71.6533915,69.15895615,77.53,74.60443804,65.38,78.83,66.23673983,76.16260539,62.23188289,78.05,64.05810924,60.0
69.15895615,77.53,74.60443804,65.38,78.83,66.23673983,76.16260539,62.23188289,78.05,64.05810924,60.0,78.74
77.53,74.60443804,65.38,78.83,66.23673983,76.16260539,62.23188289,78.05,64.05810924,60.0,78.74,75.39780677
74.60443804,65.38,78.83,66.23673983,76.16260539,62.23188289,78.05,64.05810924,60.0,78.74,75.39780677,66.08900462
65.38,78.83,66.23673983,76.16260539,62.23188289,78.05,64.05810924,60.0,78.74,75.39780677,66.08900462,62.55299268
78.83,66.23673983,76.16260539,62.23188289,78.05,64.05810924,60.0,78.74,75.39780677,66.08900462,62.55299268,76.87
66.23673983,76.16260539,62.23188289,78.05,64.05810924,60.0,78.74,75.39780677,66.08900462,62.55299268,76.87,77.61696067
76.16260539,62.23188289,78.05,64.05810924,60.0,78.74,75.39780677,66.08900462,62.55299268,76.87,77.61696067,61.18
62.23188289,78.05,64.05810924,60.0,78.74,75.39780677,66.08900462,62.55299268,76.87,77.61696067,61.18,80.93
78.05,64.05810924,60.0,78.74,75.39780677,66.08900462,62.55299268,76.87,77.61696067,61.18,80.93,80.86399054
64.05810924,60.0,78.74,75.39780677,66.08900462,62.55299268,76.87,77.61696067,61.18,80.93,80.86399054,75.00636584
60.0,78.74,75.39780677,66.08900462,62.55299268,76.87,77.61696067,61.18,80.93,80.86399054,75.00636584,71.71728876
78.74,75.39780677,66.08900462,62.55299268,76.87,77.61696067,61.18,80.93,80.86399054,75.00636584,71.71728876,80.79
75.39780677,66.08900462,62.55299268,76.87,77.61696067,61.18,80.93,80.86399054,75.00636584,71.71728876,80.79,73.64852193
66.08900462,62.55299268,76.87,77.61696067,61.18,80.93,80.86399054,75.00636584,71.71728876,80.79,73.64852193,62.89
62.55299268,76.87,77.61696067,61.18,80.93,80.86399054,75.00636584,71.71728876,80.79,73.64852193,62.89,81.25
76.87,77.61696067,61.18,80.93,80.86399054,75.00636584,71.71728876,80.79,73.64852193,62.89,81.25,83.51391807
77.61696067,61.18,80.93,80.86399054,75.00636584,71.71728876,80.79,73.64852193,62.89,81.25,83.51391807,81.04396852
61.18,80.93,80.86399054,75.00636584,71.71728876,80.79,73.64852193,62.89,81.25,83.51391807,81.04396852,80.9880285
80.93,80.86399054,75.00636584,71.71728876,80.79,73.64852193,62.89,81.25,83.51391807,81.04396852,80.9880285,84.05
80.86399054,75.00636584,71.71728876,80.79,73.64852193,62.89,81.25,83.51391807,81.04396852,80.9880285,84.05,77.16534471
75.00636584,71.71728876,80.79,73.64852193,62.89,81.25,83.51391807,81.04396852,80.9880285,84.05,77.16534471,65.41
71.71728876,80.79,73.64852193,62.89,81.25,83.51391807,81.04396852,80.9880285,84.05,77.16534471,65.41,78.91
80.79,73.64852193,62.89,81.25,83.51391807,81.04396852,80.9880285,84.05,77.16534471,65.41,78.91,68.91115598
73.64852193,62.89,81.25,83.51391807,81.04396852,80.9880285,84.05,77.16534471,65.41,78.91,68.91115598,73.82924072
62.89,81.25,83.51391807,81.04396852,80.9880285,84.05,77.16534471,65.41,78.91,68.91115598,73.82924072,69.13175508
81.25,83.51391807,81.04396852,80.9880285,84.05,77.16534471,65.41,78.91,68.91115598,73.82924072,69.13175508,71.07
83.51391807,81.04396852,80.9880285,84.05,77.16534471,65.41,78.91,68.91115598,73.82924072,69.13175508,71.07,73.47270055
81.04396852,80.9880285,84.05,77.16534471,65.41,78.91,68.91115598,73.82924072,69.13175508,71.07,73.47270055,64.61
80.9880285,84.05,77.16534471,65.41,78.91,68.91115598,73.82924072,69.13175508,71.07,73.47270055,64.61,82.16
84.05,77.16534471,65.41,78.91,68.91115598,73.82924072,69.13175508,71.07,73.47270055,64.61,82.16,75.5421323
77.16534471,65.41,78.91,68.91115598,73.82924072,69.13175508,71.07,73.47270055,64.61,82.16,75.5421323,78.63370787
65.41,78.91,68.91115598,73.82924072,69.13175508,71.07,73.47270055,64.61,82.16,75.5421323,78.63370787,71.46264497
78.91,68.91115598,73.82924072,69.13175508,71.07,73.47270055,64.61,82.16,75.5421323,78.63370787,71.46264497,78.85
68.91115598,73.82924072,69.13175508,71.07,73.47270055,64.61,82.16,75.5421323,78.63370787,71.46264497,78.85,71.09464977
73.82924072,69.13175508,71.07,73.47270055,64.61,82.16,75.5421323,78.63370787,71.46264497,78.85,71.09464977,70.85
69.13175508,71.07,73.47270055,64.61,82.16,75.5421323,78.63370787,71.46264497,78.85,71.09464977,70.85,82.53
71.07,73.47270055,64.61,82.16,75.5421323,78.63370787,71.46264497,78.85,71.09464977,70.85,82.53,70.13190962
73.47270055,64.61,82.16,75.5421323,78.63370787,71.46264497,78.85,71.09464977,70.85,82.53,70.13190962,79.73012963
64.61,82.16,75.5421323,78.63370787,71.46264497,78.85,71.09464977,70.85,82.53,70.13190962,79.73012963,74.13589244
82.16,75.5421323,78.63370787,71.46264497,78.85,71.09464977,70.85,82.53,70.13190962,79.73012963,74.13589244,78.72
75.5421323,78.63370787,71.46264497,78.85,71.09464977,70.85,82.53,70.13190962,79.73012963,74.13589244,78.72,71.83292218
78.63370787,71.46264497,78.85,71.09464977,70.85,82.53,70.13190962,79.73012963,74.13589244,78.72,71.83292218,69.54
71.46264497,78.85,71.09464977,70.85,82.53,70.13190962,79.73012963,74.13589244,78.72,71.83292218,69.54,81.98
78.85,71.09464977,70.85,82.53,70.13190962,79.73012963,74.13589244,78.72,71.83292218,69.54,81.98,75.6658208
71.09464977,70.85,82.53,70.13190962,79.73012963,74.13589244,78.72,71.83292218,69.54,81.98,75.6658208,72.78002691
70.85,82.53,70.13190962,79.73012963,74.13589244,78.72,71.83292218,69.54,81.98,75.6658208,72.78002691,81.0541921
82.53,70.13190962,79.73012963,74.13589244,78.72,71.83292218,69.54,81.98,75.6658208,72.78002691,81.0541921,78.89
70.13190962,79.73012963,74.13589244,78.72,71.83292218,69.54,81.98,75.6658208,72.78002691,81.0541921,78.89,73.68523323
79.73012963,74.13589244,78.72,71.83292218,69.54,81.98,75.6658208,72.78002691,81.0541921,78.89,73.68523323,72.47
74.13589244,78.72,71.83292218,69.54,81.98,75.6658208,72.78002691,81.0541921,78.89,73.68523323,72.47,83.94
78.72,71.83292218,69.54,81.98,75.6658208,72.78002691,81.0541921,78.89,73.68523323,72.47,83.94,70.16901773
71.83292218,69.54,81.98,75.6658208,72.78002691,81.0541921,78.89,73.68523323,72.47,83.94,70.16901773,74.44864894
69.54,81.98,75.6658208,72.78002691,81.0541921,78.89,73.68523323,72.47,83.94,70.16901773,74.44864894,73.68490871
81.98,75.6658208,72.78002691,81.0541921,78.89,73.68523323,72.47,83.94,70.16901773,74.44864894,73.68490871,75.53
75.6658208,72.78002691,81.0541921,78.89,73.68523323,72.47,83.94,70.16901773,74.44864894,73.68490871,75.53,73.32751587
72.78002691,81.0541921,78.89,73.68523323,72.47,83.94,70.16901773,74.44864894,73.68490871,75.53,73.32751587,67.89
81.0541921,78.89,73.68523323,72.47,83.94,70.16901773,74.44864894,73.68490871,75.53,73.32751587,67.89,80.14
78.89,73.68523323,72.47,83.94,70.16901773,74.44864894,73.68490871,75.53,73.32751587,67.89,80.14,71.19142185
73.68523323,72.47,83.94,70.16901773,74.44864894,73.68490871,75.53,73.32751587,67.89,80.14,71.19142185,74.67761904
72.47,83.94,70.16901773,74.44864894,73.68490871,75.53,73.32751587,67.89,80.14,71.19142185,74.67761904,70.89228075
83.94,70.16901773,74.44864894,73.68490871,75.53,73.32751587,67.89,80.14,71.19142185,74.67761904,70.89228075,78.67
70.16901773,74.44864894,73.68490871,75.53,73.32751587,67.89,80.14,71.19142185,74.67761904,70.89228075,78.67,79.39740844
74.44864894,73.68490871,75.53,73.32751587,67.89,80.14,71.19142185,74.67761904,70.89228075,78.67,79.39740844,70.14
73.68490871,75.53,73.32751587,67.89,80.14,71.19142185,74.67761904,70.89228075,78.67,79.39740844,70.14,80.87
75.53,73.32751587,67.89,80.14,71.19142185,74.67761904,70.89228075,78.67,79.39740844,70.14,80.87,71.8029063
73.32751587,67.89,80.14,71.19142185,74.67761904,70.89228075,78.67,79.39740844,70.14,80.87,71.8029063,67.19736834
67.89,80.14,71.19142185,74.67761904,70.89228075,78.67,79.39740844,70.14,80.87,71.8029063,67.19736834,78.36091406
80.14,71.19142185,74.67761904,70.89228075,78.67,79.39740844,70.14,80.87,71.8029063,67.19736834,78.36091406,72.57
71.19142185,74.67761904,70.89228075,78.67,79.39740844,70.14,80.87,71.8029063,67.19736834,78.36091406,72.57,73.16039467
74.67761904,70.89228075,78.67,79.39740844,70.14,80.87,71.8029063,67.19736834,78.36091406,72.57,73.16039467,66.17
70.89228075,78.67,79.39740844,70.14,80.87,71.8029063,67.19736834,78.36091406,72.57,73.16039467,66.17,83.19
78.67,79.39740844,70.14,80.87,71.8029063,67.19736834,78.36091406,72.57,73.16039467,66.17,83.19,72.14761966
79.39740844,70.14,80.87,71.8029063,67.19736834,78.36091406,72.57,73.16039467,66.17,83.19,72.14761966,82.34090153
70.14,80.87,71.8029063,67.19736834,78.36091406,72.57,73.16039467,66.17,83.19,72.14761966,82.34090153,80.9606366
80.87,71.8029063,67.19736834,78.36091406,72.57,73.16039467,66.17,83.19,72.14761966,82.34090153,80.9606366,79.47
71.8029063,67.19736834,78.36091406,72.57,73.16039467,66.17,83.19,72.14761966,82.34090153,80.9606366,79.47,72.89202499
67.19736834,78.36091406,72.57,73.16039467,66.17,83.19,72.14761966,82.34090153,80.9606366,79.47,72.89202499,72.09
78.36091406,72.57,73.16039467,66.17,83.19,72.14761966,82.34090153,80.9606366,79.47,72.89202499,72.09,82.96
72.57,73.16039467,66.17,83.19,72.14761966,82.34090153,80.9606366,79.47,72.89202499,72.09,82.96,75.41560179
73.16039467,66.17,83.19,72.14761966,82.34090153,80.9606366,79.47,72.89202499,72.09,82.96,75.41560179,77.30193181
66.17,83.19,72.14761966,82.34090153,80.9606366,79.47,72.89202499,72.09,82.96,75.41560179,77.30193181,76.16938571
83.19,72.14761966,82.34090153,80.9606366,79.47,72.89202499,72.09,82.96,75.41560179,77.30193181,76.16938571,78.6
72.14761966,82.34090153,80.9606366,79.47,72.89202499,72.09,82.96,75.41560179,77.30193181,76.16938571,78.6,78.66933722
82.34090153,80.9606366,79.47,72.89202499,72.09,82.96,75.41560179,77.30193181,76.16938571,78.6,78.66933722,71.19
80.9606366,79.47,72.89202499,72.09,82.96,75.41560179,77.30193181,76.16938571,78.6,78.66933722,71.19,85.99
79.47,72.89202499,72.09,82.96,75.41560179,77.30193181,76.16938571,78.6,78.66933722,71.19,85.99,85.97814294
72.89202499,72.09,82.96,75.41560179,77.30193181,76.16938571,78.6,78.66933722,71.19,85.99,85.97814294,82.90258987
72.09,82.96,75.41560179,77.30193181,76.16938571,78.6,78.66933722,71.19,85.99,85.97814294,82.90258987,76.23432835
82.96,75.41560179,77.30193181,76.16938571,78.6,78.66933722,71.19,85.99,85.97814294,82.90258987,76.23432835,79.94
75.41560179,77.30193181,76.16938571,78.6,78.66933722,71.19,85.99,85.97814294,82.90258987,76.23432835,79.94,76.23015228
77.30193181,76.16938571,78.6,78.66933722,71.19,85.99,85.97814294,82.90258987,76.23432835,79.94,76.23015228,75.5
76.16938571,78.6,78.66933722,71.19,85.99,85.97814294,82.90258987,76.23432835,79.94,76.23015228,75.5,87.88
78.6,78.66933722,71.19,85.99,85.97814294,82.90258987,76.23432835,79.94,76.23015228,75.5,87.88,76.90609624
78.66933722,71.19,85.99,85.97814294,82.90258987,76.23432835,79.94,76.23015228,75.5,87.88,76.90609624,79.21556003
71.19,85.99,85.97814294,82.90258987,76.23432835,79.94,76.23015228,75.5,87.88,76.90609624,79.21556003,85.46325098
85.99,85.97814294,82.90258987,76.23432835,79.94,76.23015228,75.5,87.88,76.90609624,79.21556003,85.46325098,80.44
85.97814294,82.90258987,76.23432835,79.94,76.23015228,75.5,87.88,76.90609624,79.21556003,85.46325098,80.44,80.72184993
82.90258987,76.23432835,79.94,76.23015228,75.5,87.88,76.90609624,79.21556003,85.46325098,80.44,80.72184993,76.26
76.23432835,79.94,76.23015228,75.5,87.88,76.90609624,79.21556003,85.46325098,80.44,80.72184993,76.26,88.93
79.94,76.23015228,75.5,87.88,76.90609624,79.21556003,85.46325098,80.44,80.72184993,76.26,88.93,83.3347984
76.23015228,75.5,87.88,76.90609624,79.21556003,85.46325098,80.44,80.72184993,76.26,88.93,83.3347984,81.77896177
75.5,87.88,76.90609624,79.21556003,85.46325098,80.44,80.72184993,76.26,88.93,83.3347984,81.77896177,87.36908163
87.88,76.90609624,79.21556003,85.46325098,80.44,80.72184993,76.26,88.93,83.3347984,81.77896177,87.36908163,82.98
76.90609624,79.21556003,85.46325098,80.44,80.72184993,76.26,88.93,83.3347984,81.77896177,87.36908163,82.98,87.53424463
79.21556003,85.46325098,80.44,80.72184993,76.26,88.93,83.3347984,81.77896177,87.36908163,82.98,87.53424463,80.25
85.46325098,80.44,80.72184993,76.26,88.93,83.3347984,81.77896177,87.36908163,82.98,87.53424463,80.25,87.87
80.44,80.72184993,76.26,88.93,83.3347984,81.77896177,87.36908163,82.98,87.53424463,80.25,87.87,78.09980555
80.72184993,76.26,88.93,83.3347984,81.77896177,87.36908163,82.98,87.53424463,80.25,87.87,78.09980555,81.41446535
76.26,88.93,83.3347984,81.77896177,87.36908163,82.98,87.53424463,80.25,87.87,78.09980555,81.41446535,87.18580531
88.93,83.3347984,81.77896177,87.36908163,82.98,87.53424463,80.25,87.87,78.09980555,81.41446535,87.18580531,85.5
83.3347984,81.77896177,87.36908163,82.98,87.53424463,80.25,87.87,78.09980555,81.41446535,87.18580531,85.5,78.33288382
81.77896177,87.36908163,82.98,87.53424463,80.25,87.87,78.09980555,81.41446535,87.18580531,85.5,78.33288382,77.07
87.36908163,82.98,87.53424463,80.25,87.87,78.09980555,81.41446535,87.18580531,85.5,78.33288382,77.07,87.25
82.98,87.53424463,80.25,87.87,78.09980555,81.41446535,87.18580531,85.5,78.33288382,77.07,87.25,81.55743209
87.53424463,80.25,87.87,78.09980555,81.41446535,87.18580531,85.5,78.33288382,77.07,87.25,81.55743209,80.82574854
80.25,87.87,78.09980555,81.41446535,87.18580531,85.5,78.33288382,77.07,87.25,81.55743209,80.82574854,84.79311374
87.87,78.09980555,81.41446535,87.18580531,85.5,78.33288382,77.07,87.25,81.55743209,80.82574854,84.79311374,85.48
78.09980555,81.41446535,87.18580531,85.5,78.33288382,77.07,87.25,81.55743209,80.82574854,84.79311374,85.48,83.705481
81.41446535,87.18580531,85.5,78.33288382,77.07,87.25,81.55743209,80.82574854,84.79311374,85.48,83.705481,80.23
87.18580531,85.5,78.33288382,77.07,87.25,81.55743209,80.82574854,84.79311374,85.48,83.705481,80.23,88.24
85.5,78.33288382,77.07,87.25,81.55743209,80.82574854,84.79311374,85.48,83.705481,80.23,88.24,77.64370462
78.33288382,77.07,87.25,81.55743209,80.82574854,84.79311374,85.48,83.705481,80.23,88.24,77.64370462,87.93017572
77.07,87.25,81.55743209,80.82574854,84.79311374,85.48,83.705481,80.23,88.24,77.64370462,87.93017572,77.18549805
87.25,81.55743209,80.82574854,84.79311374,85.48,83.705481,80.23,88.24,77.64370462,87.93017572,77.18549805,77.63
81.55743209,80.82574854,84.79311374,85.48,83.705481,80.23,88.24,77.64370462,87.93017572,77.18549805,77.63,84.61448249
80.82574854,84.79311374,85.48,83.705481,80.23,88.24,77.64370462,87.93017572,77.18549805,77.63,84.61448249,77.18
84.79311374,85.48,83.705481,80.23,88.24,77.64370462,87.93017572,77.18549805,77.63,84.61448249,77.18,88.82
85.48,83.705481,80.23,88.24,77.64370462,87.93017572,77.18549805,77.63,84.61448249,77.18,88.82,88.50639642
83.705481,80.23,88.24,77.64370462,87.93017572,77.18549805,77.63,84.61448249,77.18,88.82,88.50639642,84.71235255
80.23,88.24,77.64370462,87.93017572,77.18549805,77.63,84.61448249,77.18,88.82,88.50639642,84.71235255,82.69009162
88.24,77.64370462,87.93017572,77.18549805,77.63,84.61448249,77.18,88.82,88.50639642,84.71235255,82.69009162,79.36
77.64370462,87.93017572,77.18549805,77.63,84.61448249,77.18,88.82,88.50639642,84.71235255,82.69009162,79.36,83.08652866
87.93017572,77.18549805,77.63,84.61448249,77.18,88.82,88.50639642,84.71235255,82.69009162,79.36,83.08652866,77.26
77.18549805,77.63,84.61448249,77.18,88.82,88.50639642,84.71235255,82.69009162,79.36,83.08652866,77.26,87.81
77.63,84.61448249,77.18,88.82,88.50639642,84.71235255,82.69009162,79.36,83.08652866,77.26,87.81,87.40590956
84.61448249,77.18,88.82,88.50639642,84.71235255,82.69009162,79.36,83.08652866,77.26,87.81,87.40590956,80.72083779
77.18,88.82,88.50639642,84.71235255,82.69009162,79.36,83.08652866,77.26,87.81,87.40590956,80.72083779,87.03541462
88.82,88.50639642,84.71235255,82.69009162,79.36,83.08652866,77.26,87.81,87.40590956,80.72083779,87.03541462,83.69
88.50639642,84.71235255,82.69009162,79.36,83.08652866,77.26,87.81,87.40590956,80.72083779,87.03541462,83.69,85.2488726
84.71235255,82.69009162,79.36,83.08652866,77.26,87.81,87.40590956,80.72083779,87.03541462,83.69,85.2488726,78.23
82.69009162,79.36,83.08652866,77.26,87.81,87.40590956,80.72083779,87.03541462,83.69,85.2488726,78.23,88.15
79.36,83.08652866,77.26,87.81,87.40590956,80.72083779,87.03541462,83.69,85.2488726,78.23,88.15,85.98004136
83.08652866,77.26,87.81,87.40590956,80.72083779,87.03541462,83.69,85.2488726,78.23,88.15,85.98004136,88.03327573
77.26,87.81,87.40590956,80.72083779,87.03541462,83.69,85.2488726,78.23,88.15,85.98004136,88.03327573,83.85711662
87.81,87.40590956,80.72083779,87.03541462,83.69,85.2488726,78.23,88.15,85.98004136,88.03327573,83.85711662,80.63
87.40590956,80.72083779,87.03541462,83.69,85.2488726,78.23,88.15,85.98004136,88.03327573,83.85711662,80.63,80.22706408
80.72083779,87.03541462,83.69,85.2488726,78.23,88.15,85.98004136,88.03327573,83.85711662,80.63,80.22706408,78.1
87.03541462,83.69,85.2488726,78.23,88.15,85.98004136,88.03327573,83.85711662,80.63,80.22706408,78.1,87.72
83.69,85.2488726,78.23,88.15,85.98004136,88.03327573,83.85711662,80.63,80.22706408,78.1,87.72,79.95373376
85.2488726,78.23,88.15,85.98004136,88.03327573,83.85711662,80.63,80.22706408,78.1,87.72,79.95373376,81.48445054
78.23,88.15,85.98004136,88.03327573,83.85711662,80.63,80.22706408,78.1,87.72,79.95373376,81.48445054,83.55734932
88.15,85.98004136,88.03327573,83.85711662,80.63,80.22706408,78.1,87.72,79.95373376,81.48445054,83.55734932,82.8
85.98004136,88.03327573,83.85711662,80.63,80.22706408,78.1,87.72,79.95373376,81.48445054,83.55734932,82.8,79.93837998
88.03327573,83.85711662,80.63,80.22706408,78.1,87.72,79.95373376,81.48445054,83.55734932,82.8,79.93837998,79.29
83.85711662,80.63,80.22706408,78.1,87.72,79.95373376,81.48445054,83.55734932,82.8,79.93837998,79.29,88.58
80.63,80.22706408,78.1,87.72,79.95373376,81.48445054,83.55734932,82.8,79.93837998,79.29,88.58,83.60086602
80.22706408,78.1,87.72,79.95373376,81.48445054,83.55734932,82.8,79.93837998,79.29,88.58,83.60086602,77.19300729
78.1,87.72,79.95373376,81.48445054,83.55734932,82.8,79.93837998,79.29,88.58,83.60086602,77.19300729,80.42890691
87.72,79.95373376,81.48445054,83.55734932,82.8,79.93837998,79.29,88.58,83.60086602,77.19300729,80.42890691,81.27
79.95373376,81.48445054,83.55734932,82.8,79.93837998,79.29,88.58,83.60086602,77.19300729,80.42890691,81.27,79.82609055
81.48445054,83.55734932,82.8,79.93837998,79.29,88.58,83.60086602,77.19300729,80.42890691,81.27,79.82609055,75.0
83.55734932,82.8,79.93837998,79.29,88.58,83.60086602,77.19300729,80.42890691,81.27,79.82609055,75.0,89.15
82.8,79.93837998,79.29,88.58,83.60086602,77.19300729,80.42890691,81.27,79.82609055,75.0,89.15,82.91049516
79.93837998,79.29,88.58,83.60086602,77.19300729,80.42890691,81.27,79.82609055,75.0,89.15,82.91049516,88.85153643
79.29,88.58,83.60086602,77.19300729,80.42890691,81.27,79.82609055,75.0,89.15,82.91049516,88.85153643,84.95091385
88.58,83.60086602,77.19300729,80.42890691,81.27,79.82609055,75.0,89.15,82.91049516,88.85153643,84.95091385,81.39
83.60086602,77.19300729,80.42890691,81.27,79.82609055,75.0,89.15,82.91049516,88.85153643,84.95091385,81.39,88.97169518
77.19300729,80.42890691,81.27,79.82609055,75.0,89.15,82.91049516,88.85153643,84.95091385,81.39,88.97169518,81.27
80.42890691,81.27,79.82609055,75.0,89.15,82.91049516,88.85153643,84.95091385,81.39,88.97169518,81.27,89.68
81.27,79.82609055,75.0,89.15,82.91049516,88.85153643,84.95091385,81.39,88.97169518,81.27,89.68,80.91351384
79.82609055,75.0,89.15,82.91049516,88.85153643,84.95091385,81.39,88.97169518,81.27,89.68,80.91351384,84.45580088
75.0,89.15,82.91049516,88.85153643,84.95091385,81.39,88.97169518,81.27,89.68,80.91351384,84.45580088,82.05384116
89.15,82.91049516,88.85153643,84.95091385,81.39,88.97169518,81.27,89.68,80.91351384,84.45580088,82.05384116,82.34
82.91049516,88.85153643,84.95091385,81.39,88.97169518,81.27,89.68,80.91351384,84.45580088,82.05384116,82.34,81.4864782
88.85153643,84.95091385,81.39,88.97169518,81.27,89.68,80.91351384,84.45580088,82.05384116,82.34,81.4864782,78.88
84.95091385,81.39,88.97169518,81.27,89.68,80.91351384,84.45580088,82.05384116,82.34,81.4864782,78.88,91.32
81.39,88.97169518,81.27,89.68,80.91351384,84.45580088,82.05384116,82.34,81.4864782,78.88,91.32,88.2581517
88.97169518,81.27,89.68,80.91351384,84.45580088,82.05384116,82.34,81.4864782,78.88,91.32,88.2581517,80.86760549
81.27,89.68,80.91351384,84.45580088,82.05384116,82.34,81.4864782,78.88,91.32,88.2581517,80.86760549,89.95953359
89.68,80.91351384,84.45580088,82.05384116,82.34,81.4864782,78.88,91.32,88.2581517,80.86760549,89.95953359,86.17
80.91351384,84.45580088,82.05384116,82.34,81.4864782,78.88,91.32,88.2581517,80.86760549,89.95953359,86.17,82.90503024
84.45580088,82.05384116,82.34,81.4864782,78.88,91.32,88.2581517,80.86760549,89.95953359,86.17,82.90503024,80.64
82.05384116,82.34,81.4864782,78.88,91.32,88.2581517,80.86760549,89.95953359,86.17,82.90503024,80.64,91.78
82.34,81.4864782,78.88,91.32,88.2581517,80.86760549,89.95953359,86.17,82.90503024,80.64,91.78,88.8312675
81.4864782,78.88,91.32,88.2581517,80.86760549,89.95953359,86.17,82.90503024,80.64,91.78,88.8312675,82.17328503
78.88,91.32,88.2581517,80.86760549,89.95953359,86.17,82.90503024,80.64,91.78,88.8312675,82.17328503,82.16387674
91.32,88.2581517,80.86760549,89.95953359,86.17,82.90503024,80.64,91.78,88.8312675,82.17328503,82.16387674,85.68
88.2581517,80.86760549,89.95953359,86.17,82.90503024,80.64,91.78,88.8312675,82.17328503,82.16387674,85.68,81.38951504
