TNVt-12,TNVt-11,TNVt-10,TNVt-9,TNVt-8,TNVt-7,TNVt-6,TNVt-5,TNVt-4,TNVt-3,TNVt-2,TNVt-1
,,,,,,,,,,,
,,,,,,,,,,,5.1736
,,,,,,,,,,5.1736,5.3296
,,,,,,,,,5.1736,5.3296,4.821357471
,,,,,,,,5.1736,5.3296,4.821357471,4.7309
,,,,,,,5.1736,5.3296,4.821357471,4.7309,4.7021
,,,,,,5.1736,5.3296,4.821357471,4.7309,4.7021,5.088372336
,,,,,5.1736,5.3296,4.821357471,4.7309,4.7021,5.088372336,5.2037
,,,,5.1736,5.3296,4.821357471,4.7309,4.7021,5.088372336,5.2037,5.4117
,,,5.1736,5.3296,4.821357471,4.7309,4.7021,5.088372336,5.2037,5.4117,5.7817
,,5.1736,5.3296,4.821357471,4.7309,4.7021,5.088372336,5.2037,5.4117,5.7817,5.634768618
,5.1736,5.3296,4.821357471,4.7309,4.7021,5.088372336,5.2037,5.4117,5.7817,5.634768618,4.4776
5.1736,5.3296,4.821357471,4.7309,4.7021,5.088372336,5.2037,5.4117,5.7817,5.634768618,4.4776,4.9656
5.3296,4.821357471,4.7309,4.7021,5.088372336,5.2037,5.4117,5.7817,5.634768618,4.4776,4.9656,4.955132175
4.821357471,4.7309,4.7021,5.088372336,5.2037,5.4117,5.7817,5.634768618,4.4776,4.9656,4.955132175,5.4128
4.7309,4.7021,5.088372336,5.2037,5.4117,5.7817,5.634768618,4.4776,4.9656,4.955132175,5.4128,5.4101
4.7021,5.088372336,5.2037,5.4117,5.7817,5.634768618,4.4776,4.9656,4.955132175,5.4128,5.4101,5.7889
5.088372336,5.2037,5.4117,5.7817,5.634768618,4.4776,4.9656,4.955132175,5.4128,5.4101,5.7889,5.532555144
5.2037,5.4117,5.7817,5.634768618,4.4776,4.9656,4.955132175,5.4128,5.4101,5.7889,5.532555144,4.5356
5.4117,5.7817,5.634768618,4.4776,4.9656,4.955132175,5.4128,5.4101,5.7889,5.532555144,4.5356,4.9719
5.7817,5.634768618,4.4776,4.9656,4.955132175,5.4128,5.4101,5.7889,5.532555144,4.5356,4.9719,5.076654649
5.634768618,4.4776,4.9656,4.955132175,5.4128,5.4101,5.7889,5.532555144,4.5356,4.9719,5.076654649,5.3544
4.4776,4.9656,4.955132175,5.4128,5.4101,5.7889,5.532555144,4.5356,4.9719,5.076654649,5.3544,5.4295
4.9656,4.955132175,5.4128,5.4101,5.7889,5.532555144,4.5356,4.9719,5.076654649,5.3544,5.4295,5.7831
4.955132175,5.4128,5.4101,5.7889,5.532555144,4.5356,4.9719,5.076654649,5.3544,5.4295,5.7831,4.688369668
5.4128,5.4101,5.7889,5.532555144,4.5356,4.9719,5.076654649,5.3544,5.4295,5.7831,4.688369668,4.6071
5.4101,5.7889,5.532555144,4.5356,4.9719,5.076654649,5.3544,5.4295,5.7831,4.688369668,4.6071,4.9736
5.7889,5.532555144,4.5356,4.9719,5.076654649,5.3544,5.4295,5.7831,4.688369668,4.6071,4.9736,5.46352579
5.532555144,4.5356,4.9719,5.076654649,5.3544,5.4295,5.7831,4.688369668,4.6071,4.9736,5.46352579,5.3934
4.5356,4.9719,5.076654649,5.3544,5.4295,5.7831,4.688369668,4.6071,4.9736,5.46352579,5.3934,5.4067
4.9719,5.076654649,5.3544,5.4295,5.7831,4.688369668,4.6071,4.9736,5.46352579,5.3934,5.4067,5.8057
5.076654649,5.3544,5.4295,5.7831,4.688369668,4.6071,4.9736,5.46352579,5.3934,5.4067,5.8057,5.465087801
5.3544,5.4295,5.7831,4.688369668,4.6071,4.9736,5.46352579,5.3934,5.4067,5.8057,5.465087801,4.597
5.4295,5.7831,4.688369668,4.6071,4.9736,5.46352579,5.3934,5.4067,5.8057,5.465087801,4.597,5.123
5.7831,4.688369668,4.6071,4.9736,5.46352579,5.3934,5.4067,5.8057,5.465087801,4.597,5.123,4.819852715
4.688369668,4.6071,4.9736,5.46352579,5.3934,5.4067,5.8057,5.465087801,4.597,5.123,4.819852715,5.3446
4.6071,4.9736,5.46352579,5.3934,5.4067,5.8057,5.465087801,4.597,5.123,4.819852715,5.3446,5.3638
4.9736,5.46352579,5.3934,5.4067,5.8057,5.465087801,4.597,5.123,4.819852715,5.3446,5.3638,5.7608
5.46352579,5.3934,5.4067,5.8057,5.465087801,4.597,5.123,4.819852715,5.3446,5.3638,5.7608,5.573630293
5.3934,5.4067,5.8057,5.465087801,4.597,5.123,4.819852715,5.3446,5.3638,5.7608,5.573630293,4.5234
5.4067,5.8057,5.465087801,4.597,5.123,4.819852715,5.3446,5.3638,5.7608,5.573630293,4.5234,5.0924
5.8057,5.465087801,4.597,5.123,4.819852715,5.3446,5.3638,5.7608,5.573630293,4.5234,5.0924,4.976050829
5.465087801,4.597,5.123,4.819852715,5.3446,5.3638,5.7608,5.573630293,4.5234,5.0924,4.976050829,5.325
4.597,5.123,4.819852715,5.3446,5.3638,5.7608,5.573630293,4.5234,5.0924,4.976050829,5.325,5.2784
5.123,4.819852715,5.3446,5.3638,5.7608,5.573630293,4.5234,5.0924,4.976050829,5.325,5.2784,5.7168
4.819852715,5.3446,5.3638,5.7608,5.573630293,4.5234,5.0924,4.976050829,5.325,5.2784,5.7168,4.50943181
5.3446,5.3638,5.7608,5.573630293,4.5234,5.0924,4.976050829,5.325,5.2784,5.7168,4.50943181,4.4524
5.3638,5.7608,5.573630293,4.5234,5.0924,4.976050829,5.325,5.2784,5.7168,4.50943181,4.4524,4.9992
5.7608,5.573630293,4.5234,5.0924,4.976050829,5.325,5.2784,5.7168,4.50943181,4.4524,4.9992,5.045133057
5.573630293,4.5234,5.0924,4.976050829,5.325,5.2784,5.7168,4.50943181,4.4524,4.9992,5.045133057,5.2383
4.5234,5.0924,4.976050829,5.325,5.2784,5.7168,4.50943181,4.4524,4.9992,5.045133057,5.2383,5.158
5.0924,4.976050829,5.325,5.2784,5.7168,4.50943181,4.4524,4.9992,5.045133057,5.2383,5.158,5.656
4.976050829,5.325,5.2784,5.7168,4.50943181,4.4524,4.9992,5.045133057,5.2383,5.158,5.656,5.519218326
5.325,5.2784,5.7168,4.50943181,4.4524,4.9992,5.045133057,5.2383,5.158,5.656,5.519218326,4.3451
5.2784,5.7168,4.50943181,4.4524,4.9992,5.045133057,5.2383,5.158,5.656,5.519218326,4.3451,4.8826
5.7168,4.50943181,4.4524,4.9992,5.045133057,5.2383,5.158,5.656,5.519218326,4.3451,4.8826,4.871431571
4.50943181,4.4524,4.9992,5.045133057,5.2383,5.158,5.656,5.519218326,4.3451,4.8826,4.871431571,5.1276
4.4524,4.9992,5.045133057,5.2383,5.158,5.656,5.519218326,4.3451,4.8826,4.871431571,5.1276,5.0549
4.9992,5.045133057,5.2383,5.158,5.656,5.519218326,4.3451,4.8826,4.871431571,5.1276,5.0549,5.5284
5.045133057,5.2383,5.158,5.656,5.519218326,4.3451,4.8826,4.871431571,5.1276,5.0549,5.5284,4.798965365
5.2383,5.158,5.656,5.519218326,4.3451,4.8826,4.871431571,5.1276,5.0549,5.5284,4.798965365,4.2142
5.158,5.656,5.519218326,4.3451,4.8826,4.871431571,5.1276,5.0549,5.5284,4.798965365,4.2142,4.659
5.656,5.519218326,4.3451,4.8826,4.871431571,5.1276,5.0549,5.5284,4.798965365,4.2142,4.659,4.737916276
5.519218326,4.3451,4.8826,4.871431571,5.1276,5.0549,5.5284,4.798965365,4.2142,4.659,4.737916276,4.9907
4.3451,4.8826,4.871431571,5.1276,5.0549,5.5284,4.798965365,4.2142,4.659,4.737916276,4.9907,5.1842
4.8826,4.871431571,5.1276,5.0549,5.5284,4.798965365,4.2142,4.659,4.737916276,4.9907,5.1842,5.5636
4.871431571,5.1276,5.0549,5.5284,4.798965365,4.2142,4.659,4.737916276,4.9907,5.1842,5.5636,5.012016837
5.1276,5.0549,5.5284,4.798965365,4.2142,4.659,4.737916276,4.9907,5.1842,5.5636,5.012016837,4.3501
5.0549,5.5284,4.798965365,4.2142,4.659,4.737916276,4.9907,5.1842,5.5636,5.012016837,4.3501,4.8
5.5284,4.798965365,4.2142,4.659,4.737916276,4.9907,5.1842,5.5636,5.012016837,4.3501,4.8,5.383339904
4.798965365,4.2142,4.659,4.737916276,4.9907,5.1842,5.5636,5.012016837,4.3501,4.8,5.383339904,5.0934
4.2142,4.659,4.737916276,4.9907,5.1842,5.5636,5.012016837,4.3501,4.8,5.383339904,5.0934,5.2913
4.659,4.737916276,4.9907,5.1842,5.5636,5.012016837,4.3501,4.8,5.383339904,5.0934,5.2913,5.609
4.737916276,4.9907,5.1842,5.5636,5.012016837,4.3501,4.8,5.383339904,5.0934,5.2913,5.609,4.47973431
4.9907,5.1842,5.5636,5.012016837,4.3501,4.8,5.383339904,5.0934,5.2913,5.609,4.47973431,4.4433
5.1842,5.5636,5.012016837,4.3501,4.8,5.383339904,5.0934,5.2913,5.609,4.47973431,4.4433,4.9865
5.5636,5.012016837,4.3501,4.8,5.383339904,5.0934,5.2913,5.609,4.47973431,4.4433,4.9865,5.516841334
5.012016837,4.3501,4.8,5.383339904,5.0934,5.2913,5.609,4.47973431,4.4433,4.9865,5.516841334,5.1687
4.3501,4.8,5.383339904,5.0934,5.2913,5.609,4.47973431,4.4433,4.9865,5.516841334,5.1687,5.2993
4.8,5.383339904,5.0934,5.2913,5.609,4.47973431,4.4433,4.9865,5.516841334,5.1687,5.2993,5.5923
5.383339904,5.0934,5.2913,5.609,4.47973431,4.4433,4.9865,5.516841334,5.1687,5.2993,5.5923,5.214636191
5.0934,5.2913,5.609,4.47973431,4.4433,4.9865,5.516841334,5.1687,5.2993,5.5923,5.214636191,4.4842
5.2913,5.609,4.47973431,4.4433,4.9865,5.516841334,5.1687,5.2993,5.5923,5.214636191,4.4842,5.0088
5.609,4.47973431,4.4433,4.9865,5.516841334,5.1687,5.2993,5.5923,5.214636191,4.4842,5.0088,5.233428146
4.47973431,4.4433,4.9865,5.516841334,5.1687,5.2993,5.5923,5.214636191,4.4842,5.0088,5.233428146,5.1334
4.4433,4.9865,5.516841334,5.1687,5.2993,5.5923,5.214636191,4.4842,5.0088,5.233428146,5.1334,5.3027
4.9865,5.516841334,5.1687,5.2993,5.5923,5.214636191,4.4842,5.0088,5.233428146,5.1334,5.3027,5.6564
5.516841334,5.1687,5.2993,5.5923,5.214636191,4.4842,5.0088,5.233428146,5.1334,5.3027,5.6564,5.060135194
5.1687,5.2993,5.5923,5.214636191,4.4842,5.0088,5.233428146,5.1334,5.3027,5.6564,5.060135194,4.4528
5.2993,5.5923,5.214636191,4.4842,5.0088,5.233428146,5.1334,5.3027,5.6564,5.060135194,4.4528,5.0248
5.5923,5.214636191,4.4842,5.0088,5.233428146,5.1334,5.3027,5.6564,5.060135194,4.4528,5.0248,5.50776666
5.214636191,4.4842,5.0088,5.233428146,5.1334,5.3027,5.6564,5.060135194,4.4528,5.0248,5.50776666,5.1768
4.4842,5.0088,5.233428146,5.1334,5.3027,5.6564,5.060135194,4.4528,5.0248,5.50776666,5.1768,5.3277
5.0088,5.233428146,5.1334,5.3027,5.6564,5.060135194,4.4528,5.0248,5.50776666,5.1768,5.3277,5.6094
5.233428146,5.1334,5.3027,5.6564,5.060135194,4.4528,5.0248,5.50776666,5.1768,5.3277,5.6094,5.033019948
5.1334,5.3027,5.6564,5.060135194,4.4528,5.0248,5.50776666,5.1768,5.3277,5.6094,5.033019948,4.4546
5.3027,5.6564,5.060135194,4.4528,5.0248,5.50776666,5.1768,5.3277,5.6094,5.033019948,4.4546,5.0265
5.6564,5.060135194,4.4528,5.0248,5.50776666,5.1768,5.3277,5.6094,5.033019948,4.4546,5.0265,5.567644352
5.060135194,4.4528,5.0248,5.50776666,5.1768,5.3277,5.6094,5.033019948,4.4546,5.0265,5.567644352,5.1753
4.4528,5.0248,5.50776666,5.1768,5.3277,5.6094,5.033019948,4.4546,5.0265,5.567644352,5.1753,5.2712
5.0248,5.50776666,5.1768,5.3277,5.6094,5.033019948,4.4546,5.0265,5.567644352,5.1753,5.2712,5.5401
5.50776666,5.1768,5.3277,5.6094,5.033019948,4.4546,5.0265,5.567644352,5.1753,5.2712,5.5401,5.421181269
5.1768,5.3277,5.6094,5.033019948,4.4546,5.0265,5.567644352,5.1753,5.2712,5.5401,5.421181269,4.3631
5.3277,5.6094,5.033019948,4.4546,5.0265,5.567644352,5.1753,5.2712,5.5401,5.421181269,4.3631,4.9407
5.6094,5.033019948,4.4546,5.0265,5.567644352,5.1753,5.2712,5.5401,5.421181269,4.3631,4.9407,4.643787335
5.033019948,4.4546,5.0265,5.567644352,5.1753,5.2712,5.5401,5.421181269,4.3631,4.9407,4.643787335,5.113
4.4546,5.0265,5.567644352,5.1753,5.2712,5.5401,5.421181269,4.3631,4.9407,4.643787335,5.113,5.3625
5.0265,5.567644352,5.1753,5.2712,5.5401,5.421181269,4.3631,4.9407,4.643787335,5.113,5.3625,5.6354
5.567644352,5.1753,5.2712,5.5401,5.421181269,4.3631,4.9407,4.643787335,5.113,5.3625,5.6354,5.335991418
5.1753,5.2712,5.5401,5.421181269,4.3631,4.9407,4.643787335,5.113,5.3625,5.6354,5.335991418,4.4367
5.2712,5.5401,5.421181269,4.3631,4.9407,4.643787335,5.113,5.3625,5.6354,5.335991418,4.4367,5.0418
5.5401,5.421181269,4.3631,4.9407,4.643787335,5.113,5.3625,5.6354,5.335991418,4.4367,5.0418,4.765275369
5.421181269,4.3631,4.9407,4.643787335,5.113,5.3625,5.6354,5.335991418,4.4367,5.0418,4.765275369,5.1767
4.3631,4.9407,4.643787335,5.113,5.3625,5.6354,5.335991418,4.4367,5.0418,4.765275369,5.1767,5.4431
4.9407,4.643787335,5.113,5.3625,5.6354,5.335991418,4.4367,5.0418,4.765275369,5.1767,5.4431,5.6448
4.643787335,5.113,5.3625,5.6354,5.335991418,4.4367,5.0418,4.765275369,5.1767,5.4431,5.6448,5.400783251
5.113,5.3625,5.6354,5.335991418,4.4367,5.0418,4.765275369,5.1767,5.4431,5.6448,5.400783251,4.4835
5.3625,5.6354,5.335991418,4.4367,5.0418,4.765275369,5.1767,5.4431,5.6448,5.400783251,4.4835,4.9198
5.6354,5.335991418,4.4367,5.0418,4.765275369,5.1767,5.4431,5.6448,5.400783251,4.4835,4.9198,4.795240493
5.335991418,4.4367,5.0418,4.765275369,5.1767,5.4431,5.6448,5.400783251,4.4835,4.9198,4.795240493,5.2654
4.4367,5.0418,4.765275369,5.1767,5.4431,5.6448,5.400783251,4.4835,4.9198,4.795240493,5.2654,5.4837
5.0418,4.765275369,5.1767,5.4431,5.6448,5.400783251,4.4835,4.9198,4.795240493,5.2654,5.4837,5.677
4.765275369,5.1767,5.4431,5.6448,5.400783251,4.4835,4.9198,4.795240493,5.2654,5.4837,5.677,4.844203073
5.1767,5.4431,5.6448,5.400783251,4.4835,4.9198,4.795240493,5.2654,5.4837,5.677,4.844203073,4.5145
5.4431,5.6448,5.400783251,4.4835,4.9198,4.795240493,5.2654,5.4837,5.677,4.844203073,4.5145,4.9456
5.6448,5.400783251,4.4835,4.9198,4.795240493,5.2654,5.4837,5.677,4.844203073,4.5145,4.9456,5.033197032
5.400783251,4.4835,4.9198,4.795240493,5.2654,5.4837,5.677,4.844203073,4.5145,4.9456,5.033197032,5.2616
4.4835,4.9198,4.795240493,5.2654,5.4837,5.677,4.844203073,4.5145,4.9456,5.033197032,5.2616,5.5263
4.9198,4.795240493,5.2654,5.4837,5.677,4.844203073,4.5145,4.9456,5.033197032,5.2616,5.5263,5.7402
4.795240493,5.2654,5.4837,5.677,4.844203073,4.5145,4.9456,5.033197032,5.2616,5.5263,5.7402,5.333325954
5.2654,5.4837,5.677,4.844203073,4.5145,4.9456,5.033197032,5.2616,5.5263,5.7402,5.333325954,4.5573
5.4837,5.677,4.844203073,4.5145,4.9456,5.033197032,5.2616,5.5263,5.7402,5.333325954,4.5573,4.9387
5.677,4.844203073,4.5145,4.9456,5.033197032,5.2616,5.5263,5.7402,5.333325954,4.5573,4.9387,5.189749746
4.844203073,4.5145,4.9456,5.033197032,5.2616,5.5263,5.7402,5.333325954,4.5573,4.9387,5.189749746,5.3118
4.5145,4.9456,5.033197032,5.2616,5.5263,5.7402,5.333325954,4.5573,4.9387,5.189749746,5.3118,5.6782
4.9456,5.033197032,5.2616,5.5263,5.7402,5.333325954,4.5573,4.9387,5.189749746,5.3118,5.6782,5.9421
5.033197032,5.2616,5.5263,5.7402,5.333325954,4.5573,4.9387,5.189749746,5.3118,5.6782,5.9421,5.476684812
5.2616,5.5263,5.7402,5.333325954,4.5573,4.9387,5.189749746,5.3118,5.6782,5.9421,5.476684812,4.6638
5.5263,5.7402,5.333325954,4.5573,4.9387,5.189749746,5.3118,5.6782,5.9421,5.476684812,4.6638,5.0898
5.7402,5.333325954,4.5573,4.9387,5.189749746,5.3118,5.6782,5.9421,5.476684812,4.6638,5.0898,4.874262964
5.333325954,4.5573,4.9387,5.189749746,5.3118,5.6782,5.9421,5.476684812,4.6638,5.0898,4.874262964,5.4467
4.5573,4.9387,5.189749746,5.3118,5.6782,5.9421,5.476684812,4.6638,5.0898,4.874262964,5.4467,5.783
4.9387,5.189749746,5.3118,5.6782,5.9421,5.476684812,4.6638,5.0898,4.874262964,5.4467,5.783,6.0566
5.189749746,5.3118,5.6782,5.9421,5.476684812,4.6638,5.0898,4.874262964,5.4467,5.783,6.0566,5.355556728
5.3118,5.6782,5.9421,5.476684812,4.6638,5.0898,4.874262964,5.4467,5.783,6.0566,5.355556728,4.715
5.6782,5.9421,5.476684812,4.6638,5.0898,4.874262964,5.4467,5.783,6.0566,5.355556728,4.715,5.2019
5.9421,5.476684812,4.6638,5.0898,4.874262964,5.4467,5.783,6.0566,5.355556728,4.715,5.2019,5.860072786
5.476684812,4.6638,5.0898,4.874262964,5.4467,5.783,6.0566,5.355556728,4.715,5.2019,5.860072786,5.5732
4.6638,5.0898,4.874262964,5.4467,5.783,6.0566,5.355556728,4.715,5.2019,5.860072786,5.5732,5.8837
5.0898,4.874262964,5.4467,5.783,6.0566,5.355556728,4.715,5.2019,5.860072786,5.5732,5.8837,6.2079
4.874262964,5.4467,5.783,6.0566,5.355556728,4.715,5.2019,5.860072786,5.5732,5.8837,6.2079,5.656850714
5.4467,5.783,6.0566,5.355556728,4.715,5.2019,5.860072786,5.5732,5.8837,6.2079,5.656850714,4.7729
5.783,6.0566,5.355556728,4.715,5.2019,5.860072786,5.5732,5.8837,6.2079,5.656850714,4.7729,5.2537
6.0566,5.355556728,4.715,5.2019,5.860072786,5.5732,5.8837,6.2079,5.656850714,4.7729,5.2537,5.972443718
5.355556728,4.715,5.2019,5.860072786,5.5732,5.8837,6.2079,5.656850714,4.7729,5.2537,5.972443718,5.6689
4.715,5.2019,5.860072786,5.5732,5.8837,6.2079,5.656850714,4.7729,5.2537,5.972443718,5.6689,6.0025
5.2019,5.860072786,5.5732,5.8837,6.2079,5.656850714,4.7729,5.2537,5.972443718,5.6689,6.0025,6.3224
5.860072786,5.5732,5.8837,6.2079,5.656850714,4.7729,5.2537,5.972443718,5.6689,6.0025,6.3224,5.627340893
5.5732,5.8837,6.2079,5.656850714,4.7729,5.2537,5.972443718,5.6689,6.0025,6.3224,5.627340893,4.9332
5.8837,6.2079,5.656850714,4.7729,5.2537,5.972443718,5.6689,6.0025,6.3224,5.627340893,4.9332,5.2806
6.2079,5.656850714,4.7729,5.2537,5.972443718,5.6689,6.0025,6.3224,5.627340893,4.9332,5.2806,5.490263731
5.656850714,4.7729,5.2537,5.972443718,5.6689,6.0025,6.3224,5.627340893,4.9332,5.2806,5.490263731,5.7356
4.7729,5.2537,5.972443718,5.6689,6.0025,6.3224,5.627340893,4.9332,5.2806,5.490263731,5.7356,6.0659
5.2537,5.972443718,5.6689,6.0025,6.3224,5.627340893,4.9332,5.2806,5.490263731,5.7356,6.0659,6.4547
5.972443718,5.6689,6.0025,6.3224,5.627340893,4.9332,5.2806,5.490263731,5.7356,6.0659,6.4547,5.360957562
5.6689,6.0025,6.3224,5.627340893,4.9332,5.2806,5.490263731,5.7356,6.0659,6.4547,5.360957562,4.9674
6.0025,6.3224,5.627340893,4.9332,5.2806,5.490263731,5.7356,6.0659,6.4547,5.360957562,4.9674,5.3155
6.3224,5.627340893,4.9332,5.2806,5.490263731,5.7356,6.0659,6.4547,5.360957562,4.9674,5.3155,5.673471366
5.627340893,4.9332,5.2806,5.490263731,5.7356,6.0659,6.4547,5.360957562,4.9674,5.3155,5.673471366,5.791
4.9332,5.2806,5.490263731,5.7356,6.0659,6.4547,5.360957562,4.9674,5.3155,5.673471366,5.791,6.1567
5.2806,5.490263731,5.7356,6.0659,6.4547,5.360957562,4.9674,5.3155,5.673471366,5.791,6.1567,6.5115
5.490263731,5.7356,6.0659,6.4547,5.360957562,4.9674,5.3155,5.673471366,5.791,6.1567,6.5115,5.496837397
5.7356,6.0659,6.4547,5.360957562,4.9674,5.3155,5.673471366,5.791,6.1567,6.5115,5.496837397,5.0608
6.0659,6.4547,5.360957562,4.9674,5.3155,5.673471366,5.791,6.1567,6.5115,5.496837397,5.0608,5.3803
6.4547,5.360957562,4.9674,5.3155,5.673471366,5.791,6.1567,6.5115,5.496837397,5.0608,5.3803,6.142279673
5.360957562,4.9674,5.3155,5.673471366,5.791,6.1567,6.5115,5.496837397,5.0608,5.3803,6.142279673,5.8454
4.9674,5.3155,5.673471366,5.791,6.1567,6.5115,5.496837397,5.0608,5.3803,6.142279673,5.8454,6.2327
5.3155,5.673471366,5.791,6.1567,6.5115,5.496837397,5.0608,5.3803,6.142279673,5.8454,6.2327,6.6093
5.673471366,5.791,6.1567,6.5115,5.496837397,5.0608,5.3803,6.142279673,5.8454,6.2327,6.6093,6.542347554
5.791,6.1567,6.5115,5.496837397,5.0608,5.3803,6.142279673,5.8454,6.2327,6.6093,6.542347554,5.205
6.1567,6.5115,5.496837397,5.0608,5.3803,6.142279673,5.8454,6.2327,6.6093,6.542347554,5.205,5.416
6.5115,5.496837397,5.0608,5.3803,6.142279673,5.8454,6.2327,6.6093,6.542347554,5.205,5.416,6.187730433
5.496837397,5.0608,5.3803,6.142279673,5.8454,6.2327,6.6093,6.542347554,5.205,5.416,6.187730433,5.9063
5.0608,5.3803,6.142279673,5.8454,6.2327,6.6093,6.542347554,5.205,5.416,6.187730433,5.9063,6.319
5.3803,6.142279673,5.8454,6.2327,6.6093,6.542347554,5.205,5.416,6.187730433,5.9063,6.319,6.902
6.142279673,5.8454,6.2327,6.6093,6.542347554,5.205,5.416,6.187730433,5.9063,6.319,6.902,5.876594825
5.8454,6.2327,6.6093,6.542347554,5.205,5.416,6.187730433,5.9063,6.319,6.902,5.876594825,5.354
6.2327,6.6093,6.542347554,5.205,5.416,6.187730433,5.9063,6.319,6.902,5.876594825,5.354,5.4516
6.6093,6.542347554,5.205,5.416,6.187730433,5.9063,6.319,6.902,5.876594825,5.354,5.4516,5.439162804
6.542347554,5.205,5.416,6.187730433,5.9063,6.319,6.902,5.876594825,5.354,5.4516,5.439162804,5.918
5.205,5.416,6.187730433,5.9063,6.319,6.902,5.876594825,5.354,5.4516,5.439162804,5.918,6.3938
5.416,6.187730433,5.9063,6.319,6.902,5.876594825,5.354,5.4516,5.439162804,5.918,6.3938,6.9588
6.187730433,5.9063,6.319,6.902,5.876594825,5.354,5.4516,5.439162804,5.918,6.3938,6.9588,6.636126453
5.9063,6.319,6.902,5.876594825,5.354,5.4516,5.439162804,5.918,6.3938,6.9588,6.636126453,5.354
6.319,6.902,5.876594825,5.354,5.4516,5.439162804,5.918,6.3938,6.9588,6.636126453,5.354,5.4736
6.902,5.876594825,5.354,5.4516,5.439162804,5.918,6.3938,6.9588,6.636126453,5.354,5.4736,5.572634254
5.876594825,5.354,5.4516,5.439162804,5.918,6.3938,6.9588,6.636126453,5.354,5.4736,5.572634254,5.9641
5.354,5.4516,5.439162804,5.918,6.3938,6.9588,6.636126453,5.354,5.4736,5.572634254,5.9641,6.3868
5.4516,5.439162804,5.918,6.3938,6.9588,6.636126453,5.354,5.4736,5.572634254,5.9641,6.3868,6.9732
5.439162804,5.918,6.3938,6.9588,6.636126453,5.354,5.4736,5.572634254,5.9641,6.3868,6.9732,6.487439228
5.918,6.3938,6.9588,6.636126453,5.354,5.4736,5.572634254,5.9641,6.3868,6.9732,6.487439228,5.3229
6.3938,6.9588,6.636126453,5.354,5.4736,5.572634254,5.9641,6.3868,6.9732,6.487439228,5.3229,5.4578
6.9588,6.636126453,5.354,5.4736,5.572634254,5.9641,6.3868,6.9732,6.487439228,5.3229,5.4578,5.59680015
6.636126453,5.354,5.4736,5.572634254,5.9641,6.3868,6.9732,6.487439228,5.3229,5.4578,5.59680015,5.9722
5.354,5.4736,5.572634254,5.9641,6.3868,6.9732,6.487439228,5.3229,5.4578,5.59680015,5.9722,6.3715
5.4736,5.572634254,5.9641,6.3868,6.9732,6.487439228,5.3229,5.4578,5.59680015,5.9722,6.3715,6.8816
5.572634254,5.9641,6.3868,6.9732,6.487439228,5.3229,5.4578,5.59680015,5.9722,6.3715,6.8816,6.085244114
5.9641,6.3868,6.9732,6.487439228,5.3229,5.4578,5.59680015,5.9722,6.3715,6.8816,6.085244114,5.3343
6.3868,6.9732,6.487439228,5.3229,5.4578,5.59680015,5.9722,6.3715,6.8816,6.085244114,5.3343,5.3837
6.9732,6.487439228,5.3229,5.4578,5.59680015,5.9722,6.3715,6.8816,6.085244114,5.3343,5.3837,6.627579723
6.487439228,5.3229,5.4578,5.59680015,5.9722,6.3715,6.8816,6.085244114,5.3343,5.3837,6.627579723,5.968
5.3229,5.4578,5.59680015,5.9722,6.3715,6.8816,6.085244114,5.3343,5.3837,6.627579723,5.968,6.4156
5.4578,5.59680015,5.9722,6.3715,6.8816,6.085244114,5.3343,5.3837,6.627579723,5.968,6.4156,6.8431
5.59680015,5.9722,6.3715,6.8816,6.085244114,5.3343,5.3837,6.627579723,5.968,6.4156,6.8431,6.469673201
5.9722,6.3715,6.8816,6.085244114,5.3343,5.3837,6.627579723,5.968,6.4156,6.8431,6.469673201,5.3623
6.3715,6.8816,6.085244114,5.3343,5.3837,6.627579723,5.968,6.4156,6.8431,6.469673201,5.3623,5.3855
6.8816,6.085244114,5.3343,5.3837,6.627579723,5.968,6.4156,6.8431,6.469673201,5.3623,5.3855,5.760232695
6.085244114,5.3343,5.3837,6.627579723,5.968,6.4156,6.8431,6.469673201,5.3623,5.3855,5.760232695,5.9732
5.3343,5.3837,6.627579723,5.968,6.4156,6.8431,6.469673201,5.3623,5.3855,5.760232695,5.9732,6.4588
5.3837,6.627579723,5.968,6.4156,6.8431,6.469673201,5.3623,5.3855,5.760232695,5.9732,6.4588,6.8536
6.627579723,5.968,6.4156,6.8431,6.469673201,5.3623,5.3855,5.760232695,5.9732,6.4588,6.8536,5.569161126
5.968,6.4156,6.8431,6.469673201,5.3623,5.3855,5.760232695,5.9732,6.4588,6.8536,5.569161126,5.48
6.4156,6.8431,6.469673201,5.3623,5.3855,5.760232695,5.9732,6.4588,6.8536,5.569161126,5.48,5.3789
6.8431,6.469673201,5.3623,5.3855,5.760232695,5.9732,6.4588,6.8536,5.569161126,5.48,5.3789,5.559022076
6.469673201,5.3623,5.3855,5.760232695,5.9732,6.4588,6.8536,5.569161126,5.48,5.3789,5.559022076,6.0038
5.3623,5.3855,5.760232695,5.9732,6.4588,6.8536,5.569161126,5.48,5.3789,5.559022076,6.0038,6.4591
5.3855,5.760232695,5.9732,6.4588,6.8536,5.569161126,5.48,5.3789,5.559022076,6.0038,6.4591,6.7816
5.760232695,5.9732,6.4588,6.8536,5.569161126,5.48,5.3789,5.559022076,6.0038,6.4591,6.7816,5.681937775
5.9732,6.4588,6.8536,5.569161126,5.48,5.3789,5.559022076,6.0038,6.4591,6.7816,5.681937775,5.4956
6.4588,6.8536,5.569161126,5.48,5.3789,5.559022076,6.0038,6.4591,6.7816,5.681937775,5.4956,5.2815
6.8536,5.569161126,5.48,5.3789,5.559022076,6.0038,6.4591,6.7816,5.681937775,5.4956,5.2815,6.738973188
5.569161126,5.48,5.3789,5.559022076,6.0038,6.4591,6.7816,5.681937775,5.4956,5.2815,6.738973188,6.0362
5.48,5.3789,5.559022076,6.0038,6.4591,6.7816,5.681937775,5.4956,5.2815,6.738973188,6.0362,6.5793
5.3789,5.559022076,6.0038,6.4591,6.7816,5.681937775,5.4956,5.2815,6.738973188,6.0362,6.5793,6.8201
5.559022076,6.0038,6.4591,6.7816,5.681937775,5.4956,5.2815,6.738973188,6.0362,6.5793,6.8201,6.691734384
6.0038,6.4591,6.7816,5.681937775,5.4956,5.2815,6.738973188,6.0362,6.5793,6.8201,6.691734384,5.5697
6.4591,6.7816,5.681937775,5.4956,5.2815,6.738973188,6.0362,6.5793,6.8201,6.691734384,5.5697,5.3632
6.7816,5.681937775,5.4956,5.2815,6.738973188,6.0362,6.5793,6.8201,6.691734384,5.5697,5.3632,6.314210733
5.681937775,5.4956,5.2815,6.738973188,6.0362,6.5793,6.8201,6.691734384,5.5697,5.3632,6.314210733,6.0807
5.4956,5.2815,6.738973188,6.0362,6.5793,6.8201,6.691734384,5.5697,5.3632,6.314210733,6.0807,6.6293
5.2815,6.738973188,6.0362,6.5793,6.8201,6.691734384,5.5697,5.3632,6.314210733,6.0807,6.6293,6.7321
6.738973188,6.0362,6.5793,6.8201,6.691734384,5.5697,5.3632,6.314210733,6.0807,6.6293,6.7321,6.040718682
6.0362,6.5793,6.8201,6.691734384,5.5697,5.3632,6.314210733,6.0807,6.6293,6.7321,6.040718682,5.574
6.5793,6.8201,6.691734384,5.5697,5.3632,6.314210733,6.0807,6.6293,6.7321,6.040718682,5.574,5.3806
6.8201,6.691734384,5.5697,5.3632,6.314210733,6.0807,6.6293,6.7321,6.040718682,5.574,5.3806,6.122560793
6.691734384,5.5697,5.3632,6.314210733,6.0807,6.6293,6.7321,6.040718682,5.574,5.3806,6.122560793,6.136
5.5697,5.3632,6.314210733,6.0807,6.6293,6.7321,6.040718682,5.574,5.3806,6.122560793,6.136,6.6962
5.3632,6.314210733,6.0807,6.6293,6.7321,6.040718682,5.574,5.3806,6.122560793,6.136,6.6962,6.8047
6.314210733,6.0807,6.6293,6.7321,6.040718682,5.574,5.3806,6.122560793,6.136,6.6962,6.8047,6.279991791
6.0807,6.6293,6.7321,6.040718682,5.574,5.3806,6.122560793,6.136,6.6962,6.8047,6.279991791,5.6336
6.6293,6.7321,6.040718682,5.574,5.3806,6.122560793,6.136,6.6962,6.8047,6.279991791,5.6336,5.4163
6.7321,6.040718682,5.574,5.3806,6.122560793,6.136,6.6962,6.8047,6.279991791,5.6336,5.4163,6.687509589
6.040718682,5.574,5.3806,6.122560793,6.136,6.6962,6.8047,6.279991791,5.6336,5.4163,6.687509589,6.1857
5.574,5.3806,6.122560793,6.136,6.6962,6.8047,6.279991791,5.6336,5.4163,6.687509589,6.1857,6.8177
5.3806,6.122560793,6.136,6.6962,6.8047,6.279991791,5.6336,5.4163,6.687509589,6.1857,6.8177,6.8934
6.122560793,6.136,6.6962,6.8047,6.279991791,5.6336,5.4163,6.687509589,6.1857,6.8177,6.8934,5.2562
6.136,6.6962,6.8047,6.279991791,5.6336,5.4163,6.687509589,6.1857,6.8177,6.8934,5.2562,5.6262
6.6962,6.8047,6.279991791,5.6336,5.4163,6.687509589,6.1857,6.8177,6.8934,5.2562,5.6262,5.4841
6.8047,6.279991791,5.6336,5.4163,6.687509589,6.1857,6.8177,6.8934,5.2562,5.6262,5.4841,6.4388
6.279991791,5.6336,5.4163,6.687509589,6.1857,6.8177,6.8934,5.2562,5.6262,5.4841,6.4388,6.0255
5.6336,5.4163,6.687509589,6.1857,6.8177,6.8934,5.2562,5.6262,5.4841,6.4388,6.0255,6.7355
5.4163,6.687509589,6.1857,6.8177,6.8934,5.2562,5.6262,5.4841,6.4388,6.0255,6.7355,6.8086
6.687509589,6.1857,6.8177,6.8934,5.2562,5.6262,5.4841,6.4388,6.0255,6.7355,6.8086,5.2605
6.1857,6.8177,6.8934,5.2562,5.6262,5.4841,6.4388,6.0255,6.7355,6.8086,5.2605,5.5463
6.8177,6.8934,5.2562,5.6262,5.4841,6.4388,6.0255,6.7355,6.8086,5.2605,5.5463,5.4515
6.8934,5.2562,5.6262,5.4841,6.4388,6.0255,6.7355,6.8086,5.2605,5.5463,5.4515,6.35
5.2562,5.6262,5.4841,6.4388,6.0255,6.7355,6.8086,5.2605,5.5463,5.4515,6.35,6.0266
5.6262,5.4841,6.4388,6.0255,6.7355,6.8086,5.2605,5.5463,5.4515,6.35,6.0266,6.6786
5.4841,6.4388,6.0255,6.7355,6.8086,5.2605,5.5463,5.4515,6.35,6.0266,6.6786,6.4985
6.4388,6.0255,6.7355,6.8086,5.2605,5.5463,5.4515,6.35,6.0266,6.6786,6.4985,5.2061
6.0255,6.7355,6.8086,5.2605,5.5463,5.4515,6.35,6.0266,6.6786,6.4985,5.2061,5.4554
6.7355,6.8086,5.2605,5.5463,5.4515,6.35,6.0266,6.6786,6.4985,5.2061,5.4554,5.4298
6.8086,5.2605,5.5463,5.4515,6.35,6.0266,6.6786,6.4985,5.2061,5.4554,5.4298,5.429
5.2605,5.5463,5.4515,6.35,6.0266,6.6786,6.4985,5.2061,5.4554,5.4298,5.429,5.9857
5.5463,5.4515,6.35,6.0266,6.6786,6.4985,5.2061,5.4554,5.4298,5.429,5.9857,6.6274
5.4515,6.35,6.0266,6.6786,6.4985,5.2061,5.4554,5.4298,5.429,5.9857,6.6274,6.3978
6.35,6.0266,6.6786,6.4985,5.2061,5.4554,5.4298,5.429,5.9857,6.6274,6.3978,5.2784
6.0266,6.6786,6.4985,5.2061,5.4554,5.4298,5.429,5.9857,6.6274,6.3978,5.2784,5.5349
6.6786,6.4985,5.2061,5.4554,5.4298,5.429,5.9857,6.6274,6.3978,5.2784,5.5349,5.4119
6.4985,5.2061,5.4554,5.4298,5.429,5.9857,6.6274,6.3978,5.2784,5.5349,5.4119,5.5098
5.2061,5.4554,5.4298,5.429,5.9857,6.6274,6.3978,5.2784,5.5349,5.4119,5.5098,5.9544
5.4554,5.4298,5.429,5.9857,6.6274,6.3978,5.2784,5.5349,5.4119,5.5098,5.9544,6.5092
5.4298,5.429,5.9857,6.6274,6.3978,5.2784,5.5349,5.4119,5.5098,5.9544,6.5092,6.2677
5.429,5.9857,6.6274,6.3978,5.2784,5.5349,5.4119,5.5098,5.9544,6.5092,6.2677,5.2376
5.9857,6.6274,6.3978,5.2784,5.5349,5.4119,5.5098,5.9544,6.5092,6.2677,5.2376,5.4306
6.6274,6.3978,5.2784,5.5349,5.4119,5.5098,5.9544,6.5092,6.2677,5.2376,5.4306,5.3108
6.3978,5.2784,5.5349,5.4119,5.5098,5.9544,6.5092,6.2677,5.2376,5.4306,5.3108,5.3967
5.2784,5.5349,5.4119,5.5098,5.9544,6.5092,6.2677,5.2376,5.4306,5.3108,5.3967,5.8532
5.5349,5.4119,5.5098,5.9544,6.5092,6.2677,5.2376,5.4306,5.3108,5.3967,5.8532,6.3449
5.4119,5.5098,5.9544,6.5092,6.2677,5.2376,5.4306,5.3108,5.3967,5.8532,6.3449,6.0389
5.5098,5.9544,6.5092,6.2677,5.2376,5.4306,5.3108,5.3967,5.8532,6.3449,6.0389,5.0606
5.9544,6.5092,6.2677,5.2376,5.4306,5.3108,5.3967,5.8532,6.3449,6.0389,5.0606,5.282
6.5092,6.2677,5.2376,5.4306,5.3108,5.3967,5.8532,6.3449,6.0389,5.0606,5.282,5.1369
6.2677,5.2376,5.4306,5.3108,5.3967,5.8532,6.3449,6.0389,5.0606,5.282,5.1369,5.2054
5.2376,5.4306,5.3108,5.3967,5.8532,6.3449,6.0389,5.0606,5.282,5.1369,5.2054,5.7008
5.4306,5.3108,5.3967,5.8532,6.3449,6.0389,5.0606,5.282,5.1369,5.2054,5.7008,6.1578
5.3108,5.3967,5.8532,6.3449,6.0389,5.0606,5.282,5.1369,5.2054,5.7008,6.1578,5.8124
5.3967,5.8532,6.3449,6.0389,5.0606,5.282,5.1369,5.2054,5.7008,6.1578,5.8124,4.9545
5.8532,6.3449,6.0389,5.0606,5.282,5.1369,5.2054,5.7008,6.1578,5.8124,4.9545,5.0711
6.3449,6.0389,5.0606,5.282,5.1369,5.2054,5.7008,6.1578,5.8124,4.9545,5.0711,4.9927
6.0389,5.0606,5.282,5.1369,5.2054,5.7008,6.1578,5.8124,4.9545,5.0711,4.9927,5.132
5.0606,5.282,5.1369,5.2054,5.7008,6.1578,5.8124,4.9545,5.0711,4.9927,5.132,5.5247
5.282,5.1369,5.2054,5.7008,6.1578,5.8124,4.9545,5.0711,4.9927,5.132,5.5247,5.9632
5.1369,5.2054,5.7008,6.1578,5.8124,4.9545,5.0711,4.9927,5.132,5.5247,5.9632,5.5766
5.2054,5.7008,6.1578,5.8124,4.9545,5.0711,4.9927,5.132,5.5247,5.9632,5.5766,4.7654
5.7008,6.1578,5.8124,4.9545,5.0711,4.9927,5.132,5.5247,5.9632,5.5766,4.7654,4.8685
6.1578,5.8124,4.9545,5.0711,4.9927,5.132,5.5247,5.9632,5.5766,4.7654,4.8685,4.8489
5.8124,4.9545,5.0711,4.9927,5.132,5.5247,5.9632,5.5766,4.7654,4.8685,4.8489,4.9089
4.9545,5.0711,4.9927,5.132,5.5247,5.9632,5.5766,4.7654,4.8685,4.8489,4.9089,5.3314
5.0711,4.9927,5.132,5.5247,5.9632,5.5766,4.7654,4.8685,4.8489,4.9089,5.3314,5.8239
4.9927,5.132,5.5247,5.9632,5.5766,4.7654,4.8685,4.8489,4.9089,5.3314,5.8239,5.3867
5.132,5.5247,5.9632,5.5766,4.7654,4.8685,4.8489,4.9089,5.3314,5.8239,5.3867,4.7376
5.5247,5.9632,5.5766,4.7654,4.8685,4.8489,4.9089,5.3314,5.8239,5.3867,4.7376,4.7069
5.9632,5.5766,4.7654,4.8685,4.8489,4.9089,5.3314,5.8239,5.3867,4.7376,4.7069,4.8109
5.5766,4.7654,4.8685,4.8489,4.9089,5.3314,5.8239,5.3867,4.7376,4.7069,4.8109,4.7631
4.7654,4.8685,4.8489,4.9089,5.3314,5.8239,5.3867,4.7376,4.7069,4.8109,4.7631,5.1996
4.8685,4.8489,4.9089,5.3314,5.8239,5.3867,4.7376,4.7069,4.8109,4.7631,5.1996,5.6395
4.8489,4.9089,5.3314,5.8239,5.3867,4.7376,4.7069,4.8109,4.7631,5.1996,5.6395,5.112
4.9089,5.3314,5.8239,5.3867,4.7376,4.7069,4.8109,4.7631,5.1996,5.6395,5.112,4.6009
5.3314,5.8239,5.3867,4.7376,4.7069,4.8109,4.7631,5.1996,5.6395,5.112,4.6009,4.4897
5.8239,5.3867,4.7376,4.7069,4.8109,4.7631,5.1996,5.6395,5.112,4.6009,4.4897,4.6503
5.3867,4.7376,4.7069,4.8109,4.7631,5.1996,5.6395,5.112,4.6009,4.4897,4.6503,4.515
4.7376,4.7069,4.8109,4.7631,5.1996,5.6395,5.112,4.6009,4.4897,4.6503,4.515,5.0413
4.7069,4.8109,4.7631,5.1996,5.6395,5.112,4.6009,4.4897,4.6503,4.515,5.0413,5.4365
4.8109,4.7631,5.1996,5.6395,5.112,4.6009,4.4897,4.6503,4.515,5.0413,5.4365,4.9455
4.7631,5.1996,5.6395,5.112,4.6009,4.4897,4.6503,4.515,5.0413,5.4365,4.9455,4.5008
5.1996,5.6395,5.112,4.6009,4.4897,4.6503,4.515,5.0413,5.4365,4.9455,4.5008,4.2727
5.6395,5.112,4.6009,4.4897,4.6503,4.515,5.0413,5.4365,4.9455,4.5008,4.2727,4.4992
5.112,4.6009,4.4897,4.6503,4.515,5.0413,5.4365,4.9455,4.5008,4.2727,4.4992,4.1594
4.6009,4.4897,4.6503,4.515,5.0413,5.4365,4.9455,4.5008,4.2727,4.4992,4.1594,4.9109
4.4897,4.6503,4.515,5.0413,5.4365,4.9455,4.5008,4.2727,4.4992,4.1594,4.9109,5.278
4.6503,4.515,5.0413,5.4365,4.9455,4.5008,4.2727,4.4992,4.1594,4.9109,5.278,4.7087
4.515,5.0413,5.4365,4.9455,4.5008,4.2727,4.4992,4.1594,4.9109,5.278,4.7087,4.4553
5.0413,5.4365,4.9455,4.5008,4.2727,4.4992,4.1594,4.9109,5.278,4.7087,4.4553,4.1156
5.4365,4.9455,4.5008,4.2727,4.4992,4.1594,4.9109,5.278,4.7087,4.4553,4.1156,4.4176
4.9455,4.5008,4.2727,4.4992,4.1594,4.9109,5.278,4.7087,4.4553,4.1156,4.4176,3.9114
4.5008,4.2727,4.4992,4.1594,4.9109,5.278,4.7087,4.4553,4.1156,4.4176,3.9114,4.7533
4.2727,4.4992,4.1594,4.9109,5.278,4.7087,4.4553,4.1156,4.4176,3.9114,4.7533,5.1263
4.4992,4.1594,4.9109,5.278,4.7087,4.4553,4.1156,4.4176,3.9114,4.7533,5.1263,4.4665
4.1594,4.9109,5.278,4.7087,4.4553,4.1156,4.4176,3.9114,4.7533,5.1263,4.4665,4.3308
4.9109,5.278,4.7087,4.4553,4.1156,4.4176,3.9114,4.7533,5.1263,4.4665,4.3308,3.9626
5.278,4.7087,4.4553,4.1156,4.4176,3.9114,4.7533,5.1263,4.4665,4.3308,3.9626,4.3119
4.7087,4.4553,4.1156,4.4176,3.9114,4.7533,5.1263,4.4665,4.3308,3.9626,4.3119,3.7436
4.4553,4.1156,4.4176,3.9114,4.7533,5.1263,4.4665,4.3308,3.9626,4.3119,3.7436,4.6187
4.1156,4.4176,3.9114,4.7533,5.1263,4.4665,4.3308,3.9626,4.3119,3.7436,4.6187,4.9516
4.4176,3.9114,4.7533,5.1263,4.4665,4.3308,3.9626,4.3119,3.7436,4.6187,4.9516,4.2316
3.9114,4.7533,5.1263,4.4665,4.3308,3.9626,4.3119,3.7436,4.6187,4.9516,4.2316,4.1168
4.7533,5.1263,4.4665,4.3308,3.9626,4.3119,3.7436,4.6187,4.9516,4.2316,4.1168,3.7989
5.1263,4.4665,4.3308,3.9626,4.3119,3.7436,4.6187,4.9516,4.2316,4.1168,3.7989,4.1845
4.4665,4.3308,3.9626,4.3119,3.7436,4.6187,4.9516,4.2316,4.1168,3.7989,4.1845,3.4392
4.3308,3.9626,4.3119,3.7436,4.6187,4.9516,4.2316,4.1168,3.7989,4.1845,3.4392,4.4577
3.9626,4.3119,3.7436,4.6187,4.9516,4.2316,4.1168,3.7989,4.1845,3.4392,4.4577,4.8074
4.3119,3.7436,4.6187,4.9516,4.2316,4.1168,3.7989,4.1845,3.4392,4.4577,4.8074,4.023
3.7436,4.6187,4.9516,4.2316,4.1168,3.7989,4.1845,3.4392,4.4577,4.8074,4.023,3.9665
4.6187,4.9516,4.2316,4.1168,3.7989,4.1845,3.4392,4.4577,4.8074,4.023,3.9665,3.6461
4.9516,4.2316,4.1168,3.7989,4.1845,3.4392,4.4577,4.8074,4.023,3.9665,3.6461,4.0793
4.2316,4.1168,3.7989,4.1845,3.4392,4.4577,4.8074,4.023,3.9665,3.6461,4.0793,3.217
4.1168,3.7989,4.1845,3.4392,4.4577,4.8074,4.023,3.9665,3.6461,4.0793,3.217,4.3594
3.7989,4.1845,3.4392,4.4577,4.8074,4.023,3.9665,3.6461,4.0793,3.217,4.3594,4.6546
4.1845,3.4392,4.4577,4.8074,4.023,3.9665,3.6461,4.0793,3.217,4.3594,4.6546,3.8117
3.4392,4.4577,4.8074,4.023,3.9665,3.6461,4.0793,3.217,4.3594,4.6546,3.8117,3.9028
4.4577,4.8074,4.023,3.9665,3.6461,4.0793,3.217,4.3594,4.6546,3.8117,3.9028,3.4203
4.8074,4.023,3.9665,3.6461,4.0793,3.217,4.3594,4.6546,3.8117,3.9028,3.4203,3.9461
4.023,3.9665,3.6461,4.0793,3.217,4.3594,4.6546,3.8117,3.9028,3.4203,3.9461,2.9538
3.9665,3.6461,4.0793,3.217,4.3594,4.6546,3.8117,3.9028,3.4203,3.9461,2.9538,4.1932
3.6461,4.0793,3.217,4.3594,4.6546,3.8117,3.9028,3.4203,3.9461,2.9538,4.1932,4.6138
4.0793,3.217,4.3594,4.6546,3.8117,3.9028,3.4203,3.9461,2.9538,4.1932,4.6138,3.7654
3.217,4.3594,4.6546,3.8117,3.9028,3.4203,3.9461,2.9538,4.1932,4.6138,3.7654,3.8483
4.3594,4.6546,3.8117,3.9028,3.4203,3.9461,2.9538,4.1932,4.6138,3.7654,3.8483,3.3849
4.6546,3.8117,3.9028,3.4203,3.9461,2.9538,4.1932,4.6138,3.7654,3.8483,3.3849,3.9269
3.8117,3.9028,3.4203,3.9461,2.9538,4.1932,4.6138,3.7654,3.8483,3.3849,3.9269,3.0114
3.9028,3.4203,3.9461,2.9538,4.1932,4.6138,3.7654,3.8483,3.3849,3.9269,3.0114,4.1636
3.4203,3.9461,2.9538,4.1932,4.6138,3.7654,3.8483,3.3849,3.9269,3.0114,4.1636,4.5769
3.9461,2.9538,4.1932,4.6138,3.7654,3.8483,3.3849,3.9269,3.0114,4.1636,4.5769,3.7477
2.9538,4.1932,4.6138,3.7654,3.8483,3.3849,3.9269,3.0114,4.1636,4.5769,3.7477,3.8301
4.1932,4.6138,3.7654,3.8483,3.3849,3.9269,3.0114,4.1636,4.5769,3.7477,3.8301,3.3163
4.6138,3.7654,3.8483,3.3849,3.9269,3.0114,4.1636,4.5769,3.7477,3.8301,3.3163,3.9212
3.7654,3.8483,3.3849,3.9269,3.0114,4.1636,4.5769,3.7477,3.8301,3.3163,3.9212,3.0607
3.8483,3.3849,3.9269,3.0114,4.1636,4.5769,3.7477,3.8301,3.3163,3.9212,3.0607,4.1339
3.3849,3.9269,3.0114,4.1636,4.5769,3.7477,3.8301,3.3163,3.9212,3.0607,4.1339,4.5085
3.9269,3.0114,4.1636,4.5769,3.7477,3.8301,3.3163,3.9212,3.0607,4.1339,4.5085,3.668
3.0114,4.1636,4.5769,3.7477,3.8301,3.3163,3.9212,3.0607,4.1339,4.5085,3.668,3.7846
4.1636,4.5769,3.7477,3.8301,3.3163,3.9212,3.0607,4.1339,4.5085,3.668,3.7846,3.3141
4.5769,3.7477,3.8301,3.3163,3.9212,3.0607,4.1339,4.5085,3.668,3.7846,3.3141,3.8677
3.7477,3.8301,3.3163,3.9212,3.0607,4.1339,4.5085,3.668,3.7846,3.3141,3.8677,3.0772
3.8301,3.3163,3.9212,3.0607,4.1339,4.5085,3.668,3.7846,3.3141,3.8677,3.0772,4.0965
3.3163,3.9212,3.0607,4.1339,4.5085,3.668,3.7846,3.3141,3.8677,3.0772,4.0965,4.4343
3.9212,3.0607,4.1339,4.5085,3.668,3.7846,3.3141,3.8677,3.0772,4.0965,4.4343,3.6267
3.0607,4.1339,4.5085,3.668,3.7846,3.3141,3.8677,3.0772,4.0965,4.4343,3.6267,3.7345
4.1339,4.5085,3.668,3.7846,3.3141,3.8677,3.0772,4.0965,4.4343,3.6267,3.7345,3.2609
4.5085,3.668,3.7846,3.3141,3.8677,3.0772,4.0965,4.4343,3.6267,3.7345,3.2609,3.839
3.668,3.7846,3.3141,3.8677,3.0772,4.0965,4.4343,3.6267,3.7345,3.2609,3.839,3.0854
3.7846,3.3141,3.8677,3.0772,4.0965,4.4343,3.6267,3.7345,3.2609,3.839,3.0854,4.0619
3.3141,3.8677,3.0772,4.0965,4.4343,3.6267,3.7345,3.2609,3.839,3.0854,4.0619,4.4493
3.8677,3.0772,4.0965,4.4343,3.6267,3.7345,3.2609,3.839,3.0854,4.0619,4.4493,3.6844
3.0772,4.0965,4.4343,3.6267,3.7345,3.2609,3.839,3.0854,4.0619,4.4493,3.6844,3.6799
4.0965,4.4343,3.6267,3.7345,3.2609,3.839,3.0854,4.0619,4.4493,3.6844,3.6799,3.3052
4.4343,3.6267,3.7345,3.2609,3.839,3.0854,4.0619,4.4493,3.6844,3.6799,3.3052,3.8626
3.6267,3.7345,3.2609,3.839,3.0854,4.0619,4.4493,3.6844,3.6799,3.3052,3.8626,3.0936
3.7345,3.2609,3.839,3.0854,4.0619,4.4493,3.6844,3.6799,3.3052,3.8626,3.0936,4.0891
3.2609,3.839,3.0854,4.0619,4.4493,3.6844,3.6799,3.3052,3.8626,3.0936,4.0891,4.4958
3.839,3.0854,4.0619,4.4493,3.6844,3.6799,3.3052,3.8626,3.0936,4.0891,4.4958,3.7463
3.0854,4.0619,4.4493,3.6844,3.6799,3.3052,3.8626,3.0936,4.0891,4.4958,3.7463,3.6527
4.0619,4.4493,3.6844,3.6799,3.3052,3.8626,3.0936,4.0891,4.4958,3.7463,3.6527,3.3783
4.4493,3.6844,3.6799,3.3052,3.8626,3.0936,4.0891,4.4958,3.7463,3.6527,3.3783,3.9563
3.6844,3.6799,3.3052,3.8626,3.0936,4.0891,4.4958,3.7463,3.6527,3.3783,3.9563,3.2006
3.6799,3.3052,3.8626,3.0936,4.0891,4.4958,3.7463,3.6527,3.3783,3.9563,3.2006,4.1751
3.3052,3.8626,3.0936,4.0891,4.4958,3.7463,3.6527,3.3783,3.9563,3.2006,4.1751,4.5168
3.8626,3.0936,4.0891,4.4958,3.7463,3.6527,3.3783,3.9563,3.2006,4.1751,4.5168,3.6986
3.0936,4.0891,4.4958,3.7463,3.6527,3.3783,3.9563,3.2006,4.1751,4.5168,3.6986,3.6481
4.0891,4.4958,3.7463,3.6527,3.3783,3.9563,3.2006,4.1751,4.5168,3.6986,3.6481,3.4292
4.4958,3.7463,3.6527,3.3783,3.9563,3.2006,4.1751,4.5168,3.6986,3.6481,3.4292,3.9703
3.7463,3.6527,3.3783,3.9563,3.2006,4.1751,4.5168,3.6986,3.6481,3.4292,3.9703,3.2829
3.6527,3.3783,3.9563,3.2006,4.1751,4.5168,3.6986,3.6481,3.4292,3.9703,3.2829,4.2092
3.3783,3.9563,3.2006,4.1751,4.5168,3.6986,3.6481,3.4292,3.9703,3.2829,4.2092,4.5782
3.9563,3.2006,4.1751,4.5168,3.6986,3.6481,3.4292,3.9703,3.2829,4.2092,4.5782,3.7413
3.2006,4.1751,4.5168,3.6986,3.6481,3.4292,3.9703,3.2829,4.2092,4.5782,3.7413,3.6709
4.1751,4.5168,3.6986,3.6481,3.4292,3.9703,3.2829,4.2092,4.5782,3.7413,3.6709,3.4868
4.5168,3.6986,3.6481,3.4292,3.9703,3.2829,4.2092,4.5782,3.7413,3.6709,3.4868,4.0226
3.6986,3.6481,3.4292,3.9703,3.2829,4.2092,4.5782,3.7413,3.6709,3.4868,4.0226,3.3076
3.6481,3.4292,3.9703,3.2829,4.2092,4.5782,3.7413,3.6709,3.4868,4.0226,3.3076,4.2903
3.4292,3.9703,3.2829,4.2092,4.5782,3.7413,3.6709,3.4868,4.0226,3.3076,4.2903,4.6022
3.9703,3.2829,4.2092,4.5782,3.7413,3.6709,3.4868,4.0226,3.3076,4.2903,4.6022,3.7214
3.2829,4.2092,4.5782,3.7413,3.6709,3.4868,4.0226,3.3076,4.2903,4.6022,3.7214,3.6527
4.2092,4.5782,3.7413,3.6709,3.4868,4.0226,3.3076,4.2903,4.6022,3.7214,3.6527,3.4934
4.5782,3.7413,3.6709,3.4868,4.0226,3.3076,4.2903,4.6022,3.7214,3.6527,3.4934,4.0391
3.7413,3.6709,3.4868,4.0226,3.3076,4.2903,4.6022,3.7214,3.6527,3.4934,4.0391,3.3651
3.6709,3.4868,4.0226,3.3076,4.2903,4.6022,3.7214,3.6527,3.4934,4.0391,3.3651,4.3528
3.4868,4.0226,3.3076,4.2903,4.6022,3.7214,3.6527,3.4934,4.0391,3.3651,4.3528,4.626
4.0226,3.3076,4.2903,4.6022,3.7214,3.6527,3.4934,4.0391,3.3651,4.3528,4.626,3.7484
3.3076,4.2903,4.6022,3.7214,3.6527,3.4934,4.0391,3.3651,4.3528,4.626,3.7484,3.6618
4.2903,4.6022,3.7214,3.6527,3.4934,4.0391,3.3651,4.3528,4.626,3.7484,3.6618,3.5133
4.6022,3.7214,3.6527,3.4934,4.0391,3.3651,4.3528,4.626,3.7484,3.6618,3.5133,4.0187
3.7214,3.6527,3.4934,4.0391,3.3651,4.3528,4.626,3.7484,3.6618,3.5133,4.0187,3.4721
3.6527,3.4934,4.0391,3.3651,4.3528,4.626,3.7484,3.6618,3.5133,4.0187,3.4721,4.3734
3.4934,4.0391,3.3651,4.3528,4.626,3.7484,3.6618,3.5133,4.0187,3.4721,4.3734,4.6737
4.0391,3.3651,4.3528,4.626,3.7484,3.6618,3.5133,4.0187,3.4721,4.3734,4.6737,3.806
3.3651,4.3528,4.626,3.7484,3.6618,3.5133,4.0187,3.4721,4.3734,4.6737,3.806,3.7118
4.3528,4.626,3.7484,3.6618,3.5133,4.0187,3.4721,4.3734,4.6737,3.806,3.7118,3.5222
4.626,3.7484,3.6618,3.5133,4.0187,3.4721,4.3734,4.6737,3.806,3.7118,3.5222,4.0136
3.7484,3.6618,3.5133,4.0187,3.4721,4.3734,4.6737,3.806,3.7118,3.5222,4.0136,3.4227
3.6618,3.5133,4.0187,3.4721,4.3734,4.6737,3.806,3.7118,3.5222,4.0136,3.4227,4.4421
3.5133,4.0187,3.4721,4.3734,4.6737,3.806,3.7118,3.5222,4.0136,3.4227,4.4421,4.719
4.0187,3.4721,4.3734,4.6737,3.806,3.7118,3.5222,4.0136,3.4227,4.4421,4.719,3.8252
3.4721,4.3734,4.6737,3.806,3.7118,3.5222,4.0136,3.4227,4.4421,4.719,3.8252,3.6436
4.3734,4.6737,3.806,3.7118,3.5222,4.0136,3.4227,4.4421,4.719,3.8252,3.6436,3.5709
4.6737,3.806,3.7118,3.5222,4.0136,3.4227,4.4421,4.719,3.8252,3.6436,3.5709,4.0742
3.806,3.7118,3.5222,4.0136,3.4227,4.4421,4.719,3.8252,3.6436,3.5709,4.0742,3.4721
3.7118,3.5222,4.0136,3.4227,4.4421,4.719,3.8252,3.6436,3.5709,4.0742,3.4721,4.5018
3.5222,4.0136,3.4227,4.4421,4.719,3.8252,3.6436,3.5709,4.0742,3.4721,4.5018,4.7519
4.0136,3.4227,4.4421,4.719,3.8252,3.6436,3.5709,4.0742,3.4721,4.5018,4.7519,3.848
3.4227,4.4421,4.719,3.8252,3.6436,3.5709,4.0742,3.4721,4.5018,4.7519,3.848,3.6936
4.4421,4.719,3.8252,3.6436,3.5709,4.0742,3.4721,4.5018,4.7519,3.848,3.6936,3.6041
4.719,3.8252,3.6436,3.5709,4.0742,3.4721,4.5018,4.7519,3.848,3.6936,3.6041,4.1188
3.8252,3.6436,3.5709,4.0742,3.4721,4.5018,4.7519,3.848,3.6936,3.6041,4.1188,3.3734
3.6436,3.5709,4.0742,3.4721,4.5018,4.7519,3.848,3.6936,3.6041,4.1188,3.3734,4.5914
3.5709,4.0742,3.4721,4.5018,4.7519,3.848,3.6936,3.6041,4.1188,3.3734,4.5914,4.7976
4.0742,3.4721,4.5018,4.7519,3.848,3.6936,3.6041,4.1188,3.3734,4.5914,4.7976,3.9099
3.4721,4.5018,4.7519,3.848,3.6936,3.6041,4.1188,3.3734,4.5914,4.7976,3.9099,3.7072
4.5018,4.7519,3.848,3.6936,3.6041,4.1188,3.3734,4.5914,4.7976,3.9099,3.7072,3.6616
4.7519,3.848,3.6936,3.6041,4.1188,3.3734,4.5914,4.7976,3.9099,3.7072,3.6616,4.1851
3.848,3.6936,3.6041,4.1188,3.3734,4.5914,4.7976,3.9099,3.7072,3.6616,4.1851,3.2746
3.6936,3.6041,4.1188,3.3734,4.5914,4.7976,3.9099,3.7072,3.6616,4.1851,3.2746,4.6778
3.6041,4.1188,3.3734,4.5914,4.7976,3.9099,3.7072,3.6616,4.1851,3.2746,4.6778,4.848
4.1188,3.3734,4.5914,4.7976,3.9099,3.7072,3.6616,4.1851,3.2746,4.6778,4.848,4.0593
3.3734,4.5914,4.7976,3.9099,3.7072,3.6616,4.1851,3.2746,4.6778,4.848,4.0593,3.7664
4.5914,4.7976,3.9099,3.7072,3.6616,4.1851,3.2746,4.6778,4.848,4.0593,3.7664,3.7502
4.7976,3.9099,3.7072,3.6616,4.1851,3.2746,4.6778,4.848,4.0593,3.7664,3.7502,4.2329
3.9099,3.7072,3.6616,4.1851,3.2746,4.6778,4.848,4.0593,3.7664,3.7502,4.2329,3.3405
3.7072,3.6616,4.1851,3.2746,4.6778,4.848,4.0593,3.7664,3.7502,4.2329,3.3405,4.7383
3.6616,4.1851,3.2746,4.6778,4.848,4.0593,3.7664,3.7502,4.2329,3.3405,4.7383,4.897
4.1851,3.2746,4.6778,4.848,4.0593,3.7664,3.7502,4.2329,3.3405,4.7383,4.897,4.1013
3.2746,4.6778,4.848,4.0593,3.7664,3.7502,4.2329,3.3405,4.7383,4.897,4.1013,3.8437
4.6778,4.848,4.0593,3.7664,3.7502,4.2329,3.3405,4.7383,4.897,4.1013,3.8437,3.8078
4.848,4.0593,3.7664,3.7502,4.2329,3.3405,4.7383,4.897,4.1013,3.8437,3.8078,4.2916
4.0593,3.7664,3.7502,4.2329,3.3405,4.7383,4.897,4.1013,3.8437,3.8078,4.2916,3.3816
3.7664,3.7502,4.2329,3.3405,4.7383,4.897,4.1013,3.8437,3.8078,4.2916,3.3816,4.7807
3.7502,4.2329,3.3405,4.7383,4.897,4.1013,3.8437,3.8078,4.2916,3.3816,4.7807,4.8926
4.2329,3.3405,4.7383,4.897,4.1013,3.8437,3.8078,4.2916,3.3816,4.7807,4.8926,4.1013
3.3405,4.7383,4.897,4.1013,3.8437,3.8078,4.2916,3.3816,4.7807,4.8926,4.1013,3.8801
4.7383,4.897,4.1013,3.8437,3.8078,4.2916,3.3816,4.7807,4.8926,4.1013,3.8801,3.8078
4.897,4.1013,3.8437,3.8078,4.2916,3.3816,4.7807,4.8926,4.1013,3.8801,3.8078,4.2929
4.1013,3.8437,3.8078,4.2916,3.3816,4.7807,4.8926,4.1013,3.8801,3.8078,4.2929,3.3898
3.8437,3.8078,4.2916,3.3816,4.7807,4.8926,4.1013,3.8801,3.8078,4.2929,3.3898,4.8465
3.8078,4.2916,3.3816,4.7807,4.8926,4.1013,3.8801,3.8078,4.2929,3.3898,4.8465,4.7535
4.2916,3.3816,4.7807,4.8926,4.1013,3.8801,3.8078,4.2929,3.3898,4.8465,4.7535,4.0472
3.3816,4.7807,4.8926,4.1013,3.8801,3.8078,4.2929,3.3898,4.8465,4.7535,4.0472,3.7937
4.7807,4.8926,4.1013,3.8801,3.8078,4.2929,3.3898,4.8465,4.7535,4.0472,3.7937,3.7768
4.8926,4.1013,3.8801,3.8078,4.2929,3.3898,4.8465,4.7535,4.0472,3.7937,3.7768,4.2183
4.1013,3.8801,3.8078,4.2929,3.3898,4.8465,4.7535,4.0472,3.7937,3.7768,4.2183,3.2253
